{"type": "FeatureCollection", "attribution": "© OpenStreetMap contributors (ODbL)", "source": "OpenStreetMap via Overpass API", "features": [{"type": "Feature", "properties": {"waterbody": "Akerselva", "name": "Akerselva", "city": "Oslo", "country": "Norway", "osm_id": 35163441}, "geometry": {"type": "LineString", "coordinates": [[10.7650621, 59.9497575], [10.7650379, 59.9495732], [10.765097, 59.949274]]}}, {"type": "Feature", "properties": {"waterbody": "Akerselva", "name": "Akerselva", "city": "Oslo", "country": "Norway", "osm_id": 64495125}, "geometry": {"type": "LineString", "coordinates": [[10.7576447, 59.9125972], [10.7572414, 59.9109131], [10.757128, 59.9106891], [10.7561737, 59.9088046]]}}, {"type": "Feature", "properties": {"waterbody": "Akerselva", "name": "Akerselva", "city": "Oslo", "country": "Norway", "osm_id": 66098212}, "geometry": {"type": "LineString", "coordinates": [[10.7664045, 59.9567317], [10.7664258, 59.9566783], [10.7664393, 59.9566046], [10.7664567, 59.9564807], [10.7664916, 59.9563793], [10.7665224, 59.9562813], [10.7665157, 59.9562128], [10.7664949, 59.9561504], [10.7664534, 59.9560812], [10.7663823, 59.9560007], [10.7662857, 59.9559268], [10.7661939, 59.9558694], [10.7660135, 59.9557905], [10.7658375, 59.9557174], [10.7657687, 59.9556888], [10.7655746, 59.9555969], [10.765402, 59.9554951]]}}, {"type": "Feature", "properties": {"waterbody": "Akerselva", "name": "Akerselva", "city": "Oslo", "country": "Norway", "osm_id": 66363287}, "geometry": {"type": "LineString", "coordinates": [[10.7634167, 59.9536036], [10.7634497, 59.9535784], [10.7636127, 59.9532092], [10.763691, 59.9528897], [10.763652, 59.9527882], [10.7633312, 59.9525605], [10.7632495, 59.9524358], [10.7631509, 59.9522209], [10.763116, 59.952139], [10.7630966, 59.9520839], [10.7630946, 59.9520261], [10.763116, 59.9519513], [10.7631336, 59.9519163], [10.763214, 59.9518697], [10.7632392, 59.9518563], [10.7636887, 59.9516447], [10.7642285, 59.9514144], [10.7646456, 59.9512223], [10.7648132, 59.9511552], [10.7649071, 59.9511055], [10.7649749, 59.9510537]]}}, {"type": "Feature", "properties": {"waterbody": "Akerselva", "name": "Akerselva", "city": "Oslo", "country": "Norway", "osm_id": 80915045}, "geometry": {"type": "LineString", "coordinates": [[10.7652442, 59.947746], [10.7652535, 59.9471172], [10.7651511, 59.9467477], [10.7649365, 59.9464163], [10.7648783, 59.9462469], [10.7649193, 59.9460775], [10.7650098, 59.9457828], [10.765068, 59.9456371], [10.7650404, 59.9455543], [10.765027, 59.9455141], [10.7649365, 59.9454062], [10.764915, 59.9452756], [10.7650723, 59.9451018], [10.7653093, 59.9449108], [10.7654777, 59.9446368], [10.7656109, 59.9444195], [10.7657241, 59.9443211], [10.7658586, 59.944124], [10.7659752, 59.9439394], [10.7660808, 59.9438444], [10.7661692, 59.9437991], [10.7664062, 59.9437095], [10.7666648, 59.9436285], [10.7666894, 59.9436043], [10.7667877, 59.9435077], [10.7668717, 59.9433781], [10.7669256, 59.9432432], [10.7669407, 59.9431321], [10.7668889, 59.9428514], [10.7668006, 59.9426161], [10.7667402, 59.9424056], [10.7666066, 59.9422427], [10.7663656, 59.9420721], [10.7660269, 59.9418584], [10.765872, 59.9417758], [10.7657775, 59.9417076], [10.7657399, 59.9416609], [10.7657252, 59.9416159], [10.7657285, 59.9415591], [10.7657587, 59.9415027], [10.765811, 59.941457], [10.7659558, 59.9413858], [10.7662101, 59.9412798], [10.7664493, 59.9411762], [10.7667252, 59.9410456], [10.7668243, 59.9409884], [10.7669601, 59.9409668], [10.7670829, 59.9409668], [10.7674385, 59.9410532], [10.7676453, 59.9411007], [10.767807, 59.9411212], [10.7679427, 59.9411158], [10.7686474, 59.9410953], [10.7687487, 59.9410839], [10.7688499, 59.9410587], [10.768978, 59.9410147], [10.7692691, 59.940857], [10.7693368, 59.9408256], [10.7694172, 59.9407883], [10.7694514, 59.9407591], [10.7694568, 59.9407272], [10.7694333, 59.9406885], [10.7693837, 59.9406576], [10.7687299, 59.9404229], [10.7684764, 59.940314], [10.7683785, 59.9402512], [10.7683289, 59.9401941], [10.7682572, 59.940097], [10.7681572, 59.9400178], [10.7679547, 59.9398979], [10.7676724, 59.9397649], [10.7674216, 59.9396856], [10.7671829, 59.9395758], [10.7669194, 59.9394733], [10.7667122, 59.9394118], [10.7666177, 59.9393803], [10.766499, 59.9393319], [10.7663622, 59.9392718], [10.7661845, 59.9392066], [10.7660363, 59.9391727], [10.7658881, 59.9391488], [10.7657252, 59.9391411], [10.7655783, 59.9391247], [10.7654558, 59.9390997], [10.7649668, 59.938955], [10.7643007, 59.9387464], [10.763641, 59.9385388], [10.7632605, 59.9384048], [10.7630831, 59.9382991], [10.7629892, 59.9381466], [10.762964, 59.9379021], [10.7633708, 59.9375268], [10.763434, 59.9374769], [10.7634848, 59.9374367], [10.7635425, 59.9373665], [10.7635955, 59.9372654], [10.7636263, 59.9372231], [10.7636733, 59.9371828], [10.7637282, 59.9371398], [10.7637531, 59.9371116], [10.7637624, 59.9370733], [10.7637591, 59.9370283], [10.7637457, 59.9369839], [10.7637182, 59.9369359], [10.763678, 59.9368838], [10.7635995, 59.9368449], [10.7634962, 59.9368183], [10.7633373, 59.9367978], [10.7628753, 59.9367622], [10.7625608, 59.9367384], [10.7622691, 59.9367071], [10.7619365, 59.9366638], [10.7616019, 59.9366373], [10.7609756, 59.9366141], [10.7607543, 59.9365976], [10.7605686, 59.9365694], [10.7603406, 59.9365069], [10.759845, 59.9362896], [10.7594886, 59.9361739], [10.7588195, 59.9358899], [10.7584138, 59.9357965], [10.7579599, 59.9357318], [10.7576056, 59.9356959], [10.7572993, 59.935636], [10.7571805, 59.9355483], [10.757083, 59.9354255], [10.7570212, 59.9352468], [10.7569971, 59.9347506], [10.7569047, 59.9342915], [10.7568819, 59.9340157], [10.7568732, 59.933849], [10.7568819, 59.9337842], [10.7569074, 59.9337325], [10.7569557, 59.933679], [10.7570683, 59.9335941], [10.7571776, 59.933501], [10.757246, 59.9334365], [10.7572869, 59.9333905], [10.7574827, 59.9330743], [10.7575518, 59.9329816], [10.7576832, 59.9328264], [10.7577449, 59.932735], [10.7578133, 59.9326208], [10.7578193, 59.9325647], [10.7578039, 59.9325032], [10.7577651, 59.9324236], [10.7577362, 59.932383], [10.7576772, 59.932347], [10.7575895, 59.9323009], [10.7575065, 59.9322384], [10.7574586, 59.9321612], [10.757421, 59.9320809], [10.7574029, 59.9320162], [10.7574023, 59.9319584], [10.7574297, 59.9318991], [10.7574458, 59.9318548], [10.7574465, 59.9318225], [10.7574432, 59.9317889], [10.7574485, 59.93175], [10.757478, 59.9317117], [10.7575226, 59.931671], [10.7576656, 59.9315921], [10.7577652, 59.9315384], [10.7578386, 59.9314841], [10.7578643, 59.9314476], [10.7578669, 59.9314154], [10.7578543, 59.9313823], [10.7578066, 59.9313441], [10.7575665, 59.9312242], [10.7573811, 59.9310949], [10.7573138, 59.931021], [10.7572553, 59.9309151], [10.7572065, 59.9308698], [10.7571635, 59.9308116], [10.7571549, 59.930795], [10.7571279, 59.9307431], [10.7571013, 59.9306868], [10.7570952, 59.9306268], [10.7571015, 59.9304977], [10.7571153, 59.9304645], [10.7571575, 59.930396], [10.7571857, 59.9303261], [10.7571897, 59.9302858], [10.7571723, 59.9302381], [10.7571042, 59.9301781], [10.7563401, 59.929618], [10.7556857, 59.9291523], [10.7555467, 59.9289948], [10.7554197, 59.928826], [10.7552724, 59.9286064], [10.7551824, 59.9284329], [10.7551034, 59.9282217], [10.755005, 59.9278224], [10.7549565, 59.9276521], [10.7548886, 59.927491], [10.754828, 59.9273942], [10.7547623, 59.927323], [10.7547033, 59.92728], [10.7546094, 59.9272282], [10.7544847, 59.9271815], [10.7542668, 59.9271217], [10.7538819, 59.92703], [10.7534614, 59.9269218], [10.7531688, 59.9268222], [10.7528437, 59.926694], [10.7526145, 59.9265815], [10.7525265, 59.9265067], [10.7525061, 59.9264461], [10.7525218, 59.92638], [10.7525831, 59.9263013], [10.7527159, 59.9262012], [10.7530274, 59.9260672], [10.7531315, 59.9260044], [10.7531945, 59.9259446], [10.7532294, 59.9258851], [10.7532582, 59.9257954], [10.7532824, 59.925702], [10.7532918, 59.9256321], [10.7532844, 59.9255626], [10.7532428, 59.9254517], [10.7532026, 59.9252759], [10.7531784, 59.9251983], [10.7531489, 59.9251533], [10.753096, 59.9250988], [10.7530088, 59.9250541], [10.7529471, 59.9250195], [10.7527111, 59.9247423], [10.7526059, 59.9246494], [10.7525588, 59.9245447], [10.7525663, 59.9244399], [10.7526363, 59.9243117], [10.7527537, 59.9242026], [10.7528301, 59.9241514], [10.7528915, 59.9241188], [10.7529686, 59.9240924], [10.7530785, 59.924067], [10.7532525, 59.9240442], [10.7534856, 59.9240178], [10.7535935, 59.9239966], [10.753668, 59.9239706], [10.7537156, 59.9239358], [10.7537451, 59.9238908], [10.7537645, 59.9238471], [10.7537618, 59.9238074], [10.7537122, 59.923757], [10.7536961, 59.9237214], [10.7536903, 59.9236786], [10.7537062, 59.9236209], [10.7537082, 59.9235231], [10.753693, 59.923438], [10.7536425, 59.9233739], [10.7535902, 59.923337], [10.7534319, 59.9232889], [10.7533615, 59.9232348], [10.7533176, 59.9230165], [10.7532978, 59.9229243], [10.7532522, 59.9228436], [10.7531543, 59.9227401], [10.7530068, 59.922683], [10.7527962, 59.9225472], [10.7527158, 59.9225079], [10.7526353, 59.9224543], [10.7525917, 59.9224096], [10.7525552, 59.9223565], [10.7525485, 59.9223251], [10.7525622, 59.9222965], [10.7525884, 59.9222777], [10.7526484, 59.9222431], [10.7526983, 59.9222147], [10.7527278, 59.9221744], [10.7527292, 59.922147], [10.7527188, 59.9221223], [10.752701, 59.9221029], [10.7526782, 59.9220745], [10.7526601, 59.9220347], [10.7526008, 59.9219238], [10.7525652, 59.9218613], [10.7525602, 59.9218217], [10.752579, 59.9217622], [10.7526306, 59.9216855], [10.7527245, 59.9216224], [10.7530235, 59.9214557], [10.7531597, 59.9213962], [10.7532763, 59.9213606], [10.7533984, 59.9213401], [10.753562, 59.9213226], [10.7536814, 59.9213061], [10.7537994, 59.9212816], [10.7538872, 59.9212463], [10.7539456, 59.9212077], [10.7539885, 59.9211576], [10.7540596, 59.9210383], [10.7540924, 59.9209657], [10.7541139, 59.9208793], [10.7541052, 59.9207815], [10.7540703, 59.9206884], [10.7540026, 59.9205768], [10.7538785, 59.9204306], [10.7537806, 59.9203389], [10.753672, 59.9202693], [10.7533474, 59.9201026], [10.7531912, 59.9200028], [10.752994, 59.9198374], [10.7529397, 59.9197827], [10.7529136, 59.9197323], [10.7529109, 59.9196765], [10.752927, 59.9196247], [10.7529632, 59.9195844], [10.7530155, 59.9195521], [10.7531087, 59.9195175], [10.7532354, 59.9194883], [10.7534614, 59.919453], [10.7537236, 59.9194304], [10.7539731, 59.919418], [10.7542198, 59.9194177], [10.7548032, 59.9194328], [10.7550567, 59.9194325], [10.7552484, 59.9194254], [10.7554261, 59.9194096], [10.7556032, 59.91938], [10.7557641, 59.9193357], [10.7558902, 59.9192745], [10.7559746, 59.9192073], [10.7560229, 59.9191475], [10.7560551, 59.9190567], [10.7560793, 59.9189041], [10.7561208, 59.9185579], [10.7561651, 59.9184121], [10.7562308, 59.9183274], [10.7563287, 59.9182413], [10.7564387, 59.9181707], [10.75655, 59.9181412], [10.7567096, 59.918125], [10.7568383, 59.9181244], [10.7570623, 59.9181371], [10.7575665, 59.9181828], [10.7577523, 59.9181916], [10.7579213, 59.9181896], [10.7580674, 59.9181761], [10.7582103, 59.9181462], [10.7583571, 59.9180995], [10.7585093, 59.9180383], [10.7587159, 59.9179429], [10.7589807, 59.9178373], [10.7593234, 59.9177214], [10.7596647, 59.9176484], [10.7598605, 59.9176263], [10.7601723, 59.9176074], [10.760464, 59.9175839], [10.7606457, 59.9175547], [10.7608073, 59.9175137], [10.7609729, 59.9174592], [10.7612666, 59.9173399], [10.7614195, 59.9172646], [10.7615704, 59.9171722], [10.7616408, 59.9171113], [10.7617246, 59.9170266], [10.7617521, 59.9169823], [10.7617682, 59.9169221], [10.7617696, 59.9168552], [10.7617501, 59.9167934], [10.7617132, 59.9167396], [10.7616569, 59.9166767], [10.7615872, 59.9166159], [10.7614055, 59.9165167], [10.761093, 59.9163675], [10.7608864, 59.9162488], [10.7607792, 59.9161816], [10.7606598, 59.9160872], [10.7605632, 59.9159937], [10.7603011, 59.9156603], [10.7600469, 59.915352], [10.7597177, 59.9150186], [10.7595064, 59.9148519], [10.7591444, 59.9146142], [10.7589573, 59.9144677], [10.7588131, 59.9143315], [10.758618, 59.9141272], [10.7584651, 59.9139382], [10.7581781, 59.9135419], [10.7580551, 59.9133582]]}}, {"type": "Feature", "properties": {"waterbody": "Akerselva", "name": "Akerselva", "city": "Oslo", "country": "Norway", "osm_id": 80915069}, "geometry": {"type": "LineString", "coordinates": [[10.7652282, 59.9480436], [10.765243, 59.9479887], [10.7652484, 59.9478873], [10.7652442, 59.947746]]}}, {"type": "Feature", "properties": {"waterbody": "Akerselva", "name": "Akerselva", "city": "Oslo", "country": "Norway", "osm_id": 116542034}, "geometry": {"type": "LineString", "coordinates": [[10.7652698, 59.9553299], [10.7651681, 59.9551387], [10.7648917, 59.9547011], [10.7648119, 59.9546386], [10.7646798, 59.9545748], [10.76438, 59.9544764], [10.7639797, 59.9543777], [10.763751, 59.9543082], [10.7635345, 59.9542176], [10.7634111, 59.9541491], [10.7632823, 59.9540668], [10.7632126, 59.9540067], [10.7631639, 59.9539459]]}}, {"type": "Feature", "properties": {"waterbody": "Akerselva", "name": "Akerselva", "city": "Oslo", "country": "Norway", "osm_id": 132814790}, "geometry": {"type": "LineString", "coordinates": [[10.7532428, 59.9254517], [10.7530893, 59.9253341], [10.7530035, 59.9252623], [10.7529156, 59.925167], [10.7529055, 59.9251277], [10.7529096, 59.9251062], [10.7529297, 59.9250874], [10.7529458, 59.9250777], [10.7529511, 59.9250639], [10.7529545, 59.9250457], [10.7529471, 59.9250195]]}}, {"type": "Feature", "properties": {"waterbody": "Akerselva", "name": "Akerselva", "city": "Oslo", "country": "Norway", "osm_id": 246047712}, "geometry": {"type": "LineString", "coordinates": [[10.7561572, 59.9087783], [10.7562155, 59.9087591], [10.7562643, 59.908743], [10.756257, 59.9086835], [10.756216, 59.9085984], [10.7561599, 59.908498], [10.755856, 59.9081232], [10.7557795, 59.9079971], [10.7557225, 59.9079032], [10.7554479, 59.9075303]]}}, {"type": "Feature", "properties": {"waterbody": "Akerselva", "name": "Akerselva", "city": "Oslo", "country": "Norway", "osm_id": 1180777902}, "geometry": {"type": "LineString", "coordinates": [[10.7631639, 59.9539459], [10.7631575, 59.9538812], [10.7632643, 59.9537201], [10.7634167, 59.9536036]]}}, {"type": "Feature", "properties": {"waterbody": "Akerselva", "name": "Akerselva", "city": "Oslo", "country": "Norway", "osm_id": 1409296354}, "geometry": {"type": "LineString", "coordinates": [[10.7651451, 59.9482182], [10.7651714, 59.9481301], [10.7652282, 59.9480436]]}}, {"type": "Feature", "properties": {"waterbody": "Akerselva", "name": "Akerselva", "city": "Oslo", "country": "Norway", "osm_id": 1409296355}, "geometry": {"type": "LineString", "coordinates": [[10.7651288, 59.9488171], [10.7651174, 59.9486746], [10.7651451, 59.9482182]]}}, {"type": "Feature", "properties": {"waterbody": "Akerselva", "name": "Akerselva", "city": "Oslo", "country": "Norway", "osm_id": 1409296356}, "geometry": {"type": "LineString", "coordinates": [[10.765097, 59.949274], [10.7650986, 59.9492458], [10.7651288, 59.9488171]]}}, {"type": "Feature", "properties": {"waterbody": "Akerselva", "name": "Akerselva", "city": "Oslo", "country": "Norway", "osm_id": 1409296357}, "geometry": {"type": "LineString", "coordinates": [[10.7651239, 59.9501735], [10.7650975, 59.9500271], [10.7650621, 59.9497575]]}}, {"type": "Feature", "properties": {"waterbody": "Akerselva", "name": "Akerselva", "city": "Oslo", "country": "Norway", "osm_id": 1454917517}, "geometry": {"type": "LineString", "coordinates": [[10.7528437, 59.926694], [10.7528512, 59.926465], [10.7530274, 59.9260672]]}}, {"type": "Feature", "properties": {"waterbody": "Akerselva", "name": "Akerselva", "city": "Oslo", "country": "Norway", "osm_id": 1454917518}, "geometry": {"type": "LineString", "coordinates": [[10.763434, 59.9374769], [10.7638436, 59.9374452], [10.7640467, 59.9372782], [10.7637591, 59.9370283]]}}, {"type": "Feature", "properties": {"waterbody": "Akerselva", "name": "Akerselva", "city": "Oslo", "country": "Norway", "osm_id": 1454917519}, "geometry": {"type": "LineString", "coordinates": [[10.7650404, 59.9455543], [10.7653262, 59.9454955], [10.7655267, 59.9453746], [10.7655455, 59.9449699], [10.7655999, 59.9447904], [10.7658408, 59.9445134], [10.766052, 59.9443726], [10.7667703, 59.9441377], [10.7668824, 59.9440221], [10.7666894, 59.9436043]]}}, {"type": "Feature", "properties": {"waterbody": "Akerselva", "name": "Akerselva", "city": "Oslo", "country": "Norway", "osm_id": 1454919444}, "geometry": {"type": "LineString", "coordinates": [[10.7561737, 59.9088046], [10.7561572, 59.9087783], [10.755841, 59.9082285]]}}, {"type": "Feature", "properties": {"waterbody": "Akerselva", "name": "Akerselva", "city": "Oslo", "country": "Norway", "osm_id": 1454919445}, "geometry": {"type": "LineString", "coordinates": [[10.755841, 59.9082285], [10.7557795, 59.9079971]]}}, {"type": "Feature", "properties": {"waterbody": "Akerselva", "name": "Akerselva", "city": "Oslo", "country": "Norway", "osm_id": 1456110817}, "geometry": {"type": "LineString", "coordinates": [[10.7878076, 59.9694692], [10.7878405, 59.9694403], [10.7878909, 59.9694027], [10.7879345, 59.9693533], [10.7879654, 59.9693013], [10.7879768, 59.9692667], [10.7879814, 59.9692221], [10.7879674, 59.9691775], [10.7879446, 59.9691382], [10.7878755, 59.9690939], [10.7876569, 59.9689855], [10.7874065, 59.9688688], [10.7872653, 59.9687999], [10.7870628, 59.9686825], [10.7869045, 59.9685697], [10.7867879, 59.9684469], [10.7866296, 59.9682059], [10.786525, 59.9680569], [10.7863976, 59.9679227], [10.7862836, 59.9678663], [10.7861254, 59.9678334], [10.785951, 59.967816], [10.7857566, 59.967826], [10.7855889, 59.967871], [10.7854535, 59.9679334], [10.7852496, 59.9680885], [10.7851236, 59.9681737], [10.7849928, 59.968213], [10.7848258, 59.9682365], [10.7847132, 59.9682395], [10.7845851, 59.9682254], [10.7844932, 59.9681962], [10.784339, 59.9681159], [10.7841714, 59.9680126], [10.7839487, 59.9679019], [10.7835893, 59.9677556], [10.7829483, 59.9675327], [10.7827444, 59.9674918], [10.7825728, 59.9674797], [10.7823756, 59.9674884], [10.7820645, 59.9675468], [10.7817775, 59.9676139], [10.7815643, 59.9676461], [10.7813349, 59.9676495], [10.7811137, 59.9676186], [10.7809071, 59.9675401], [10.7806791, 59.9674072], [10.7802828, 59.9671515], [10.7801273, 59.9670427], [10.7800555, 59.9669524], [10.780024, 59.9668766], [10.7799985, 59.9666816], [10.7799704, 59.9666222], [10.7799127, 59.9665846], [10.7798128, 59.9665534], [10.7796941, 59.966546], [10.7795432, 59.9665521], [10.7793984, 59.9665897], [10.7792978, 59.9666366], [10.7792576, 59.9666779], [10.7792026, 59.9667773], [10.7791442, 59.9668471], [10.779037, 59.9668988], [10.7789008, 59.966938], [10.7786842, 59.9669632], [10.7784207, 59.9669696], [10.7781006, 59.9669433], [10.777585, 59.9668378], [10.7770538, 59.9667421], [10.776834, 59.9667345], [10.7767664, 59.9667324], [10.7764614, 59.966736], [10.7761911, 59.9667457], [10.7758659, 59.9667635], [10.7755796, 59.966783], [10.775363, 59.966788], [10.7752007, 59.9667813], [10.77507, 59.9667652], [10.774964, 59.9667336], [10.7749017, 59.966693], [10.7748507, 59.9666299], [10.7748312, 59.9665729], [10.7748286, 59.9665276], [10.7748386, 59.9664732], [10.7748688, 59.9664175], [10.7749372, 59.9663222], [10.7750056, 59.966202], [10.7750592, 59.9660906], [10.7751137, 59.9659687], [10.7751759, 59.9658298], [10.7751967, 59.9657392], [10.7752128, 59.9656221], [10.7752156, 59.9656033], [10.775247, 59.9653938], [10.7752503, 59.9652438], [10.7752034, 59.9649364], [10.7751672, 59.9647598], [10.7750908, 59.9645356], [10.7749741, 59.9643349], [10.7748909, 59.9642456], [10.7747944, 59.9641718], [10.7747032, 59.9641208], [10.7745878, 59.9640765], [10.774325, 59.964006], [10.7737188, 59.9638657], [10.7731864, 59.9637147], [10.7726338, 59.9635213], [10.7723562, 59.9634112], [10.772257, 59.9633501], [10.7721739, 59.9632743], [10.7721283, 59.9631964], [10.7721215, 59.9630648], [10.7721591, 59.9629474], [10.7721645, 59.962844], [10.7721363, 59.9627634], [10.772088, 59.962701], [10.7720263, 59.9626553], [10.7719459, 59.9626083], [10.7718801, 59.9625667], [10.7718346, 59.9625124], [10.7718118, 59.9624338], [10.7718091, 59.9623069], [10.7717876, 59.9622123], [10.7717299, 59.9621122], [10.7716146, 59.9619793], [10.7715274, 59.9618545], [10.7714939, 59.9617564], [10.7714939, 59.9616698], [10.7715301, 59.961598], [10.7716294, 59.9615047], [10.7718453, 59.9613718], [10.7719445, 59.9612899], [10.7719807, 59.9612113], [10.7719566, 59.9611536], [10.7719016, 59.9611026], [10.7718346, 59.9610623], [10.7717179, 59.9610301], [10.7715583, 59.9610093], [10.7713746, 59.9610099], [10.7710996, 59.9610341], [10.7709011, 59.9610428], [10.7707469, 59.9610213], [10.7706463, 59.9609884], [10.7705672, 59.9609038], [10.7705069, 59.9607407], [10.7704572, 59.9605494], [10.770417, 59.960399], [10.7703607, 59.9602761], [10.7702789, 59.9601754], [10.7701434, 59.9600741], [10.7699919, 59.9599727], [10.7698591, 59.9599035], [10.7697089, 59.9598498], [10.76956, 59.9598163], [10.7694072, 59.9598116], [10.769265, 59.9598203], [10.7690974, 59.9598545], [10.7688734, 59.9599391], [10.7686655, 59.9599975], [10.7684416, 59.9600365], [10.7682592, 59.9600479], [10.7680848, 59.9600344], [10.7679091, 59.9599908], [10.767767, 59.959929], [10.7676275, 59.9598398], [10.7674505, 59.9596914], [10.7673217, 59.9595437], [10.7672238, 59.9593832], [10.7671702, 59.9591912], [10.767142, 59.9589106], [10.7671018, 59.9588253], [10.7670093, 59.9587273], [10.7667357, 59.9585178], [10.7663209, 59.95826], [10.7661881, 59.958168], [10.7659819, 59.9579559], [10.7657866, 59.957812], [10.7656966, 59.9576893]]}}, {"type": "Feature", "properties": {"waterbody": "Akerselva", "name": "Akerselva", "city": "Oslo", "country": "Norway", "osm_id": 1527986253}, "geometry": {"type": "LineString", "coordinates": [[10.7580551, 59.9133582], [10.7579561, 59.9132105], [10.7577811, 59.9129026], [10.7576494, 59.9126448], [10.7576447, 59.9125972]]}}, {"type": "Feature", "properties": {"waterbody": "Akerselva", "name": "Akerselva", "city": "Oslo", "country": "Norway", "osm_id": 1536630885}, "geometry": {"type": "LineString", "coordinates": [[10.7576494, 59.9126448], [10.757604, 59.9126027]]}}, {"type": "Feature", "properties": {"waterbody": "Akerselva", "name": "Akerselvakulverten", "city": "Oslo", "country": "Norway", "osm_id": 1536630886}, "geometry": {"type": "LineString", "coordinates": [[10.757604, 59.9126027], [10.7571661, 59.9109827], [10.7569861, 59.9106022], [10.7561188, 59.9088743], [10.7558428, 59.9083413], [10.755841, 59.9082285]]}}, {"type": "Feature", "properties": {"waterbody": "Leie (Lys)", "name": "Noordelijke Leie", "city": "Ghent", "country": "Belgium", "osm_id": 23417550}, "geometry": {"type": "LineString", "coordinates": [[3.6616154, 51.0396878], [3.661434, 51.0399918], [3.6607386, 51.0403969], [3.6598532, 51.0408912], [3.6596395, 51.0411281], [3.6596083, 51.0412502], [3.6597292, 51.0414872], [3.660706, 51.0422291], [3.6624262, 51.0433468], [3.6629248, 51.0437432], [3.663122, 51.0440953], [3.663122, 51.0443301], [3.6629839, 51.0445366], [3.6627263, 51.0446728], [3.6622745, 51.0447878], [3.6620813, 51.0448855], [3.6619907, 51.0450096], [3.6620027, 51.0451374], [3.6621265, 51.0454203], [3.6626609, 51.0461425], [3.663549, 51.0470778], [3.6643751, 51.0481123], [3.6643828, 51.0482599], [3.6643243, 51.0483874], [3.6642085, 51.0484954], [3.6639236, 51.0486362], [3.6637531, 51.0486988], [3.6636578, 51.0487935], [3.6636514, 51.0489063], [3.6637596, 51.0490795], [3.6640127, 51.0492591], [3.6645866, 51.0495451], [3.6649142, 51.0496711], [3.6654589, 51.0498391], [3.6663857, 51.0501214], [3.6673753, 51.0504659], [3.6685132, 51.0508496], [3.6693056, 51.0510827], [3.669844, 51.0511878], [3.671518, 51.051463], [3.6721657, 51.0515503], [3.6738509, 51.0518834], [3.674152, 51.0519926]]}}, {"type": "Feature", "properties": {"waterbody": "Leie (Lys)", "name": "Leie", "city": "Ghent", "country": "Belgium", "osm_id": 25594268}, "geometry": {"type": "LineString", "coordinates": [[3.6952375, 51.0441669], [3.6957091, 51.0441716], [3.6959453, 51.0441253], [3.6962495, 51.0439206], [3.6963708, 51.0438275], [3.6965426, 51.0435052]]}}, {"type": "Feature", "properties": {"waterbody": "Leie (Lys)", "name": "Zuidelijke Leie", "city": "Ghent", "country": "Belgium", "osm_id": 54568813}, "geometry": {"type": "LineString", "coordinates": [[3.6948575, 51.0441637], [3.6947058, 51.0441705], [3.6941361, 51.0442021], [3.6936045, 51.0442598], [3.6933167, 51.0443046], [3.6931088, 51.0443693], [3.6929034, 51.0444501], [3.6928023, 51.0445637], [3.6928716, 51.0447546], [3.6930418, 51.0449277], [3.6939373, 51.0458896], [3.694297, 51.0461876], [3.6944949, 51.0463414], [3.6946018, 51.0464764], [3.6946802, 51.0466182], [3.6947243, 51.0467451], [3.694791, 51.0470419], [3.6948792, 51.0472826], [3.6951127, 51.0478168], [3.6952127, 51.0479981], [3.695255, 51.0480487]]}}, {"type": "Feature", "properties": {"waterbody": "Leie (Lys)", "name": "Leie", "city": "Ghent", "country": "Belgium", "osm_id": 119701832}, "geometry": {"type": "LineString", "coordinates": [[3.7337957, 51.0558925], [3.734175, 51.055238], [3.734287, 51.0548886]]}}, {"type": "Feature", "properties": {"waterbody": "Leie (Lys)", "name": "Leie", "city": "Ghent", "country": "Belgium", "osm_id": 228419415}, "geometry": {"type": "LineString", "coordinates": [[3.7317818, 51.0580224], [3.7317955, 51.0579968], [3.7318329, 51.0579309], [3.7319851, 51.0575881], [3.7321421, 51.0573975], [3.7323696, 51.0571694], [3.7327105, 51.0568656], [3.7328478, 51.0567383], [3.7329874, 51.0565999], [3.7335338, 51.0561294], [3.7337957, 51.0558925]]}}, {"type": "Feature", "properties": {"waterbody": "Leie (Lys)", "name": "Oude Leie", "city": "Ghent", "country": "Belgium", "osm_id": 232645964}, "geometry": {"type": "LineString", "coordinates": [[3.6655701, 51.0488019], [3.6657617, 51.0486759], [3.6658152, 51.0486512], [3.6658823, 51.0486569], [3.6659579, 51.04869], [3.6660302, 51.0486779], [3.6661454, 51.048628], [3.6662423, 51.0485669], [3.666532, 51.0484016], [3.6670577, 51.0484286], [3.6675942, 51.048486], [3.6678624, 51.0483612], [3.6680179, 51.0481386], [3.6681199, 51.0476867], [3.6682049, 51.0474581], [3.6683321, 51.0472011], [3.6684797, 51.047069], [3.6690157, 51.0469582], [3.6694502, 51.0468436], [3.6697185, 51.0466243], [3.6700047, 51.0463167], [3.6700135, 51.0463073], [3.6701905, 51.0460611], [3.6704373, 51.0457728], [3.6706529, 51.04548], [3.6707055, 51.0454085], [3.671014, 51.0449431], [3.6711163, 51.0447655], [3.6712044, 51.0446126], [3.6713895, 51.0443057], [3.6715638, 51.0439718], [3.6716392, 51.043769]]}}, {"type": "Feature", "properties": {"waterbody": "Leie (Lys)", "name": "Oude Leie", "city": "Ghent", "country": "Belgium", "osm_id": 232645966}, "geometry": {"type": "LineString", "coordinates": [[3.6716392, 51.043769], [3.6717904, 51.0432444]]}}, {"type": "Feature", "properties": {"waterbody": "Leie (Lys)", "name": "Oude Leie", "city": "Ghent", "country": "Belgium", "osm_id": 236766194}, "geometry": {"type": "LineString", "coordinates": [[3.6717904, 51.0432444], [3.6718085, 51.0432233], [3.6718723, 51.0429313], [3.6719083, 51.0427176], [3.6719098, 51.0427087], [3.6720359, 51.0423393], [3.6722988, 51.0420105], [3.6725321, 51.0417963], [3.6729452, 51.0413679], [3.6729518, 51.041359], [3.6732429, 51.0409666], [3.6733368, 51.0408536], [3.6736425, 51.0404556], [3.6737606, 51.0402717], [3.6739269, 51.0398923], [3.6740234, 51.0396865], [3.6743694, 51.0388517], [3.6744464, 51.038684], [3.6744499, 51.0386763], [3.6744365, 51.0385531], [3.6745143, 51.0383103], [3.674702, 51.0379359], [3.6748388, 51.0376525], [3.6750132, 51.0371297], [3.6750936, 51.0369205], [3.6753055, 51.0362931], [3.6753565, 51.0360772], [3.6753619, 51.036038], [3.6754396, 51.0354767], [3.6754369, 51.0352237]]}}, {"type": "Feature", "properties": {"waterbody": "Leie (Lys)", "name": "Leie", "city": "Ghent", "country": "Belgium", "osm_id": 246015994}, "geometry": {"type": "LineString", "coordinates": [[3.5667079, 50.991411], [3.5678194, 50.9915583], [3.5681157, 50.9915776], [3.5690359, 50.9917043]]}}, {"type": "Feature", "properties": {"waterbody": "Leie (Lys)", "name": "Westelijke Leie", "city": "Ghent", "country": "Belgium", "osm_id": 246328433}, "geometry": {"type": "LineString", "coordinates": [[3.6976327, 51.0504359], [3.698133, 51.0508922], [3.6983438, 51.0511205], [3.6984025, 51.051219], [3.6984315, 51.0513208], [3.6984213, 51.0514119], [3.6983652, 51.0515131], [3.6982691, 51.0515786], [3.6979141, 51.0517665], [3.6976845, 51.0519595], [3.6974923, 51.0522297], [3.6974603, 51.052468], [3.6974656, 51.052775], [3.697551, 51.0529949], [3.6977112, 51.0532214], [3.6979488, 51.0533674], [3.6983572, 51.0535117], [3.6986348, 51.0535922], [3.6993556, 51.0538238], [3.6996625, 51.0539429], [3.7000363, 51.0541241], [3.7003246, 51.0542886], [3.7007063, 51.0545923], [3.7013523, 51.0550672], [3.7017581, 51.0553608], [3.7021665, 51.0555739], [3.7025002, 51.0557283], [3.7034745, 51.0560655], [3.7044035, 51.0563659], [3.7050281, 51.0565873], [3.7058396, 51.0568592], [3.7063415, 51.0569783], [3.7074203, 51.0571465], [3.7078677, 51.0572191]]}}, {"type": "Feature", "properties": {"waterbody": "Leie (Lys)", "name": "Leie", "city": "Ghent", "country": "Belgium", "osm_id": 283769944}, "geometry": {"type": "LineString", "coordinates": [[3.5690359, 50.9917043], [3.5697547, 50.9917515], [3.5704735, 50.991684], [3.5728364, 50.991017], [3.5752397, 50.9902809], [3.5781418, 50.9895853], [3.5803829, 50.9891664], [3.5804539, 50.9891531], [3.5815858, 50.9890856], [3.5820686, 50.9891498], [3.5823422, 50.9892477], [3.5824226, 50.9894131], [3.582369, 50.9896698], [3.5822992, 50.9899061], [3.5823797, 50.9900547], [3.582546, 50.9901729], [3.5827981, 50.9902404], [3.5832166, 50.9902573], [3.5854964, 50.9902742], [3.5875403, 50.9903755], [3.5879413, 50.9904003], [3.5898577, 50.9905409], [3.590598, 50.9906085], [3.5907589, 50.9906625], [3.5909628, 50.990757], [3.5910862, 50.9908617], [3.5911398, 50.991017], [3.5910647, 50.991456], [3.5910218, 50.9919253], [3.5910754, 50.9921887], [3.5912793, 50.9923238], [3.5914831, 50.9924217], [3.5917406, 50.9924791], [3.5922073, 50.9925399], [3.5930442, 50.9926884], [3.5937255, 50.9928978], [3.5946696, 50.9933536], [3.5953938, 50.9938972], [3.5961555, 50.9944239], [3.5968797, 50.9948392], [3.5971426, 50.9950451], [3.5972606, 50.9952984], [3.5971265, 50.9958014], [3.5969763, 50.9961931], [3.5970889, 50.9964767], [3.5974159, 50.9966929], [3.5980237, 50.9969836], [3.5982369, 50.9970979], [3.5992079, 50.9974963], [3.5998623, 50.9978406], [3.6002754, 50.9981917], [3.6005865, 50.9984551], [3.6007046, 50.9987015], [3.6007046, 50.9989277], [3.6006402, 50.9991134], [3.6003827, 50.9992518], [3.600034, 50.9993328], [3.5996049, 50.9993193], [3.5992991, 50.9992248], [3.5990362, 50.9990223], [3.5988699, 50.9988501], [3.5986607, 50.9987623], [3.5983979, 50.9987893], [3.598253, 50.9988973], [3.5981565, 50.9990493], [3.5981599, 50.9992821], [3.5983496, 50.9995894], [3.5988485, 51.0001296], [3.5993581, 51.0007845], [3.5997926, 51.0014124], [3.6003183, 51.0022462], [3.6008065, 51.0032049], [3.6011981, 51.004005], [3.6014073, 51.0046733], [3.6016326, 51.0053687], [3.6016645, 51.0056592], [3.601477, 51.0059257], [3.6010908, 51.0060978], [3.6008011, 51.0061586], [3.6004042, 51.0060877], [3.5999643, 51.0060236], [3.5996907, 51.0060303], [3.5994386, 51.0061552], [3.5993688, 51.0063307], [3.599283, 51.0071678], [3.5991596, 51.0074986], [3.599004, 51.0076944], [3.5987358, 51.0078294], [3.5982772, 51.0079336], [3.5978024, 51.0080556], [3.5974698, 51.0082108], [3.597266, 51.0083425], [3.5970192, 51.0085045], [3.5967617, 51.0086395], [3.596515, 51.0086901], [3.596177, 51.008707], [3.5959141, 51.0086733], [3.5956191, 51.0085517], [3.5954221, 51.0083767], [3.5953241, 51.0081703], [3.5954582, 51.0079104], [3.5958066, 51.0075646], [3.5961928, 51.0071191], [3.5962092, 51.0070565], [3.5961931, 51.0064658], [3.596107, 51.0059714], [3.5955923, 51.0054295], [3.5955062, 51.0053773], [3.5952966, 51.0052184], [3.5951256, 51.0050649], [3.5948842, 51.0049501], [3.5944711, 51.0049333], [3.5939239, 51.0049771], [3.5933607, 51.0050818], [3.5928511, 51.0052371], [3.5922878, 51.00547], [3.5918801, 51.0057569], [3.591526, 51.0061147], [3.5912739, 51.0064387], [3.5911579, 51.0067463], [3.591231, 51.0072354], [3.5914885, 51.0076472], [3.5917138, 51.0078834], [3.592026, 51.0079361], [3.5925021, 51.0079292], [3.5928886, 51.0079442], [3.5930388, 51.0080657], [3.5930442, 51.0082986], [3.5929047, 51.008491], [3.5923951, 51.0087779], [3.5919016, 51.0090952], [3.5912686, 51.009561], [3.5906472, 51.0099253], [3.5903244, 51.0101145], [3.5895627, 51.0105195], [3.5891818, 51.0108165], [3.5889726, 51.0111777], [3.5889297, 51.0116367], [3.5890209, 51.0124062], [3.5894017, 51.0131149], [3.5898202, 51.0135604], [3.5903512, 51.0138777], [3.5907965, 51.0140667], [3.5914992, 51.0142084], [3.5925882, 51.0143434], [3.5933392, 51.0145864], [3.5939615, 51.0148868], [3.5948037, 51.0154099], [3.5955064, 51.0156866], [3.5965364, 51.015987], [3.597789, 51.016238], [3.6016368, 51.0168903], [3.6020028, 51.0169524], [3.6028611, 51.0170469], [3.6047386, 51.0172156], [3.6062836, 51.0172764], [3.6070131, 51.0173439], [3.6077212, 51.0175463], [3.608247, 51.0177893], [3.6086439, 51.018066], [3.6089229, 51.0184035], [3.609172, 51.0191029], [3.6092984, 51.0194763], [3.6098695, 51.0200522], [3.6104249, 51.0205764], [3.6109613, 51.021258], [3.6110364, 51.0216562], [3.610937, 51.0219663], [3.6106865, 51.0224005], [3.610468, 51.0227793], [3.6103391, 51.0231611], [3.610382, 51.0242543], [3.6102921, 51.0246373], [3.6101567, 51.0251249], [3.6097248, 51.0255053], [3.6093295, 51.0256471], [3.6086546, 51.0257255], [3.6081732, 51.0257494], [3.6076998, 51.0259684], [3.6074363, 51.0262522], [3.6069747, 51.0268797], [3.6065824, 51.0274758], [3.6063465, 51.0280265], [3.6062594, 51.0284193], [3.6062192, 51.0288283], [3.6062522, 51.0290499], [3.6063411, 51.0292789], [3.606619, 51.029696], [3.6072229, 51.0303713], [3.6080646, 51.0312923], [3.6087297, 51.0319468], [3.6094943, 51.032437], [3.610674, 51.033088], [3.6117989, 51.033596], [3.6136294, 51.0343985], [3.6143858, 51.0346973], [3.6152119, 51.0349547], [3.6162187, 51.0351584], [3.6182845, 51.0353784], [3.6191746, 51.0353866], [3.6195981, 51.0353473], [3.6199628, 51.0352259], [3.6201667, 51.0350167], [3.6202304, 51.0346781], [3.6201472, 51.0343955], [3.6202257, 51.0341544], [3.6205422, 51.0339102], [3.6212309, 51.0337201], [3.6237366, 51.0332608], [3.6247822, 51.0330413], [3.6256093, 51.0328136], [3.626582, 51.0324875], [3.6272592, 51.0321249], [3.627375, 51.0319318], [3.6273908, 51.0316385], [3.6275526, 51.0313838], [3.6278943, 51.0310985], [3.6287969, 51.0305714], [3.6299041, 51.0301071], [3.6304653, 51.0299151], [3.6308977, 51.0299815], [3.6312462, 51.0302105], [3.6316408, 51.0303868], [3.6321365, 51.0304426], [3.6327626, 51.0303617], [3.633343, 51.0301743], [3.6338866, 51.0299331], [3.6354022, 51.0289756], [3.635614, 51.0287089], [3.6357886, 51.0282362], [3.636059, 51.027792], [3.6367731, 51.0272748], [3.638413, 51.0260472], [3.639255, 51.0252307], [3.6396244, 51.0247445], [3.639911, 51.0243504], [3.6401043, 51.0240114], [3.6402722, 51.023494], [3.6402542, 51.02299], [3.640033, 51.0226663], [3.6399302, 51.0224536], [3.6399824, 51.0222521], [3.640162, 51.0220635], [3.6405944, 51.0219126], [3.6410839, 51.0218675], [3.642252, 51.022094], [3.6435291, 51.0224302], [3.6440268, 51.0226945], [3.6441432, 51.0227563], [3.6444706, 51.0231196], [3.6446627, 51.023582], [3.6446306, 51.0239823], [3.6444685, 51.0245041], [3.6444675, 51.0246861], [3.6445278, 51.0248882], [3.6445779, 51.0249517], [3.6447257, 51.0251391], [3.6449641, 51.0253594], [3.6451415, 51.0255389], [3.6455189, 51.0258942], [3.6458515, 51.0266365], [3.6460125, 51.0274125], [3.6459266, 51.0278106], [3.6455726, 51.0281682], [3.6451541, 51.0284921], [3.6449288, 51.0289105], [3.6449932, 51.0296257], [3.6453473, 51.030901], [3.645476, 51.0326958], [3.6454331, 51.0354013], [3.6454438, 51.037432], [3.6456369, 51.0390646], [3.6457846, 51.0396437], [3.6458193, 51.0397797], [3.6462056, 51.0401845], [3.6468708, 51.0404678], [3.6478471, 51.0407444], [3.6490273, 51.0410344], [3.650304, 51.0412368], [3.6517631, 51.0414055], [3.6530291, 51.0415336], [3.6539733, 51.0415741], [3.6545097, 51.0415269], [3.6548959, 51.0414055], [3.6550569, 51.0412436], [3.6551749, 51.0409333], [3.6551642, 51.0405555], [3.6545848, 51.0396178], [3.6542307, 51.0389094], [3.6542844, 51.0386801], [3.6544775, 51.0384439], [3.6548959, 51.038309], [3.6555718, 51.0382078], [3.6566233, 51.0382416], [3.6593484, 51.0386801], [3.6604642, 51.0388757], [3.6611079, 51.0390781], [3.6613118, 51.0393007], [3.6614512, 51.0396448], [3.6616154, 51.0396878]]}}, {"type": "Feature", "properties": {"waterbody": "Leie (Lys)", "name": "Leie", "city": "Ghent", "country": "Belgium", "osm_id": 327834737}, "geometry": {"type": "LineString", "coordinates": [[3.7200102, 51.0490909], [3.7199939, 51.0496351], [3.7200414, 51.0502279], [3.7200876, 51.0505295], [3.7201307, 51.0506458], [3.7201839, 51.0507951], [3.7203603, 51.051147], [3.7203655, 51.0511587]]}}, {"type": "Feature", "properties": {"waterbody": "Leie (Lys)", "name": "Oude Leie", "city": "Ghent", "country": "Belgium", "osm_id": 482072471}, "geometry": {"type": "LineString", "coordinates": [[3.6655162, 51.0488415], [3.6652245, 51.0490558], [3.6654206, 51.0493906], [3.6655824, 51.0494913]]}}, {"type": "Feature", "properties": {"waterbody": "Leie (Lys)", "name": "Oude Leie", "city": "Ghent", "country": "Belgium", "osm_id": 482072472}, "geometry": {"type": "LineString", "coordinates": [[3.6655701, 51.0488019], [3.6655162, 51.0488415]]}}, {"type": "Feature", "properties": {"waterbody": "Leie (Lys)", "name": "Noordelijke Leie", "city": "Ghent", "country": "Belgium", "osm_id": 602549126}, "geometry": {"type": "LineString", "coordinates": [[3.6734198, 51.0542317], [3.6728378, 51.054611], [3.6727118, 51.0547611], [3.6726688, 51.0549827], [3.6726764, 51.0552411], [3.6726871, 51.0555445], [3.672752, 51.0556951], [3.6729687, 51.0558935], [3.6731114, 51.0559874], [3.6731994, 51.0560453], [3.6739643, 51.0564436], [3.6746773, 51.0567871], [3.6748195, 51.0569354], [3.6749187, 51.0570939], [3.6749804, 51.0574985], [3.675026, 51.0577733], [3.6750931, 51.0578913], [3.6751977, 51.0579891], [3.6753613, 51.0580532], [3.6755624, 51.0580751], [3.6757636, 51.0580329], [3.6765736, 51.057743], [3.6777194, 51.0574484], [3.6780198, 51.0574956], [3.6785885, 51.0579002], [3.6791893, 51.0582239], [3.6800261, 51.0584329], [3.6808415, 51.0585206], [3.6813458, 51.0585004], [3.6824294, 51.0581632], [3.6833583, 51.057834], [3.6839314, 51.05759], [3.6844249, 51.0574956], [3.6852018, 51.0575269], [3.6855224, 51.0575398], [3.686214, 51.0575454], [3.6866137, 51.0576092], [3.686757, 51.0576321]]}}, {"type": "Feature", "properties": {"waterbody": "Leie (Lys)", "name": "Leie", "city": "Ghent", "country": "Belgium", "osm_id": 791548369}, "geometry": {"type": "LineString", "coordinates": [[3.6616154, 51.0396878], [3.6617866, 51.0397434], [3.6620628, 51.0396245], [3.662449, 51.0392198], [3.6629104, 51.0389501], [3.6633824, 51.0387915], [3.663656, 51.0386465], [3.6641066, 51.0382046], [3.6645894, 51.0380393], [3.6650883, 51.0379685], [3.6656677, 51.0379854], [3.6659788, 51.0379314], [3.6661666, 51.0377998], [3.6661934, 51.0375435], [3.6662149, 51.0370982], [3.6662953, 51.0368182], [3.6664884, 51.036572], [3.6669129, 51.0362795], [3.6675042, 51.0360267], [3.6679195, 51.0356986], [3.6679535, 51.0356646], [3.6681906, 51.0354272], [3.668366, 51.0350843], [3.6684411, 51.0346998], [3.6684454, 51.0345641]]}}, {"type": "Feature", "properties": {"waterbody": "Leie (Lys)", "name": "Leie", "city": "Ghent", "country": "Belgium", "osm_id": 791548370}, "geometry": {"type": "LineString", "coordinates": [[3.6684454, 51.0345641], [3.6684518, 51.0343658], [3.6683016, 51.0340892], [3.6679851, 51.0337957], [3.6677974, 51.0335359], [3.6676579, 51.0332155], [3.6675935, 51.0328342], [3.6675935, 51.0325171], [3.6677169, 51.0322439], [3.6680495, 51.0319706], [3.6685216, 51.0316973], [3.6688327, 51.0314949], [3.6691706, 51.0312149], [3.6695193, 51.0309686], [3.6702301, 51.0305773], [3.6708607, 51.030267], [3.6709281, 51.0302366], [3.6712549, 51.0302314], [3.6715927, 51.0303411], [3.6718904, 51.0304828], [3.6720406, 51.030557], [3.6723866, 51.0305554], [3.6727327, 51.0304002], [3.673312, 51.0301589], [3.6744767, 51.0299105], [3.6750241, 51.0297838], [3.6754265, 51.0298052], [3.6762367, 51.029897], [3.676992, 51.0299363], [3.6777484, 51.0300206], [3.6781239, 51.0301488], [3.678317, 51.0303445], [3.6783492, 51.0307257], [3.6784404, 51.0311441], [3.6787139, 51.0315489], [3.6789661, 51.0317749], [3.6792987, 51.0319133], [3.6795723, 51.03192], [3.6799048, 51.0318323], [3.6802857, 51.0315928], [3.6806076, 51.031306], [3.6808973, 51.0311002], [3.681085, 51.0309956], [3.6813425, 51.030972], [3.6818199, 51.0310125], [3.6821901, 51.0311812], [3.6823242, 51.0313431], [3.6823349, 51.0317479], [3.6822437, 51.0320718], [3.6821096, 51.0324733], [3.6817341, 51.0331379], [3.6816087, 51.0333718], [3.6814176, 51.0337282], [3.6811816, 51.0340386], [3.6809992, 51.0342815], [3.6807202, 51.0345142], [3.6804949, 51.03472], [3.6804574, 51.034973], [3.6805486, 51.0351586], [3.6808329, 51.0353002], [3.6816054, 51.0354925], [3.68241, 51.0358265], [3.682565, 51.0359062], [3.6831788, 51.0362217], [3.6838611, 51.0366521], [3.6841869, 51.0368123], [3.6845304, 51.0370091], [3.6849635, 51.0371556], [3.6853229, 51.0372382], [3.6857896, 51.037277], [3.6861919, 51.0372365], [3.6865916, 51.0371589], [3.6869832, 51.0369818], [3.6873989, 51.036798], [3.6878522, 51.0366884], [3.6882492, 51.0366884], [3.6885818, 51.0368199], [3.6889466, 51.0370409], [3.6896386, 51.0376093], [3.6900087, 51.0380039], [3.6903574, 51.0385318], [3.6907004, 51.0391802], [3.690749, 51.0392722], [3.6908504, 51.0394656], [3.6910843, 51.0399114], [3.6913042, 51.0402588], [3.6915751, 51.0405422], [3.6918675, 51.0407766], [3.6922511, 51.0410329], [3.6927392, 51.0412808], [3.6936512, 51.0416738], [3.6942815, 51.0419875], [3.6949923, 51.0423871], [3.6960947, 51.0431561], [3.6965426, 51.0435052], [3.6970603, 51.0437498], [3.6976074, 51.043969], [3.6983316, 51.044168], [3.6991577, 51.0443096], [3.7000053, 51.044367], [3.7010299, 51.0443737], [3.70184, 51.0442995], [3.7025395, 51.0441552], [3.7032454, 51.0440095], [3.7046616, 51.0436587], [3.7059866, 51.0433956], [3.7068074, 51.0433147], [3.7086259, 51.0432691], [3.7094574, 51.0432202], [3.7102514, 51.0430853], [3.7111205, 51.0428341], [3.7114181, 51.042748], [3.7120163, 51.0424715], [3.7126224, 51.0420718], [3.7133064, 51.0416181], [3.7135183, 51.0414748], [3.713816, 51.041355], [3.7141969, 51.0413247], [3.714567, 51.0413399], [3.7149747, 51.0414292], [3.7161978, 51.0420583], [3.7172854, 51.0426266], [3.7176099, 51.0427584], [3.7179653, 51.042888], [3.718798, 51.0431489], [3.7192393, 51.0433189], [3.7195419, 51.0434581], [3.7198263, 51.043624], [3.7201702, 51.043856], [3.7205456, 51.0441006], [3.7208059, 51.0443687], [3.7209387, 51.0446722], [3.7209639, 51.0449143], [3.7209622, 51.0452746], [3.7208255, 51.0464222], [3.7207887, 51.0466237], [3.720751, 51.0468978], [3.7207138, 51.0469896], [3.7205442, 51.0473035], [3.7200724, 51.0482364], [3.7200592, 51.0484593], [3.7200329, 51.0488175], [3.7200102, 51.0490909]]}}, {"type": "Feature", "properties": {"waterbody": "Leie (Lys)", "name": "Leie", "city": "Ghent", "country": "Belgium", "osm_id": 801326529}, "geometry": {"type": "LineString", "coordinates": [[3.5253444, 50.9786155], [3.5256081, 50.9787787], [3.5261767, 50.9793866], [3.5266434, 50.9801128], [3.5267882, 50.981001], [3.5269116, 50.9818115], [3.5269922, 50.9820574], [3.5270713, 50.9822136], [3.527192, 50.982358], [3.5273878, 50.9824804], [3.5275474, 50.9825657], [3.5278049, 50.9827075], [3.5281107, 50.9828772], [3.5286283, 50.9831288], [3.5290495, 50.9831913], [3.5294652, 50.9831744], [3.5299157, 50.9830611], [3.5309135, 50.982541], [3.531643, 50.9821797], [3.5321312, 50.9820581], [3.5341214, 50.9818284], [3.5357629, 50.9815549], [3.5370396, 50.9814164], [3.5377692, 50.9813894], [3.5384881, 50.9814467], [3.5405104, 50.9816528], [3.5440992, 50.9818723], [3.5472159, 50.9820513], [3.5481279, 50.9821594], [3.5509389, 50.982514], [3.5515504, 50.9826525], [3.5538625, 50.9835812], [3.5558419, 50.9845369], [3.5567217, 50.9850941], [3.5589426, 50.9866847], [3.5606377, 50.9882617], [3.5616731, 50.9893118], [3.5624348, 50.9904633], [3.5628961, 50.9907672], [3.5634433, 50.9909596], [3.5641192, 50.9910609], [3.5661416, 50.9912939], [3.566469, 50.991343], [3.5667079, 50.991411]]}}, {"type": "Feature", "properties": {"waterbody": "Leie (Lys)", "name": "Noordelijke Leie", "city": "Ghent", "country": "Belgium", "osm_id": 809917600}, "geometry": {"type": "LineString", "coordinates": [[3.6924725, 51.055029], [3.6925489, 51.0549743], [3.6926041, 51.0548799], [3.6926954, 51.0546568], [3.6927526, 51.0543903], [3.6928338, 51.0538211], [3.6928323, 51.0537119], [3.6927881, 51.0535629], [3.6925637, 51.053031], [3.6924731, 51.0527735], [3.6924594, 51.0525684], [3.6924922, 51.0523681], [3.6925571, 51.0521958], [3.6931043, 51.0513114], [3.6935472, 51.0507791], [3.694059, 51.0503752], [3.6941869, 51.0502813], [3.6943894, 51.0501822], [3.6946019, 51.0501175], [3.6947911, 51.0500956], [3.6950119, 51.0501081], [3.6953754, 51.050178], [3.6956527, 51.0502719], [3.6958984, 51.0503721], [3.6960428, 51.0504107], [3.6962221, 51.0504378], [3.6965759, 51.0504556], [3.6974583, 51.0504392], [3.6976327, 51.0504359]]}}, {"type": "Feature", "properties": {"waterbody": "Leie (Lys)", "name": "Zuidelijke Leie", "city": "Ghent", "country": "Belgium", "osm_id": 809917601}, "geometry": {"type": "LineString", "coordinates": [[3.695255, 51.0480487], [3.6957692, 51.0486518], [3.6964087, 51.0492824], [3.6971774, 51.0499811], [3.6976327, 51.0504359]]}}, {"type": "Feature", "properties": {"waterbody": "Leie (Lys)", "name": "Leie", "city": "Ghent", "country": "Belgium", "osm_id": 857462870}, "geometry": {"type": "LineString", "coordinates": [[3.7203655, 51.0511587], [3.72054, 51.0515052]]}}, {"type": "Feature", "properties": {"waterbody": "Leie (Lys)", "name": "Leie", "city": "Ghent", "country": "Belgium", "osm_id": 857462871}, "geometry": {"type": "LineString", "coordinates": [[3.72054, 51.0515052], [3.7206588, 51.051744], [3.7207334, 51.0519871], [3.7207673, 51.0523219], [3.7207571, 51.0525287], [3.7207078, 51.0530145], [3.7206548, 51.0535043], [3.7205859, 51.0537642], [3.7204693, 51.0542906], [3.7204481, 51.0546237], [3.7205117, 51.0550202], [3.7206707, 51.05537], [3.7208562, 51.0557331], [3.7209269, 51.0557933], [3.7210364, 51.0558864], [3.7212908, 51.0560396], [3.7215717, 51.0561462], [3.7218155, 51.0562462], [3.7220373, 51.0563589]]}}, {"type": "Feature", "properties": {"waterbody": "Leie (Lys)", "name": "Leie", "city": "Ghent", "country": "Belgium", "osm_id": 857508041}, "geometry": {"type": "LineString", "coordinates": [[3.7220373, 51.0563589], [3.7221759, 51.0564294], [3.7226012, 51.0566878]]}}, {"type": "Feature", "properties": {"waterbody": "Leie (Lys)", "name": "Leie", "city": "Ghent", "country": "Belgium", "osm_id": 857508042}, "geometry": {"type": "LineString", "coordinates": [[3.7226012, 51.0566878], [3.7240416, 51.0574755], [3.7243278, 51.057692], [3.7245133, 51.0578519], [3.7246829, 51.0580285], [3.7250971, 51.0584526], [3.7252704, 51.0587113], [3.7254328, 51.0589529], [3.7255411, 51.0591605], [3.7257469, 51.0598514], [3.7258444, 51.0600284], [3.725996, 51.0601952], [3.7268245, 51.0607873], [3.7269256, 51.0608178], [3.7269599, 51.0608282], [3.727144, 51.0608588], [3.7273444, 51.0608588], [3.7275122, 51.0608316], [3.7276476, 51.0607771], [3.727723, 51.0607179], [3.7277559, 51.0606921], [3.7279292, 51.0605355], [3.7280862, 51.0604572], [3.730171, 51.0596983], [3.7306801, 51.0594668], [3.730875, 51.0593341], [3.7310375, 51.0591911], [3.7311945, 51.0589971], [3.7313407, 51.0588065], [3.7315366, 51.0584788], [3.7315674, 51.0584213], [3.7315717, 51.0584132]]}}, {"type": "Feature", "properties": {"waterbody": "Leie (Lys)", "name": "Noordelijke Leie", "city": "Ghent", "country": "Belgium", "osm_id": 1311715886}, "geometry": {"type": "LineString", "coordinates": [[3.686757, 51.0576321], [3.6868644, 51.0576492], [3.6876525, 51.0579317], [3.6878746, 51.0579692], [3.6881075, 51.057967], [3.6883059, 51.0579334], [3.6885699, 51.0578456], [3.6899681, 51.0571316], [3.6903438, 51.0568739], [3.6904735, 51.0567636], [3.6905612, 51.0566354], [3.6905841, 51.0565299], [3.6905631, 51.056404], [3.690483, 51.0561415], [3.6904811, 51.0559797], [3.6905383, 51.0558371], [3.6906499, 51.0557193], [3.6910767, 51.0554708], [3.6912449, 51.0554028], [3.6919188, 51.0552092], [3.6923192, 51.0550969], [3.6924725, 51.055029]]}}, {"type": "Feature", "properties": {"waterbody": "Mondego", "name": "Rio Mondego", "city": "Coimbra", "country": "Portugal", "osm_id": 23252421}, "geometry": {"type": "LineString", "coordinates": [[-8.3543247, 40.2053995], [-8.3544271, 40.2053341], [-8.3549515, 40.2049991], [-8.3556194, 40.2047742], [-8.3564954, 40.2045948], [-8.3574181, 40.2045771], [-8.3586969, 40.2046873], [-8.3600037, 40.204789], [-8.3605373, 40.2047624], [-8.361458, 40.2047164], [-8.3634829, 40.2044686], [-8.3643927, 40.2042523], [-8.3651737, 40.2039311], [-8.3658175, 40.2034657], [-8.3661326, 40.202913], [-8.3662259, 40.2027494], [-8.3664358, 40.2024003], [-8.3667479, 40.2018812], [-8.3671389, 40.2011032], [-8.3673406, 40.2003956], [-8.3675681, 40.1998252], [-8.3676894, 40.199558], [-8.3681621, 40.1990971], [-8.3691312, 40.1987062], [-8.3696925, 40.1983923], [-8.3700143, 40.198209], [-8.370135, 40.1981403], [-8.3705553, 40.1980441], [-8.3713021, 40.1978868], [-8.3726315, 40.197729], [-8.3735937, 40.1973885], [-8.3741621, 40.1972504], [-8.3747267, 40.1971132], [-8.3754734, 40.1968641], [-8.376409, 40.1964642], [-8.377293, 40.1959003], [-8.3778168, 40.1954475], [-8.3783125, 40.1949668], [-8.3789347, 40.1942993], [-8.3792244, 40.1940412], [-8.3795462, 40.1937789], [-8.3800521, 40.1934548], [-8.3804528, 40.1932544], [-8.3812199, 40.192984], [-8.3817698, 40.1930311], [-8.3824993, 40.192863], [-8.3836173, 40.1925007], [-8.3845648, 40.1921726], [-8.3853849, 40.1917266], [-8.3861689, 40.1913418], [-8.3870602, 40.1908363], [-8.3883565, 40.1898786], [-8.3897018, 40.1889359], [-8.3907999, 40.1881782], [-8.3917311, 40.1876838], [-8.3929421, 40.1869372], [-8.3942103, 40.1858753], [-8.3949823, 40.1851794], [-8.3959612, 40.1844065], [-8.3972658, 40.1834229], [-8.3982865, 40.1830722], [-8.3991481, 40.1826463], [-8.4009222, 40.1816131], [-8.4048661, 40.1798665], [-8.4144155, 40.1782803], [-8.4180271, 40.1787937], [-8.4198449, 40.1795821], [-8.4223544, 40.1833245], [-8.4238363, 40.1878282], [-8.4238267, 40.1914605], [-8.4241872, 40.1956678], [-8.4258924, 40.1987881], [-8.4267759, 40.2004047], [-8.429179, 40.2048015], [-8.4345324, 40.2090779], [-8.4395428, 40.2147735], [-8.43975, 40.2151533]]}}, {"type": "Feature", "properties": {"waterbody": "Mondego", "name": "Rio Mondego", "city": "Coimbra", "country": "Portugal", "osm_id": 96921953}, "geometry": {"type": "LineString", "coordinates": [[-8.2271959, 40.3328118], [-8.2273792, 40.3306315], [-8.227877, 40.3272175], [-8.2281066, 40.3228611], [-8.2297631, 40.319599], [-8.230597, 40.3173747], [-8.2309734, 40.3163706], [-8.2335154, 40.3135389], [-8.2363871, 40.3128402], [-8.237571, 40.3133176], [-8.2381874, 40.3142391], [-8.2380248, 40.3158387], [-8.2374637, 40.3174656], [-8.2369279, 40.3206456], [-8.2370931, 40.323363], [-8.2389642, 40.3255273], [-8.240292, 40.3262049], [-8.2410916, 40.3263697], [-8.2419254, 40.3263453], [-8.2433908, 40.3257812], [-8.2442238, 40.3254605], [-8.2451805, 40.3250922], [-8.2462798, 40.3238462], [-8.2468885, 40.3223225], [-8.2459341, 40.3201721], [-8.2443301, 40.3182509], [-8.2429303, 40.3168438], [-8.2417336, 40.3152075], [-8.2427142, 40.3131198], [-8.2443301, 40.3110519], [-8.248096, 40.3096966]]}}, {"type": "Feature", "properties": {"waterbody": "Mondego", "name": "Rio Mondego", "city": "Coimbra", "country": "Portugal", "osm_id": 96921954}, "geometry": {"type": "LineString", "coordinates": [[-8.2982561, 40.2447661], [-8.2987758, 40.2449763], [-8.299838, 40.2451893], [-8.3005246, 40.2451237], [-8.3010396, 40.2446324], [-8.3011898, 40.2442884], [-8.3011469, 40.2439527], [-8.3008572, 40.2436169], [-8.2996342, 40.2416514], [-8.2994625, 40.2407751], [-8.2994732, 40.2402019], [-8.2998809, 40.2395139], [-8.300192, 40.2392027], [-8.3006748, 40.2391618], [-8.3017906, 40.23926], [-8.3026704, 40.2395385], [-8.3036467, 40.2398088], [-8.3041842, 40.2398807], [-8.3046874, 40.239948], [-8.3058569, 40.2398988], [-8.3071121, 40.2395303], [-8.3078203, 40.2392928], [-8.3084747, 40.2388424], [-8.3091935, 40.2382936], [-8.3100411, 40.2375647], [-8.3115686, 40.2365966], [-8.3118114, 40.2364427], [-8.3123693, 40.2362788], [-8.3128199, 40.2363444], [-8.3131954, 40.2365655], [-8.3137318, 40.2369586], [-8.3143863, 40.2372289], [-8.3172402, 40.237835], [-8.3183989, 40.237835], [-8.3192357, 40.2374337], [-8.320137, 40.2365655], [-8.3205339, 40.2355663], [-8.3204266, 40.2350257], [-8.3204374, 40.2343787], [-8.3207378, 40.2333794], [-8.3211991, 40.2326095], [-8.3214673, 40.2321263], [-8.32239, 40.2310041], [-8.3232698, 40.2296608], [-8.324171, 40.2288417], [-8.3242999, 40.2287572], [-8.3251581, 40.2281946], [-8.3258563, 40.2278963], [-8.3260593, 40.2278096], [-8.3268317, 40.2277604], [-8.327561, 40.2275327], [-8.3277759, 40.2274656], [-8.3288166, 40.2268184], [-8.3305547, 40.2261713], [-8.330898, 40.2261795], [-8.3315954, 40.2261467], [-8.3320889, 40.2259911], [-8.3331618, 40.2252539], [-8.3337626, 40.2241316], [-8.3337994, 40.2237753], [-8.3338591, 40.2231977], [-8.3340111, 40.2228707], [-8.3345672, 40.221674], [-8.3353183, 40.2209531], [-8.3365521, 40.2203551], [-8.3381078, 40.2197899], [-8.3397055, 40.2189705], [-8.3402643, 40.2186839], [-8.3403745, 40.2185941], [-8.3413693, 40.2177827], [-8.3422813, 40.2165211], [-8.3427963, 40.2155379], [-8.3431492, 40.2150493], [-8.3444056, 40.2133095], [-8.3448146, 40.2128967], [-8.3462402, 40.2114578], [-8.3470449, 40.210704], [-8.3484182, 40.2098437], [-8.3497915, 40.2089343], [-8.3511111, 40.2080002], [-8.3519587, 40.2071972], [-8.3532676, 40.2060173], [-8.3543247, 40.2053995]]}}, {"type": "Feature", "properties": {"waterbody": "Mondego", "name": "Rio Mondego", "city": "Coimbra", "country": "Portugal", "osm_id": 96922323}, "geometry": {"type": "LineString", "coordinates": [[-8.4407468, 40.2161429], [-8.4427166, 40.2178373], [-8.4429694, 40.2179304], [-8.4432096, 40.2180188], [-8.444426, 40.2184667], [-8.4451383, 40.218729], [-8.4535371, 40.2201233], [-8.4598401, 40.2203052], [-8.4648369, 40.2197604], [-8.4758025, 40.2178195], [-8.4762007, 40.2177491], [-8.4765267, 40.2176914], [-8.479479, 40.2171688], [-8.4905648, 40.2152722], [-8.4907286, 40.2152441], [-8.4908854, 40.2152291], [-8.493878, 40.2149434], [-8.5030718, 40.214159], [-8.5037019, 40.2143758], [-8.5093225, 40.2135454], [-8.5120234, 40.2125938], [-8.5175227, 40.2101757], [-8.5330005, 40.2034775], [-8.5420808, 40.2006696], [-8.5525778, 40.1985022], [-8.5660406, 40.1958174], [-8.5696177, 40.1952882], [-8.572218, 40.1944752], [-8.5784724, 40.1932016], [-8.5814525, 40.1928051], [-8.5842493, 40.1922873], [-8.5848756, 40.1919458], [-8.5879401, 40.1911756], [-8.5896223, 40.1904461], [-8.5946584, 40.1869808], [-8.5972711, 40.1861151], [-8.5997271, 40.1861048], [-8.6048353, 40.1868703], [-8.609346, 40.1868186], [-8.6107541, 40.1865235], [-8.6129029, 40.1860733], [-8.6169145, 40.1835298], [-8.6171687, 40.1831471], [-8.623984, 40.1728862], [-8.6259389, 40.1710381], [-8.6325153, 40.1675949], [-8.638151, 40.1644851], [-8.6429361, 40.1620254], [-8.6462191, 40.1609267], [-8.6508969, 40.1604839], [-8.6576346, 40.1618286], [-8.6655739, 40.1635176], [-8.669093, 40.1639768], [-8.6707509, 40.1637225], [-8.6727926, 40.162764], [-8.675423, 40.1592212], [-8.6766675, 40.1547441], [-8.6785344, 40.1503487], [-8.6805291, 40.1481166], [-8.6812166, 40.1473472], [-8.6838344, 40.1454281], [-8.6893276, 40.1429021], [-8.6902252, 40.1426814], [-8.6947993, 40.141557], [-8.700516, 40.1408387], [-8.7043909, 40.1410485], [-8.7071456, 40.1417006], [-8.7091161, 40.1425469], [-8.7176799, 40.1477973], [-8.7203197, 40.1483837], [-8.7257194, 40.1482553], [-8.7363218, 40.1473439], [-8.7407187, 40.1463138], [-8.7448815, 40.1448868], [-8.7575419, 40.1394628], [-8.7611475, 40.1374655], [-8.7635337, 40.1353269], [-8.7710256, 40.1244563], [-8.772411, 40.1177276], [-8.7757661, 40.113664], [-8.7779703, 40.1119661], [-8.7829152, 40.1103937], [-8.7891701, 40.111565], [-8.7930868, 40.1140793], [-8.7961653, 40.1181289], [-8.7983222, 40.1219153], [-8.7998867, 40.1246617], [-8.8001564, 40.1251352], [-8.8003848, 40.1255719], [-8.8025302, 40.1298354], [-8.805412, 40.133512], [-8.8098767, 40.1360757], [-8.8105038, 40.1364358], [-8.8132471, 40.138011], [-8.8279227, 40.1442143], [-8.8325337, 40.1446839], [-8.8387903, 40.1449939], [-8.8432434, 40.1453133], [-8.8546804, 40.1459202], [-8.8586692, 40.1458432], [-8.8674262, 40.1456742], [-8.8712793, 40.1449768], [-8.8732714, 40.1447903], [-8.8743121, 40.1445292], [-8.875052, 40.1441812], [-8.8758814, 40.1430313]]}}, {"type": "Feature", "properties": {"waterbody": "Mondego", "name": "Canal Condutor Geral do Mondego", "city": "Coimbra", "country": "Portugal", "osm_id": 96924624}, "geometry": {"type": "LineString", "coordinates": [[-8.4449289, 40.2229467], [-8.445123, 40.2229763], [-8.44552, 40.2230377], [-8.4458633, 40.2230295], [-8.4464212, 40.2229067], [-8.447317, 40.2226896], [-8.4476228, 40.2226445], [-8.4480198, 40.2226691], [-8.4483792, 40.2227674], [-8.4505357, 40.2236112], [-8.4508254, 40.2236849], [-8.4511526, 40.2237504], [-8.4522684, 40.2238405], [-8.4532984, 40.2239388], [-8.4539743, 40.2240126], [-8.4546502, 40.2239798], [-8.4555407, 40.2238446], [-8.4568121, 40.2236685], [-8.4577937, 40.2235292], [-8.4586038, 40.2234678], [-8.4599556, 40.2233818], [-8.4618331, 40.2232626], [-8.4620853, 40.2232466], [-8.4632276, 40.223177], [-8.4646817, 40.2230843], [-8.4650086, 40.2230418], [-8.465427, 40.2229271], [-8.4658855, 40.22264], [-8.4665774, 40.2219232], [-8.4684483, 40.2199951], [-8.4688054, 40.2197711], [-8.4690266, 40.2196872], [-8.469268, 40.2196257], [-8.4725725, 40.2190441], [-8.4757375, 40.2185116], [-8.4789239, 40.2179627], [-8.4822713, 40.217381], [-8.4847716, 40.2169639], [-8.4855186, 40.2168362], [-8.4858636, 40.2167612], [-8.4862119, 40.2167016], [-8.4865345, 40.2166465], [-8.4869941, 40.216582], [-8.4899684, 40.2160733], [-8.4902869, 40.2160233], [-8.4907016, 40.2159762], [-8.5073117, 40.2144486], [-8.5093402, 40.2142268], [-8.510456, 40.213981], [-8.5111533, 40.2137352], [-8.5118239, 40.2134649], [-8.512017, 40.2133543], [-8.5123267, 40.2132216], [-8.5126768, 40.2130716], [-8.5129397, 40.2129897], [-8.5146831, 40.2122277], [-8.5181968, 40.2106997], [-8.5216193, 40.2092208], [-8.5242854, 40.2080491], [-8.5279869, 40.2064636], [-8.5317527, 40.2048289], [-8.5330455, 40.2043045], [-8.5339789, 40.203948], [-8.5347461, 40.2037145], [-8.5379486, 40.2027435], [-8.541296, 40.2017315], [-8.5425459, 40.2013709], [-8.5438334, 40.2010882], [-8.546065, 40.2006293], [-8.5472505, 40.2003548], [-8.5475336, 40.2002965], [-8.5478674, 40.2002278], [-8.5481732, 40.2001991], [-8.5506891, 40.1996664], [-8.5546159, 40.1988715], [-8.5584085, 40.1980766], [-8.5610263, 40.1975481]]}}, {"type": "Feature", "properties": {"waterbody": "Mondego", "name": "Canal Condutor Geral do Mondego", "city": "Coimbra", "country": "Portugal", "osm_id": 143627311}, "geometry": {"type": "LineString", "coordinates": [[-8.5610263, 40.1975481], [-8.5639177, 40.1969498], [-8.5663762, 40.1964396], [-8.5696951, 40.1957451], [-8.5729047, 40.1950915], [-8.5761003, 40.1944379], [-8.5800002, 40.1936266], [-8.5824464, 40.1931349], [-8.5849569, 40.1926063], [-8.5860513, 40.1923809], [-8.5872851, 40.1920858], [-8.5885403, 40.1916556], [-8.5894469, 40.1912253], [-8.5905359, 40.1906311], [-8.5923239, 40.1895759], [-8.5938243, 40.1887215], [-8.5949417, 40.1882031], [-8.5957448, 40.1878855], [-8.5968927, 40.1875904], [-8.5979924, 40.1873814], [-8.5991635, 40.1872851], [-8.6001774, 40.1872769], [-8.6028794, 40.1873896], [-8.6042956, 40.187447], [-8.6065449, 40.187531], [-8.6079917, 40.1875535], [-8.6097207, 40.187449], [-8.6107437, 40.1873281], [-8.6121116, 40.1870495], [-8.6134436, 40.1866335], [-8.61459, 40.1861151], [-8.6160346, 40.1851582], [-8.6169069, 40.1843811], [-8.618116, 40.1831049], [-8.618838, 40.1821852], [-8.6222498, 40.1773326], [-8.6247174, 40.1739716], [-8.6258622, 40.1728419], [-8.626978, 40.1719237], [-8.6287086, 40.1707907], [-8.6347167, 40.167659], [-8.6418911, 40.1639712], [-8.6438791, 40.1631332], [-8.6458608, 40.1625117], [-8.6478274, 40.1621657], [-8.6495944, 40.161987], [-8.6515824, 40.1620345], [-8.6534493, 40.1622149], [-8.6551948, 40.1624953], [-8.6634775, 40.1640204], [-8.6649833, 40.1642973], [-8.6665336, 40.1645596], [-8.6675314, 40.164658], [-8.6688795, 40.1646968], [-8.6698381, 40.1646006], [-8.6706052, 40.164449], [-8.6710344, 40.164449], [-8.6718586, 40.1646666]]}}, {"type": "Feature", "properties": {"waterbody": "Mondego", "name": "Rio Mondego", "city": "Coimbra", "country": "Portugal", "osm_id": 183579563}, "geometry": {"type": "LineString", "coordinates": [[-8.2497661, 40.3090814], [-8.2517135, 40.3083952], [-8.2519375, 40.3083057], [-8.2532486, 40.3071767], [-8.2537812, 40.3057064], [-8.2538987, 40.3042795], [-8.2535774, 40.3029621], [-8.2530211, 40.3017111], [-8.2520721, 40.3005353], [-8.2504333, 40.2998619], [-8.2487478, 40.2998193], [-8.2482151, 40.2996962], [-8.2476319, 40.2995676]]}}, {"type": "Feature", "properties": {"waterbody": "Mondego", "name": "Rio Mondego", "city": "Coimbra", "country": "Portugal", "osm_id": 183579564}, "geometry": {"type": "LineString", "coordinates": [[-8.2476319, 40.2995676], [-8.2475999, 40.2995722]]}}, {"type": "Feature", "properties": {"waterbody": "Mondego", "name": "Rio Mondego", "city": "Coimbra", "country": "Portugal", "osm_id": 183579565}, "geometry": {"type": "LineString", "coordinates": [[-8.2475999, 40.2995722], [-8.2464411, 40.2997395], [-8.2452856, 40.3002023], [-8.2428266, 40.3021808], [-8.2395236, 40.3029356], [-8.2370073, 40.3049365], [-8.2351919, 40.3058136], [-8.2338916, 40.3061916], [-8.232411, 40.3058905], [-8.2314261, 40.305267], [-8.2307759, 40.3037149], [-8.2310002, 40.3027224], [-8.2316757, 40.3025782], [-8.232214, 40.3024633], [-8.2345439, 40.3014124], [-8.2361189, 40.3007423], [-8.2381445, 40.3003389], [-8.2405536, 40.2988771], [-8.2439214, 40.2972172], [-8.2450536, 40.2966879], [-8.2461205, 40.2962101], [-8.24691, 40.2961313], [-8.2491535, 40.2966924], [-8.2501882, 40.2969512], [-8.2520276, 40.2969095], [-8.2545698, 40.2964136], [-8.2559318, 40.2958523], [-8.2572333, 40.2950062], [-8.2582782, 40.2937697], [-8.2593404, 40.2920896], [-8.2608639, 40.2883775], [-8.2610223, 40.2880386], [-8.2611642, 40.2877351], [-8.2618896, 40.2868798], [-8.2628222, 40.285648], [-8.2722193, 40.2766145], [-8.2732391, 40.2744441], [-8.2731692, 40.2729494], [-8.273305, 40.2710792], [-8.2733325, 40.2706998], [-8.2733587, 40.2703393], [-8.2739295, 40.269474], [-8.2746848, 40.2689255], [-8.2769346, 40.2684335], [-8.2795337, 40.2676648], [-8.2798625, 40.2674736], [-8.2799848, 40.2671122], [-8.2795921, 40.2655126], [-8.2792102, 40.2633725], [-8.278942, 40.2620479], [-8.2790088, 40.2611321], [-8.2790734, 40.2602499], [-8.2791266, 40.2595194], [-8.2791803, 40.258782], [-8.2798539, 40.2566261], [-8.2794505, 40.2552227], [-8.2803721, 40.2529169], [-8.2808628, 40.2516469], [-8.2812567, 40.2510744], [-8.2814002, 40.2501], [-8.2813479, 40.2488427], [-8.2811232, 40.2475449], [-8.2811156, 40.2475011], [-8.280738, 40.2464987], [-8.2800342, 40.2453833], [-8.2799698, 40.2445571], [-8.2803045, 40.2436669], [-8.2817358, 40.2426334], [-8.2832786, 40.2420863], [-8.2838478, 40.2416324], [-8.2843364, 40.2412428], [-8.2858235, 40.2404738], [-8.2876648, 40.2398863], [-8.2878244, 40.2398354], [-8.2888908, 40.2398202], [-8.2891583, 40.2399041], [-8.2898607, 40.2401142], [-8.2912211, 40.2410722], [-8.2916576, 40.2413796], [-8.2927415, 40.2421429], [-8.2955706, 40.2438405], [-8.297033, 40.2443704], [-8.2982561, 40.2447661]]}}, {"type": "Feature", "properties": {"waterbody": "Mondego", "name": "Canal Condutor Geral do Mondego", "city": "Coimbra", "country": "Portugal", "osm_id": 1430017562}, "geometry": {"type": "LineString", "coordinates": [[-8.4391774, 40.2157961], [-8.43911, 40.2157957], [-8.4390812, 40.2158239], [-8.4390738, 40.2158725], [-8.4390758, 40.2159166], [-8.4391147, 40.2159903], [-8.4391764, 40.2160661], [-8.4393749, 40.2162689]]}}, {"type": "Feature", "properties": {"waterbody": "Mondego", "name": "Rio Mondego", "city": "Coimbra", "country": "Portugal", "osm_id": 1434558980}, "geometry": {"type": "LineString", "coordinates": [[-8.2493418, 40.3092309], [-8.2497661, 40.3090814]]}}, {"type": "Feature", "properties": {"waterbody": "Mondego", "name": "Canal Condutor Geral do Mondego", "city": "Coimbra", "country": "Portugal", "osm_id": 1476658115}, "geometry": {"type": "LineString", "coordinates": [[-8.4442902, 40.2228461], [-8.4449289, 40.2229467]]}}, {"type": "Feature", "properties": {"waterbody": "Mondego", "name": "Canal Condutor Geral do Mondego", "city": "Coimbra", "country": "Portugal", "osm_id": 1476658116}, "geometry": {"type": "LineString", "coordinates": [[-8.4393749, 40.2162689], [-8.439402, 40.2162963], [-8.4394765, 40.2163718], [-8.4396057, 40.2165229], [-8.4396565, 40.2166129], [-8.4397101, 40.216742], [-8.4397264, 40.2168403], [-8.4398033, 40.2173641], [-8.4398496, 40.2176124], [-8.4399448, 40.2177917], [-8.4400764, 40.2179596], [-8.4417166, 40.2201419], [-8.4419526, 40.2205965], [-8.4421136, 40.221256], [-8.4422208, 40.2216533], [-8.4424569, 40.2220178], [-8.4427251, 40.2222759], [-8.4431167, 40.2225257], [-8.4435834, 40.2227142], [-8.4440877, 40.2228125], [-8.4442902, 40.2228461]]}}, {"type": "Feature", "properties": {"waterbody": "Arthurs Creek", "name": "Arthurs Creek", "city": "Melbourne", "country": "Australia", "osm_id": 315588182}, "geometry": {"type": "LineString", "coordinates": [[145.268759, -37.5300087], [145.2690737, -37.5295322], [145.2696316, -37.528965], [145.2699034, -37.5285225], [145.2704184, -37.5283751], [145.270819, -37.5283297], [145.2714055, -37.5281141], [145.2717917, -37.5278759], [145.2720921, -37.5274561], [145.2722352, -37.5271725], [145.2721493, -37.5268208], [145.2718919, -37.5263557], [145.2716201, -37.5259359], [145.2713483, -37.5254934], [145.2710335, -37.5250623], [145.2710192, -37.5246312], [145.2710192, -37.5242455], [145.2710192, -37.5238597], [145.2710765, -37.5234173], [145.271148, -37.5230655], [145.2711194, -37.5226798], [145.2710908, -37.5221125], [145.2710908, -37.52167], [145.2709477, -37.5213864], [145.2708905, -37.5211595], [145.2713626, -37.5211481], [145.271663, -37.5209439], [145.2720635, -37.520751], [145.2723067, -37.5204787], [145.2730935, -37.5199341], [145.2732938, -37.5196051], [145.2736371, -37.5191059], [145.27368, -37.5186293], [145.2740376, -37.5182776], [145.2742665, -37.5178691], [145.2743237, -37.5175174], [145.2743666, -37.5171316], [145.2746957, -37.5167004], [145.2748959, -37.5162806], [145.2752393, -37.5159289], [145.2753537, -37.5155885], [145.2753108, -37.5147715], [145.2755826, -37.5144765], [145.2759974, -37.5142836], [145.2763694, -37.5139659], [145.2766698, -37.5133645], [145.2767556, -37.512956], [145.2768271, -37.512661], [145.2769702, -37.512139], [145.2772277, -37.5118213], [145.2775138, -37.5115944], [145.2776485, -37.5113376], [145.27774, -37.51086], [145.27763, -37.51023], [145.278563, -37.5086974], [145.27947, -37.50721], [145.2794, -37.50657], [145.28021, -37.50398], [145.27993, -37.50251], [145.28054, -37.50078], [145.2819845, -37.4993565], [145.2824617, -37.4988862], [145.2832573, -37.4984815], [145.2842086, -37.4977494], [145.2847092, -37.4970855], [145.2850168, -37.4968074], [145.2854245, -37.4961435], [145.2859538, -37.4956781], [145.2861898, -37.4954285], [145.2863043, -37.4946567], [145.2863053, -37.49417], [145.2863651, -37.4937479], [145.2864216, -37.4936155], [145.2865459, -37.4935253], [145.2866547, -37.4927385], [145.2868407, -37.4923072], [145.2873843, -37.4918759], [145.2877991, -37.4915354], [145.2881139, -37.4910587], [145.2884429, -37.4905593], [145.2887433, -37.4902415], [145.2892153, -37.4901507], [145.2897589, -37.4898328], [145.2901738, -37.4893675], [145.290746, -37.4889248], [145.2913611, -37.4886524], [145.2919333, -37.4884367], [145.2928918, -37.4883686], [145.2936928, -37.4884027], [145.2942651, -37.4883345], [145.2948659, -37.4880848]]}}, {"type": "Feature", "properties": {"waterbody": "Arthurs Creek", "name": "Arthurs Creek", "city": "Melbourne", "country": "Australia", "osm_id": 424852621}, "geometry": {"type": "LineString", "coordinates": [[145.2365231, -37.4976152], [145.2364698, -37.4978719], [145.2363866, -37.4982677], [145.2362702, -37.4984656], [145.2361788, -37.4985184], [145.2359044, -37.498624], [145.2357298, -37.4986833], [145.235605, -37.4987493], [145.2354304, -37.4988417], [145.2352808, -37.4990659], [145.2352974, -37.4992375], [145.2354471, -37.4994288], [145.2355602, -37.4995762], [145.2356537, -37.4999054], [145.2355843, -37.5002039], [145.2355926, -37.5005766], [145.2356757, -37.5008239], [145.235709, -37.5009954], [145.2357298, -37.5012725], [145.2357921, -37.5013912], [145.2359958, -37.5017376], [145.2359917, -37.5018068], [145.235867, -37.50182], [145.2353057, -37.5018728], [145.2351685, -37.5019783], [145.2351727, -37.50213], [145.2351436, -37.5023444], [145.2351768, -37.5025159], [145.235339, -37.5026578], [145.2355468, -37.5028095], [145.2358545, -37.5030502], [145.2359376, -37.5032217], [145.235865, -37.503399], [145.2357457, -37.503574], [145.2356108, -37.503751], [145.2355693, -37.503928], [145.2355018, -37.5040968], [145.2355226, -37.5041997], [145.2356367, -37.504282], [145.2357976, -37.5043685], [145.2359066, -37.504529], [145.2359066, -37.5046649], [145.2357872, -37.5048172], [145.2356212, -37.5048995], [145.2354759, -37.5049612], [145.2353929, -37.505023], [145.2353669, -37.5051053], [145.2353669, -37.5051877], [145.235507, -37.5052576], [145.235699, -37.505377], [145.2359429, -37.5055046], [145.2359948, -37.5056446], [145.2359014, -37.5057763], [145.2357301, -37.5059492], [145.2356834, -37.5060233], [145.2357509, -37.5061427], [145.235782, -37.5062785], [145.235891, -37.506402], [145.2359221, -37.5065049], [145.2357976, -37.5067725], [145.2357301, -37.5070195], [145.2356938, -37.5071718], [145.2357509, -37.5072952], [145.2357405, -37.5074599], [145.2356783, -37.5075216], [145.2355278, -37.5076328], [145.2353565, -37.5077028], [145.2353202, -37.5077769], [145.2353565, -37.5078674], [145.2355174, -37.5079786], [145.2356316, -37.5081226], [145.235699, -37.508205], [145.2357872, -37.5083449], [145.235782, -37.5084478], [145.2356212, -37.5086289], [145.235507, -37.5087895], [145.2355433, -37.5089665], [145.2355849, -37.5091023], [145.2356056, -37.5092916], [145.2355278, -37.5095345], [145.2355278, -37.509695], [145.2355226, -37.5098556], [145.235463, -37.5102241], [145.23543, -37.51081], [145.2353389, -37.5110743], [145.2352258, -37.5114023], [145.23513, -37.51168], [145.2350763, -37.5118889], [145.2351333, -37.5121069], [145.2351366, -37.5125436], [145.23514, -37.51299], [145.2351075, -37.5132514], [145.2350244, -37.5134448], [145.2349622, -37.513593], [145.2349155, -37.5136794], [145.23473, -37.51389], [145.2346612, -37.5141651], [145.2348636, -37.5147125], [145.2348636, -37.5149183], [145.2348117, -37.5151282], [145.2346853, -37.5154518], [145.2346041, -37.5164988], [145.2344329, -37.5174002], [145.2343862, -37.5177706], [145.234355, -37.5179558], [145.2342357, -37.5181122], [145.2342201, -37.518281], [145.2342409, -37.5184003], [145.2342513, -37.5185773], [145.2342772, -37.5187543], [145.2343239, -37.5189312], [145.2343343, -37.5190794], [145.2343135, -37.5192893], [145.2342409, -37.5194334], [145.2341734, -37.519705], [145.234106, -37.519882], [145.2340748, -37.5200301], [145.2340074, -37.5201742], [145.2340074, -37.5203429], [145.2340074, -37.5205322], [145.2339814, -37.5206845], [145.233914, -37.5208039], [145.2339347, -37.5210096], [145.2340697, -37.5211825], [145.2342253, -37.5213677], [145.2342616, -37.5215241], [145.2341994, -37.5216846], [145.2341527, -37.5218328], [145.2340385, -37.522018], [145.2339866, -37.5221743], [145.2339866, -37.5223225], [145.2339659, -37.5224665], [145.234023, -37.5225777], [145.23408, -37.5226764], [145.2341579, -37.5227999], [145.2341734, -37.5228946], [145.2341682, -37.5230304], [145.2340904, -37.5232115], [145.2340697, -37.5233802], [145.2339814, -37.5234748], [145.233888, -37.5235489], [145.2338413, -37.5236189], [145.2338258, -37.5237053], [145.2338206, -37.5238288], [145.2337946, -37.5240016], [145.2337687, -37.5241621], [145.2337531, -37.524302], [145.233696, -37.5243885], [145.2336182, -37.5243926], [145.2334833, -37.5244008], [145.2333484, -37.5244049], [145.2332394, -37.5244255], [145.2332238, -37.5244831], [145.2333121, -37.5246272], [145.2334003, -37.5247506], [145.2335507, -37.5248165], [145.2337479, -37.5248494], [145.2338828, -37.5248988], [145.2339814, -37.5249687], [145.2339814, -37.5250263], [145.2338932, -37.5251087], [145.2336234, -37.5252609], [145.2334937, -37.5253844], [145.2333899, -37.5254873], [145.2333743, -37.525586], [145.2333743, -37.5256972], [145.2334262, -37.5258906], [145.2334885, -37.5261128], [145.2335456, -37.5262445], [145.2335456, -37.5263515], [145.2334522, -37.5264873], [145.2332705, -37.5266889], [145.23298, -37.5270058], [145.2328087, -37.5271992], [145.2327049, -37.5273227], [145.2326323, -37.5274585], [145.2325493, -37.5276231], [145.2324507, -37.527833], [145.2324247, -37.5280058], [145.2323261, -37.5282239], [145.2321808, -37.5282568], [145.2320667, -37.528228], [145.2316827, -37.528191], [145.2314544, -37.5281581], [145.231086, -37.5280552], [145.2309251, -37.5280264], [145.2307227, -37.5280717], [145.2305774, -37.5281951], [145.2305774, -37.528335], [145.2306034, -37.5285737], [145.2306501, -37.5289482], [145.2306137, -37.5290552], [145.23051, -37.5292116], [145.2304218, -37.5293186], [145.2302038, -37.5295367], [145.2300481, -37.5297465], [145.2299799, -37.5297993], [145.2298406, -37.529907], [145.2297057, -37.5300675], [145.2295759, -37.5302198], [145.2293839, -37.5302527], [145.2291089, -37.5301539], [145.2289636, -37.5301128], [145.2286886, -37.5301416], [145.228424, -37.5302321], [145.2282735, -37.5302774]]}}, {"type": "Feature", "properties": {"waterbody": "Arthurs Creek", "name": "Arthurs Creek", "city": "Melbourne", "country": "Australia", "osm_id": 425098659}, "geometry": {"type": "LineString", "coordinates": [[145.2243571, -37.5328153], [145.2243016, -37.5331028], [145.2243016, -37.5332085], [145.2243489, -37.5333313], [145.224422, -37.53342], [145.2246156, -37.5335803], [145.224749, -37.5337645], [145.2247834, -37.5338839], [145.2246888, -37.5340511], [145.2246242, -37.5341875], [145.224607, -37.534283], [145.2246758, -37.5343513], [145.2247533, -37.5345218], [145.2247705, -37.5346821], [145.2248049, -37.5348766], [145.2248135, -37.5350642], [145.2248221, -37.5353473], [145.2247619, -37.5355042], [145.2247275, -37.5356714], [145.2246801, -37.535859], [145.2245339, -37.5359511], [145.2244823, -37.5360602], [145.2244134, -37.5362206], [145.2242543, -37.5364355], [145.2242629, -37.5366504], [145.2242715, -37.536838], [145.2241812, -37.5370222], [145.2240865, -37.53722], [145.2239489, -37.5374178], [145.2236563, -37.5375543], [145.2234068, -37.5378817], [145.2231143, -37.5382706], [145.2230455, -37.5385094], [145.2230455, -37.5387413], [145.2230627, -37.5389664], [145.2232004, -37.5395122], [145.2229773, -37.5398366], [145.2229853, -37.5401671], [145.2231143, -37.5404331], [145.2232262, -37.5406719], [145.2232348, -37.5409175], [145.2230111, -37.5410471], [145.2221852, -37.5413609], [145.2217378, -37.5415178], [145.2210925, -37.5416065], [145.2208086, -37.5415383], [145.2204473, -37.5413131], [145.220086, -37.5412313], [145.2198795, -37.5412518], [145.2197246, -37.5413336], [145.2196902, -37.5414564], [145.2197074, -37.5416883], [145.2197074, -37.5420362], [145.2197332, -37.542275], [145.2195353, -37.542391], [145.2192514, -37.5425069], [145.2189159, -37.5426434], [145.2188041, -37.5428276], [145.2188471, -37.5429503], [145.2188987, -37.5431345], [145.2188127, -37.5432846], [145.2185718, -37.5434415], [145.2182018, -37.5435575], [145.21809, -37.5436734], [145.2181244, -37.5439122], [145.2182018, -37.5440895], [145.2179351, -37.5442055], [145.217634, -37.5442737], [145.2174275, -37.5443488], [145.2170146, -37.5445193], [145.2167565, -37.5447921], [145.2164123, -37.5450718], [145.2160424, -37.5453583], [145.2157241, -37.5455357], [145.2156466, -37.5456448], [145.2156294, -37.5457744], [145.2156638, -37.5459927], [145.2156896, -37.5461769], [145.2154832, -37.5464634], [145.2153971, -37.546743], [145.2154057, -37.546975], [145.2154401, -37.5472273], [145.215466, -37.5474797], [145.2154918, -37.5479163], [145.2153971, -37.5481141], [145.2152337, -37.5481687], [145.2151648, -37.5483392], [145.2152681, -37.5484824], [145.2154057, -37.5486939], [145.2152595, -37.5490622], [145.2149239, -37.5493146], [145.2145282, -37.5496693], [145.214511, -37.5499899], [145.2145024, -37.5502013], [145.2145454, -37.5503446], [145.214511, -37.5505901], [145.2143991, -37.5507265], [145.2144852, -37.550822], [145.214683, -37.5509312], [145.2147519, -37.5510676], [145.214597, -37.5512927], [145.2144422, -37.5515791], [145.2142701, -37.5517974], [145.2141152, -37.5518997], [145.2139862, -37.5520566], [145.2139776, -37.5521725], [145.2140722, -37.5522408], [145.2142873, -37.5523226], [145.214511, -37.5524181], [145.2148465, -37.5525613], [145.2150272, -37.55265], [145.2151992, -37.5527659], [145.2152595, -37.5529092], [145.2153283, -37.5532025], [145.2153799, -37.5535162], [145.2154401, -37.5536253], [145.2154832, -37.5537822], [145.2152681, -37.5539323], [145.2150014, -37.5542869], [145.2149842, -37.5545802], [145.2147261, -37.5548394], [145.2145712, -37.554969], [145.214468, -37.55531], [145.2146142, -37.5555214], [145.2146142, -37.5556169], [145.214511, -37.5557397], [145.2143561, -37.5559716], [145.2142529, -37.5561489], [145.2139604, -37.5564217], [145.2138399, -37.5565104], [145.2135474, -37.5566195], [145.2132377, -37.5567559], [145.2131086, -37.5568855], [145.2130398, -37.557131], [145.2130312, -37.5572811], [145.2131, -37.557438], [145.2133581, -37.5577244], [145.2134097, -37.5579358], [145.2133237, -37.5582223], [145.2131775, -37.558536], [145.213014, -37.5589316], [145.2128849, -37.5593135], [145.2127903, -37.5595249], [145.2127731, -37.5596409], [145.2127215, -37.5597977], [145.2127645, -37.5599], [145.2129366, -37.5599137], [145.2131775, -37.5599137], [145.213556, -37.5600228], [145.2138657, -37.5602683], [145.214055, -37.5604252], [145.2141066, -37.5607252], [145.2141668, -37.5609162], [145.2142443, -37.5611208], [145.2144077, -37.5612367], [145.2146853, -37.5614129], [145.2147856, -37.5616118], [145.2151168, -37.5618265], [145.2152472, -37.5619777], [145.2155282, -37.5621765], [145.2156586, -37.5622958], [145.2157289, -37.5624549], [145.2156486, -37.5625663], [145.2155382, -37.5627731], [145.2156787, -37.5629719], [145.215779, -37.5631708], [145.2158392, -37.5633697], [145.2158994, -37.563489], [145.2158292, -37.5637355], [145.2156687, -37.5638628], [145.215488, -37.5640855], [145.2155783, -37.5642207], [145.2156185, -37.5644116], [145.2154379, -37.564523], [145.2150064, -37.5647377], [145.2145749, -37.5649207], [145.2141334, -37.5649764], [145.2137922, -37.5650241], [145.2136718, -37.5650957], [145.2136718, -37.5652388], [145.2139528, -37.5655093], [145.2139879, -37.5655411], [145.2141535, -37.5656882], [145.2141936, -37.5657399], [145.2141083, -37.5658075], [145.2139728, -37.5658751], [145.2137722, -37.5658831], [145.2135715, -37.5659348], [145.2133407, -37.5660183], [145.2132604, -37.566078], [145.2132805, -37.5661973], [145.2132855, -37.5664438], [145.2131952, -37.566583], [145.2130748, -37.5666984], [145.2130095, -37.5667819], [145.2129895, -37.5668892], [145.2129945, -37.5669926], [145.2128741, -37.5671398], [145.2127386, -37.5672432], [145.2126132, -37.5673824], [145.2126132, -37.5674699], [145.2126684, -37.5676051], [145.2127386, -37.5677801], [145.2127386, -37.5679073], [145.2125379, -37.5680584], [145.2124777, -37.568138], [145.2124777, -37.5683408], [145.212568, -37.5685516], [145.2126884, -37.5687941], [145.2127737, -37.5689373], [145.212864, -37.5690725], [145.2129042, -37.5692077], [145.212854, -37.569331], [145.2128339, -37.5694543], [145.2129644, -37.569506], [145.2130647, -37.5695935], [145.2131099, -37.5697128], [145.2131199, -37.5698877], [145.2132002, -37.5700468], [145.2133357, -37.5702933], [145.2133858, -37.5703888], [145.2134611, -37.5705558], [145.2134711, -37.570691], [145.213426, -37.5708342], [145.2133808, -37.5710489], [145.2132955, -37.5712279], [145.2132704, -37.5712716], [145.2132353, -37.5714903], [145.2133106, -37.5716732], [145.2133306, -37.5717965], [145.2132955, -37.5719277], [145.2131651, -37.5719874], [145.2129594, -37.5720749], [145.2126935, -37.5721305], [145.2124627, -37.5721783], [145.2122519, -37.5722419], [145.211991, -37.572393], [145.2118255, -37.5724725], [145.2117352, -37.5725163], [145.2116549, -37.5726316], [145.2116198, -37.5727986], [145.2114542, -37.5729616], [145.2113137, -37.5729935], [145.2110829, -37.573069], [145.2109073, -37.5731128], [145.2107869, -37.5731525], [145.2106715, -37.5732639], [145.2105511, -37.5733235], [145.2104859, -37.5733792], [145.2104909, -37.5734508], [145.2105963, -37.5735701], [145.2106715, -37.5736456], [145.2107117, -37.5737808], [145.2104909, -37.5738524], [145.2102752, -37.5739359], [145.2101196, -37.5738564], [145.2099942, -37.5738007], [145.2098387, -37.5737371], [145.209638, -37.573749], [145.2094172, -37.573749], [145.2093119, -37.573753], [145.2090209, -37.5737768], [145.2088453, -37.5738166], [145.208775, -37.5738405], [145.2088001, -37.573924], [145.2089607, -37.5740194], [145.2091212, -37.5741387], [145.2089306, -37.5743176], [145.20878, -37.5743892], [145.2086797, -37.574421], [145.2084489, -37.5744568], [145.2082582, -37.5745483], [145.2081479, -37.5746516], [145.2081378, -37.5747868], [145.2080525, -37.5748704], [145.2079572, -37.5749101], [145.2077816, -37.5749539], [145.2075809, -37.5749539], [145.2073552, -37.574938], [145.2072849, -37.5750533], [145.2072849, -37.5751726], [145.2072799, -37.575264], [145.2071745, -37.5753793], [145.2069789, -37.5754867], [145.2067481, -37.5755265], [145.2065674, -37.5756418], [145.2065022, -37.575773], [145.2062664, -37.5758128], [145.2060557, -37.5758207], [145.2058751, -37.5758366], [145.2057195, -37.57594], [145.2056593, -37.5760235], [145.2055138, -37.5761507], [145.2054436, -37.5763456], [145.2054336, -37.5765166], [145.2053884, -37.5766995], [145.2051727, -37.5766359], [145.2049419, -37.5767273], [145.2047914, -37.5768426], [145.2045305, -37.5770375], [145.2043448, -37.5772482], [145.2043448, -37.5773595], [145.204405, -37.5775504], [145.2044251, -37.5776538], [145.2044853, -37.5777492], [145.2045204, -37.5778287], [145.2045806, -37.5779282], [145.2045907, -37.5780435], [145.2045907, -37.578119], [145.2045857, -37.5783059], [145.2046258, -37.5784093], [145.2046659, -37.5786001], [145.2046659, -37.578783], [145.2046709, -37.5788586], [145.2046408, -37.5790574], [145.2046208, -37.5791568], [145.2046107, -37.5793079], [145.2046107, -37.579455], [145.204676, -37.5795624], [145.2047362, -37.5796499], [145.2048465, -37.579789], [145.2049569, -37.5798844], [145.2050573, -37.5799441], [145.2051526, -37.5800077], [145.2052379, -37.5800475], [145.2054185, -37.5801548], [145.2056041, -37.5802821], [145.2057396, -37.5803298], [145.2059704, -37.5803377], [145.2061711, -37.5802741], [145.2063216, -37.5802622], [145.2064621, -37.5802463], [145.2065976, -37.5802662], [145.2066277, -37.5803775], [145.2065825, -37.5804769], [145.206427, -37.5805365], [145.2062564, -37.5806002], [145.206146, -37.5806757], [145.2060055, -37.5808467], [145.2060055, -37.5810534], [145.2060055, -37.5811966], [145.206156, -37.5813874], [145.2063166, -37.5815385], [145.2064771, -37.5816498], [145.2064721, -37.5818407], [145.2063617, -37.5818725], [145.2060808, -37.5820037], [145.2060356, -37.5820355], [145.2060055, -37.5820952], [145.2060105, -37.5821985], [145.2060356, -37.5823138], [145.2059503, -37.5824769], [145.2058299, -37.5826279], [145.2057195, -37.5827671], [145.2056092, -37.5828745], [145.2054787, -37.5829898], [145.2053734, -37.5830772], [145.2052881, -37.5832562], [145.2052228, -37.583451], [145.2051877, -37.5835583], [145.2052228, -37.5837452], [145.2051877, -37.5839003], [145.2050071, -37.5840712], [145.2048315, -37.5842819], [145.2047613, -37.5844768], [145.2046408, -37.5846636], [145.2046358, -37.5847829], [145.2045907, -37.5850413], [145.2045756, -37.5850891], [145.2045154, -37.5851964], [145.2045405, -37.5853872], [145.2046358, -37.585598], [145.2046258, -37.5857689], [145.2044903, -37.5858524], [145.204405, -37.5858842], [145.2041441, -37.5858365], [145.2039435, -37.5858484], [145.2038883, -37.585749], [145.2038933, -37.5854827], [145.2038331, -37.5853713], [145.2035371, -37.585268], [145.2033414, -37.5852282], [145.2031558, -37.5853276], [145.2030103, -37.5854151], [145.20294, -37.5854588], [145.2028447, -37.5855582], [145.2027393, -37.5856656], [145.2027393, -37.5857331], [145.2027694, -37.5858206], [145.202935, -37.5859637], [145.2029852, -37.5861069], [145.2030153, -37.5861824], [145.2030353, -37.5863255], [145.2030855, -37.5864766], [145.2031106, -37.586576], [145.2031357, -37.5866197], [145.2031357, -37.5868026], [145.2031357, -37.586906], [145.2032862, -37.5871764], [145.2033163, -37.587399], [145.2032962, -37.5875342], [145.2033263, -37.5876336], [145.2034618, -37.587725], [145.2035371, -37.5878562], [145.2035371, -37.5879993], [145.2034618, -37.5882657], [145.2034317, -37.5883412], [145.2033665, -37.588548], [145.2032812, -37.5885957], [145.2031608, -37.5886156], [145.2028999, -37.588866], [145.2026992, -37.5890251], [145.2025687, -37.5891642], [145.2024734, -37.5892557], [145.2022276, -37.5894266], [145.2019265, -37.5896254], [145.2015151, -37.5897924], [145.2011238, -37.5898162], [145.2008027, -37.5897288], [145.2005117, -37.5896015], [145.2001605, -37.5894187], [145.1992273, -37.5893153], [145.1985951, -37.5892358], [145.1978726, -37.5892278], [145.1974412, -37.589204], [145.1964136, -37.5892112], [145.1962325, -37.5892856], [145.1960629, -37.5892562], [145.1958463, -37.5893239], [145.1956739, -37.5894089], [145.1955647, -37.5896969], [145.1955351, -37.5898446], [145.195578, -37.5899849], [145.1956585, -37.5902612], [145.1956639, -37.5905035], [145.1957926, -37.5907989], [145.195621, -37.5909647], [145.1953098, -37.5909328], [145.1952025, -37.5908478], [145.1951784, -37.590733], [145.1950228, -37.5906416], [145.1949672, -37.5905007], [145.1948699, -37.5904312], [145.1948485, -37.5902973], [145.1946949, -37.5902346], [145.194491, -37.5902456], [145.1942703, -37.590333], [145.1940774, -37.5904135], [145.1938591, -37.5905047], [145.19366, -37.59059], [145.1936281, -37.5908777], [145.1935177, -37.5910566], [145.1935779, -37.5911321], [145.1937945, -37.5912221], [145.1939693, -37.5912991], [145.1942653, -37.591486], [145.1947469, -37.5918915], [145.1948172, -37.591971], [145.1947369, -37.5921419], [145.1945763, -37.5921976], [145.1944359, -37.5921737], [145.1941198, -37.5921618], [145.19402, -37.59224], [145.1939341, -37.5923208], [145.1939341, -37.592452], [145.1939341, -37.592623], [145.1939693, -37.5928178], [145.19402, -37.5929847], [145.1939909, -37.5931563], [145.1939291, -37.5933584], [145.1936933, -37.5935373], [145.1937485, -37.5937242], [145.1940044, -37.5938911], [145.1940997, -37.5940303], [145.1941398, -37.5941614], [145.19405, -37.59431], [145.1938639, -37.5944159], [145.1936783, -37.5944278], [145.1934976, -37.5944755], [145.1933672, -37.594559], [145.1932019, -37.5946896], [145.1930912, -37.5948611], [145.1930912, -37.5949645], [145.1930762, -37.5951235], [145.1929457, -37.5951752], [145.1928442, -37.5952888], [145.1928147, -37.5954366], [145.1927673, -37.5955549], [145.192714, -37.5956281], [145.1922534, -37.5961372], [145.1922433, -37.5963002], [145.1927, -37.59679], [145.1928755, -37.5969084], [145.1927902, -37.5970038], [145.1926246, -37.5970634], [145.1925393, -37.5970992], [145.192449, -37.5971787], [145.1924189, -37.5972542], [145.1923788, -37.5973298], [145.1923938, -37.5974609], [145.1925143, -37.597612], [145.1925695, -37.5976836], [145.1925644, -37.5978664], [145.192429, -37.5979857], [145.1922634, -37.5981526], [145.1920577, -37.5982798], [145.1917978, -37.5983399], [145.1915259, -37.5982321], [145.1912449, -37.5976915], [145.1909439, -37.597135], [145.1905826, -37.5965148], [145.1904422, -37.5963081], [145.1901411, -37.5961173], [145.1897372, -37.5957753], [145.1896021, -37.5956891], [145.1894358, -37.5956424], [145.1893258, -37.5956381], [145.1891676, -37.5956764], [145.1891595, -37.5958294], [145.1892782, -37.5960696], [145.1893634, -37.5962736], [145.1891997, -37.5964393], [145.188917, -37.5964198], [145.1884754, -37.5966102], [145.1881342, -37.5967534], [145.188054, -37.5969124], [145.188074, -37.5972145], [145.1882246, -37.5973019], [145.1882246, -37.5974291], [145.1880941, -37.5976041], [145.1879637, -37.5976995], [145.187763, -37.5980175], [145.1876626, -37.5981367], [145.1876125, -37.5983514], [145.1875221, -37.5985104], [145.1874519, -37.5985978], [145.1873315, -37.5986535], [145.187181, -37.5986694], [145.1870806, -37.5987569], [145.1869903, -37.5989159], [145.18691, -37.5990431], [145.1867896, -37.59921], [145.1866492, -37.5993134], [145.1865388, -37.599369], [145.1862377, -37.5992736], [145.186027, -37.5991385], [145.1856557, -37.5988761], [145.1855052, -37.5987092], [145.1853685, -37.5984678], [145.1852569, -37.5983775], [145.1851255, -37.5982904], [145.1849672, -37.5982691], [145.1848159, -37.5983024], [145.1847652, -37.5982199], [145.1846523, -37.5979062], [145.184552, -37.5978267], [145.1843412, -37.5977392], [145.1842202, -37.5977155], [145.1840904, -37.5977551], [145.1838924, -37.5978266], [145.1837392, -37.59793], [145.1834983, -37.5980016], [145.1832274, -37.5981288], [145.1830167, -37.5981606], [145.1829465, -37.5983911], [145.1830267, -37.5985899], [145.1829364, -37.5988205], [145.1829164, -37.5989477], [145.1829164, -37.5991862], [145.1829164, -37.5994247], [145.1828662, -37.5997268], [145.1827056, -37.5997824], [145.1824648, -37.5997347], [145.1822641, -37.5997586], [145.182224, -37.5999414], [145.1820634, -37.6002674], [145.1820534, -37.6004184], [145.1818326, -37.6007047], [145.1816821, -37.6008796], [145.1814814, -37.6010147], [145.1812506, -37.6010783], [145.1810349, -37.6010902], [145.1808141, -37.6011459], [145.1805633, -37.6012413], [145.180493, -37.6013526], [145.1806034, -37.6015672], [145.180764, -37.6016149], [145.1809145, -37.6017103], [145.1806536, -37.6017978], [145.180483, -37.6018375], [145.1805131, -37.6020442], [145.1808643, -37.6022112], [145.1811152, -37.6024099], [145.1810148, -37.6026484], [145.1809145, -37.6029346], [145.1811352, -37.6031016], [145.1812858, -37.6032447], [145.1811754, -37.6036501], [145.1810951, -37.6037852], [145.1805633, -37.6037614], [145.1802723, -37.6036501], [145.1801519, -37.6037216], [145.179891, -37.6038806], [145.1796401, -37.6040635], [145.1794394, -37.6041668], [145.17961, -37.6042543], [145.1798508, -37.6042225], [145.1800214, -37.6043417], [145.1802924, -37.6044769], [145.1806135, -37.6045246], [145.1813761, -37.6045882], [145.1816169, -37.6046518], [145.1818075, -37.6047949], [145.1821387, -37.6048664], [145.1824096, -37.6048585], [145.1825401, -37.6051128], [145.1827508, -37.6053036], [145.182811, -37.6054388], [145.1826163, -37.605643], [145.1825501, -37.605725], [145.1824661, -37.6058246], [145.1823655, -37.6058233], [145.1821788, -37.6056137], [145.1818377, -37.6055739], [145.1817273, -37.6056455], [145.1820584, -37.606027], [145.1820584, -37.6062655], [145.1819982, -37.6064245], [145.1820885, -37.6066153], [145.1823594, -37.606512], [145.1825702, -37.6064325], [145.1827006, -37.6064802], [145.1827106, -37.6066471], [145.1827106, -37.6071241], [145.1827106, -37.6074261], [145.1824196, -37.6076646], [145.182229, -37.6078713], [145.1820484, -37.607919], [145.1819079, -37.6077521], [145.1817975, -37.6075851], [145.1815266, -37.6076328], [145.1813761, -37.6079111], [145.181366, -37.6081336], [145.1812456, -37.6083483], [145.1811352, -37.608547], [145.181055, -37.6086424], [145.181055, -37.6087537], [145.1812055, -37.6089206], [145.1812557, -37.6091273], [145.1813482, -37.6092655], [145.1816069, -37.6096519], [145.181948, -37.6096758], [145.1820785, -37.609795], [145.1821889, -37.6099222], [145.1822691, -37.610113], [145.1822691, -37.6102879], [145.1822691, -37.610741], [145.1821588, -37.6111384], [145.1820383, -37.6114405], [145.181948, -37.6115835], [145.1821487, -37.6118379], [145.1823494, -37.6118777], [145.1824999, -37.6120764], [145.1826404, -37.6124341], [145.1828311, -37.6125533], [145.183092, -37.6124102], [145.1833027, -37.61214], [145.1837141, -37.6120525], [145.1840653, -37.6120923], [145.1842961, -37.6123307], [145.1843563, -37.6126487], [145.1843964, -37.6128395], [145.1843964, -37.6131813], [145.1844566, -37.6134833], [145.1846071, -37.613682], [145.1849082, -37.6139205], [145.1851891, -37.6139205], [145.1854099, -37.6138172], [145.1856708, -37.6139761], [145.1858213, -37.6141272], [145.1859718, -37.6143418], [145.1860019, -37.6144451], [145.1858514, -37.6148505], [145.1858916, -37.6150571], [145.1862428, -37.6151923], [145.1864936, -37.6153194], [145.1867445, -37.6151923], [145.1870054, -37.6153035], [145.1871559, -37.6155261], [145.187487, -37.6158917], [145.1875874, -37.6161063], [145.1876179, -37.6163714], [145.1873521, -37.6167702], [145.1872763, -37.6169886], [145.1873265, -37.6171476], [145.1875673, -37.6173542], [145.1879285, -37.6176801], [145.18836, -37.6179345], [145.1885206, -37.6181014], [145.1889989, -37.6181725], [145.1895869, -37.6182816], [145.1900348, -37.6183014], [145.1901996, -37.6183962], [145.1902576, -37.6185126], [145.1902534, -37.618615], [145.1900232, -37.6186952], [145.1897362, -37.6187335], [145.1896995, -37.6188487], [145.1897576, -37.6189098], [145.1898622, -37.6189417], [145.1899948, -37.6190281], [145.1901339, -37.6192207], [145.1901936, -37.6193903], [145.1902834, -37.6195238], [145.1904371, -37.6196314], [145.1905087, -37.6197702], [145.1904635, -37.6199278], [145.1903067, -37.6200805], [145.1901963, -37.6202474], [145.1901863, -37.6203984], [145.1902954, -37.6204766], [145.1903504, -37.6205117], [145.1904188, -37.6205404], [145.1904939, -37.6205574], [145.1905784, -37.620551], [145.1906817, -37.6205308], [145.1907474, -37.6204915], [145.1907876, -37.620448], [145.1908198, -37.6204023], [145.1908949, -37.6203842], [145.1909365, -37.6204119], [145.1910317, -37.6205276], [145.1911283, -37.6207231], [145.191139, -37.6208559], [145.1911631, -37.6209164], [145.1912248, -37.6209621], [145.1913375, -37.6209536], [145.1914045, -37.6209111], [145.1915064, -37.6208452], [145.1915789, -37.6208336], [145.1916835, -37.6208346], [145.1917921, -37.6208676], [145.1918685, -37.6209133], [145.1920389, -37.6210003], [145.1921019, -37.6210269], [145.1921676, -37.6210959], [145.1921689, -37.6211533], [145.1921006, -37.6212298], [145.1920067, -37.6213551], [145.1918592, -37.6214613], [145.1917452, -37.6215176], [145.1916191, -37.6215878], [145.1915118, -37.6216196], [145.1914032, -37.621694], [145.1913283, -37.6218828], [145.1914139, -37.6220001], [145.1915953, -37.6221142], [145.1916942, -37.6222389], [145.1917535, -37.6223902], [145.1918973, -37.6225442], [145.192008, -37.6225778], [145.1921079, -37.6225562], [145.192179, -37.6225347], [145.192242, -37.6225523], [145.192297, -37.622607], [145.1924898, -37.6226667], [145.1925961, -37.6226261], [145.1926826, -37.6225326], [145.1927701, -37.6224847], [145.1928805, -37.6223973], [145.1930812, -37.6222224], [145.1932819, -37.6221191], [145.1933923, -37.6220714], [145.1936946, -37.6220952], [145.1938802, -37.6221906], [145.1939454, -37.6223138], [145.1939354, -37.6224688], [145.1940128, -37.6227632], [145.193815, -37.6232159], [145.193835, -37.6236172], [145.1938852, -37.6238557], [145.1939053, -37.6240782], [145.1938762, -37.6241615], [145.1937748, -37.6242173], [145.193385, -37.6242239], [145.1932484, -37.624192], [145.1931171, -37.6241689], [145.1930085, -37.6241934], [145.1929857, -37.6242752], [145.1930943, -37.6243793], [145.1931815, -37.6244654], [145.1932705, -37.6247297], [145.1933519, -37.6249068], [145.1934229, -37.6250219], [145.1934095, -37.625144], [145.193321, -37.6252109], [145.193035, -37.6252835], [145.19281, -37.6252269], [145.1927081, -37.6252279], [145.192658, -37.6253087], [145.1926263, -37.6254531], [145.1927262, -37.62562], [145.1926961, -37.6258545], [145.1928416, -37.6260531], [145.1927413, -37.6263432], [145.1928818, -37.6270227], [145.1931928, -37.6273803], [145.1932932, -37.6278651], [145.1936845, -37.6282466], [145.1936645, -37.6284373], [145.1935842, -37.6288506], [145.1930423, -37.6293035], [145.1926108, -37.6300108], [145.1924403, -37.6304638], [145.1922897, -37.6306943], [145.1922596, -37.6307896], [145.1922596, -37.6310598], [145.1924503, -37.6316399], [145.1922496, -37.6318545], [145.1919787, -37.6320611], [145.1919285, -37.632371], [145.1919987, -37.6327922], [145.1921593, -37.6329829], [145.1924704, -37.6332372], [145.1928818, -37.6333008], [145.1936645, -37.6334518], [145.193869, -37.6335436], [145.1940175, -37.633703], [145.19404, -37.6339197], [145.1940756, -37.6340704], [145.1940781, -37.6341022]]}}, {"type": "Feature", "properties": {"waterbody": "Arthurs Creek", "name": "Arthurs Creek", "city": "Melbourne", "country": "Australia", "osm_id": 1206098004}, "geometry": {"type": "LineString", "coordinates": [[145.1901863, -37.6203984], [145.1903117, -37.620609], [145.1903318, -37.6208077], [145.1904321, -37.6209627], [145.1906077, -37.6211455], [145.1907733, -37.6213203], [145.190994, -37.6214157], [145.1910444, -37.621467], [145.1911697, -37.6215945], [145.19126, -37.6217893], [145.1913283, -37.6218828]]}}, {"type": "Feature", "properties": {"waterbody": "Blind Creek", "name": "Blind Creek", "city": "Melbourne", "country": "Australia", "osm_id": 29416541}, "geometry": {"type": "LineString", "coordinates": [[145.235529, -37.8678254], [145.235376, -37.867874], [145.2352508, -37.8679029], [145.2351697, -37.8679114], [145.2349737, -37.8679143], [145.2349067, -37.8679154], [145.2347946, -37.8679454], [145.234612, -37.8680014], [145.2344149, -37.8680612], [145.2342979, -37.868106], [145.2342282, -37.8681397], [145.2341833, -37.8681692], [145.2341581, -37.8681955], [145.2341347, -37.8682343], [145.2340666, -37.8683846], [145.2339109, -37.8687181], [145.2338251, -37.8688807], [145.2337049, -37.8690568], [145.2333788, -37.8694159], [145.2322887, -37.8704729], [145.2312845, -37.8715367], [145.2311129, -37.871679], [145.2308811, -37.8718077], [145.230718, -37.8718687], [145.230555, -37.8719229], [145.230246, -37.87195], [145.2300571, -37.8719567], [145.2299198, -37.8719635], [145.2298597, -37.8719906], [145.2298254, -37.8720584], [145.2297739, -37.8721464], [145.2297138, -37.8722142], [145.2296537, -37.872282], [145.2296108, -37.8723565], [145.2295507, -37.8724378], [145.2294992, -37.8724784], [145.2294134, -37.8724988], [145.2292675, -37.872492], [145.2291388, -37.8724649], [145.2290615, -37.8724242], [145.2289499, -37.8723633], [145.2288984, -37.8723294], [145.2288383, -37.8723226], [145.2288126, -37.8723497], [145.228804, -37.8724039], [145.2287954, -37.8724513], [145.2287783, -37.8725191], [145.2287525, -37.8725868], [145.2287096, -37.8726275], [145.2286238, -37.8726614], [145.2285465, -37.8726681], [145.2283834, -37.8726817], [145.228289, -37.8726817], [145.2281946, -37.8726681], [145.2281259, -37.8726139], [145.228083, -37.8725597], [145.2280144, -37.8725123], [145.2279114, -37.8724784], [145.2278427, -37.8724513], [145.2277569, -37.872431], [145.2277225, -37.8724107], [145.2277054, -37.8723836], [145.2277225, -37.8723429], [145.2277397, -37.8723091], [145.2277912, -37.8722684], [145.2278513, -37.872221], [145.2279028, -37.8721803], [145.2279285, -37.8721261], [145.22792, -37.8720651], [145.2279028, -37.8720109], [145.2278685, -37.8719703], [145.2278255, -37.8719567], [145.2277397, -37.8719771], [145.2276796, -37.8720109], [145.2275852, -37.8720584], [145.2274994, -37.8720922], [145.2274136, -37.872099], [145.2272934, -37.8720651], [145.2272676, -37.872038], [145.2272161, -37.8719703], [145.2272161, -37.8719161], [145.2272076, -37.8718551], [145.2271646, -37.8717941], [145.2271217, -37.871767], [145.2270187, -37.8717399], [145.2269672, -37.8717399], [145.22689, -37.8717603], [145.2268127, -37.8717399], [145.2267527, -37.8717535], [145.2267355, -37.8717806], [145.2267269, -37.8718212], [145.2267527, -37.871889], [145.2267612, -37.8719296], [145.2267269, -37.8719906], [145.2266582, -37.8720313], [145.2266153, -37.8720448], [145.2265209, -37.8720313], [145.2264179, -37.8720313], [145.2263493, -37.872038], [145.2262634, -37.8720109], [145.2261948, -37.8719703], [145.2261604, -37.8719093], [145.2261089, -37.8718416], [145.2260746, -37.8717738], [145.2260488, -37.8717264], [145.2260059, -37.8716857], [145.2259201, -37.871679], [145.2258686, -37.8716925], [145.2257999, -37.8717264], [145.2257656, -37.871767], [145.2257399, -37.8718483], [145.2256884, -37.8719161], [145.2256454, -37.8719703], [145.2256111, -37.8720448], [145.2255682, -37.8720922], [145.2255081, -37.8721126], [145.2254137, -37.872099], [145.2252077, -37.8720922], [145.2248987, -37.8720855], [145.2248472, -37.872099], [145.2248129, -37.8721126], [145.2247786, -37.87216], [145.2247271, -37.8722074], [145.2246584, -37.8722413], [145.224564, -37.872282], [145.2244524, -37.8723362], [145.2243494, -37.8723904], [145.2242464, -37.8724175], [145.2241177, -37.8724513], [145.2240147, -37.8724852], [145.2238945, -37.8725191], [145.2238344, -37.8725462], [145.2237915, -37.8725936], [145.2237572, -37.8726546], [145.2237228, -37.8726885], [145.2237057, -37.8727495], [145.2236628, -37.872824], [145.2236113, -37.8728579], [145.2235426, -37.8728985], [145.2234997, -37.8729053], [145.2234224, -37.8729121], [145.2233366, -37.8728985], [145.2231907, -37.8728985], [145.2231049, -37.8729053], [145.2230104, -37.8729324], [145.2229332, -37.8729866], [145.2228559, -37.8730408], [145.2228044, -37.8730814], [145.2227358, -37.8731018], [145.2226757, -37.8731085], [145.2226156, -37.8731085], [145.2225641, -37.8730814], [145.2225384, -37.8730272], [145.2225298, -37.8729663], [145.2225212, -37.8728917], [145.2225126, -37.8728308], [145.2225126, -37.872763], [145.2225212, -37.8726952], [145.2225126, -37.8726343], [145.2224955, -37.8725733], [145.2224525, -37.8725326], [145.2224096, -37.8725055], [145.222341, -37.872492], [145.2222465, -37.8724717], [145.2221521, -37.8724581], [145.2220749, -37.8724446], [145.2220406, -37.8724175], [145.2220062, -37.8723836], [145.2219976, -37.8723158], [145.2219633, -37.8722481], [145.2219376, -37.8721939], [145.2219118, -37.8721668], [145.2218603, -37.8721397], [145.2218088, -37.8721397], [145.2217573, -37.8721668], [145.221723, -37.8722278], [145.2216972, -37.8723023], [145.2216715, -37.8724107], [145.2216457, -37.872492], [145.2216114, -37.8725394], [145.2215771, -37.8725868], [145.2215256, -37.8726139], [145.2214741, -37.8726207], [145.2214054, -37.8725868], [145.221311, -37.8725597], [145.2212337, -37.8725597], [145.2211479, -37.8725597], [145.2210878, -37.8725868], [145.2210192, -37.8726207], [145.2209934, -37.8726546], [145.2209677, -37.8726885], [145.2209848, -37.8727427], [145.2210192, -37.8728037], [145.2210363, -37.8728646], [145.2210621, -37.8728985], [145.2210707, -37.8729324], [145.2210621, -37.8729663], [145.2210449, -37.8730001], [145.2210106, -37.8730069], [145.2209419, -37.8729866], [145.2208818, -37.8729798], [145.2208218, -37.8729866], [145.220796, -37.8730001], [145.2207703, -37.873034], [145.2207617, -37.8730747], [145.2207788, -37.8731356], [145.2208046, -37.8732169], [145.2208046, -37.8732711], [145.2207874, -37.8733118], [145.2207531, -37.8733592], [145.2206844, -37.8733795], [145.2206243, -37.8734066], [145.2205643, -37.8734473], [145.2205213, -37.8735015], [145.2204699, -37.8735489], [145.2204012, -37.8735625], [145.2203154, -37.8735489], [145.2202724, -37.8735218], [145.2202038, -37.873488], [145.2201179, -37.8734473], [145.2200321, -37.8734066], [145.2199205, -37.8733863], [145.2198347, -37.8733931], [145.2197489, -37.8734066], [145.2196459, -37.8734202], [145.2194656, -37.8734609], [145.2193369, -37.8734676], [145.2191996, -37.8734609], [145.2190708, -37.8734473], [145.2189592, -37.8734405], [145.2188562, -37.8734405], [145.2188047, -37.8734473], [145.2187447, -37.8734676], [145.2187361, -37.8735151], [145.2187618, -37.8735422], [145.2187962, -37.8735828], [145.2188047, -37.8736506], [145.2187962, -37.8737115], [145.2187532, -37.8737996], [145.2187189, -37.8738877], [145.2186932, -37.8739419], [145.2186846, -37.8739825], [145.2187103, -37.8740164], [145.2187361, -37.87403], [145.2187876, -37.8740367], [145.2188391, -37.8740164], [145.2189077, -37.8739961], [145.2189764, -37.8739622], [145.2190279, -37.8739622], [145.2190794, -37.8739825], [145.2191137, -37.8740096], [145.2191137, -37.8740503], [145.2190794, -37.8741045], [145.2190451, -37.8741451], [145.218985, -37.8741926], [145.2188906, -37.87424], [145.2187876, -37.8742739], [145.2187275, -37.8742806], [145.2186502, -37.8742942], [145.2184872, -37.8743484], [145.2183927, -37.8743755], [145.2183241, -37.8744297], [145.2182898, -37.8744839], [145.2182812, -37.8745449], [145.2182983, -37.8745991], [145.2183241, -37.8746601], [145.2183327, -37.8747143], [145.2183155, -37.8747685], [145.2181868, -37.8748227], [145.2181031, -37.874865], [145.2180516, -37.8749124], [145.2180344, -37.874987], [145.2180344, -37.8750479], [145.2180687, -37.8751089], [145.2180859, -37.8751902], [145.2181031, -37.8752851], [145.2180258, -37.8753799], [145.2179743, -37.8754545], [145.2179314, -37.8755222], [145.2179057, -37.8756103], [145.21794, -37.8756916], [145.2180001, -37.8757187], [145.2180001, -37.8757729], [145.2179486, -37.8758203], [145.2175516, -37.8759202], [145.2173134, -37.8759761], [145.217242, -37.8759825], [145.2170967, -37.8759947], [145.2170461, -37.8760044], [145.2170094, -37.8760189], [145.2169831, -37.8760451], [145.2169707, -37.8760762], [145.2169798, -37.8761067], [145.2170072, -37.876141], [145.2170624, -37.8761777], [145.2170716, -37.8762137], [145.2170624, -37.8762522], [145.2170471, -37.8762783], [145.2170195, -37.8762996], [145.2169461, -37.8763067], [145.2168696, -37.8763017], [145.2167443, -37.8762916], [145.2166426, -37.8763042], [145.2165335, -37.8763425], [145.2164774, -37.8763709], [145.2164139, -37.8764072], [145.2163767, -37.8764368], [145.2163434, -37.8764739], [145.2162797, -37.8765771], [145.2162602, -37.8766098], [145.2162315, -37.876693], [145.2161269, -37.8769502], [145.2161003, -37.8770165], [145.2160799, -37.87709], [145.2160655, -37.8771488], [145.2160604, -37.8772075], [145.2160714, -37.8774658], [145.2160804, -37.8776838], [145.2160788, -37.8778977], [145.2160516, -37.8780939], [145.216018, -37.8782356], [145.2159857, -37.8783055], [145.2159489, -37.8783547], [145.2159136, -37.8784015], [145.2158669, -37.8784477], [145.215797, -37.8785012], [145.2157647, -37.8785461], [145.2157566, -37.8785842], [145.2157848, -37.8786518], [145.2158038, -37.8786903], [145.2158367, -37.878747], [145.2158713, -37.8787845], [145.2159167, -37.8788098], [145.2159798, -37.8788252], [145.2160392, -37.8788302], [145.2161137, -37.8788266], [145.2162144, -37.8788217], [145.2162827, -37.8788153], [145.216342, -37.8788137], [145.2163891, -37.8788317], [145.216425, -37.8788589], [145.2164424, -37.8788861], [145.2164601, -37.8789351], [145.2164717, -37.878984], [145.2164767, -37.8790253], [145.2164755, -37.8790617], [145.2164551, -37.8790926], [145.2164241, -37.8791178], [145.2164132, -37.8791462], [145.2164116, -37.8791819], [145.2164239, -37.8792646], [145.2164193, -37.8792999], [145.2164184, -37.8793271], [145.2164263, -37.879351], [145.2164406, -37.8793687], [145.2164764, -37.8793778], [145.2165048, -37.8793751], [145.2165535, -37.8793632], [145.2165855, -37.8793631], [145.2166138, -37.8793767], [145.2166349, -37.8793989], [145.2166378, -37.8794288], [145.2166391, -37.8794588], [145.216642, -37.8794992], [145.2166448, -37.8795348], [145.2166442, -37.8795894], [145.2166358, -37.8796488], [145.2166191, -37.8797627], [145.2166107, -37.8798141], [145.2166039, -37.8798679], [145.2166131, -37.8799169], [145.2167049, -37.8801098], [145.2167408, -37.8801503], [145.2167936, -37.8801835], [145.216853, -37.8802013], [145.2169044, -37.8802099], [145.2169686, -37.8802166], [145.2170267, -37.8802039], [145.217062, -37.8801735], [145.2170849, -37.8801396], [145.2171139, -37.8801032], [145.2171488, -37.8800707], [145.2171917, -37.8800405], [145.2172362, -37.8800139], [145.2172748, -37.8800035], [145.2173134, -37.8800003], [145.2173398, -37.8800002], [145.217365, -37.8800119], [145.2173771, -37.8800269], [145.2173827, -37.8800502], [145.2173536, -37.8801197], [145.2173306, -37.8801697], [145.2172932, -37.8802213], [145.2172619, -37.880251], [145.2172298, -37.8802798], [145.2171886, -37.8802989], [145.217139, -37.8803069], [145.2170954, -37.8803017], [145.2170413, -37.8802932], [145.2169841, -37.8802926], [145.2169218, -37.8803117], [145.2168634, -37.8803529], [145.2168296, -37.8803772], [145.2168092, -37.8803995], [145.2168027, -37.8804328], [145.2168188, -37.8804704], [145.2168408, -37.8804976], [145.2168546, -37.8805312], [145.2168528, -37.8805679], [145.2168337, -37.8806061], [145.2168208, -37.8806373], [145.216808, -37.8806782], [145.2167981, -37.8807126], [145.2167877, -37.8807601], [145.2167774, -37.8808021], [145.2167784, -37.880831], [145.2167774, -37.8808583], [145.216759, -37.8809017], [145.2167307, -37.8809125], [145.2167035, -37.8809137], [145.216651, -37.8809113], [145.2166122, -37.8809094], [145.2165582, -37.8809098], [145.2164927, -37.8809174], [145.2164446, -37.8809321], [145.2164274, -37.8809442], [145.2164219, -37.8809624], [145.2164279, -37.8809875], [145.2164253, -37.8810211], [145.2163988, -37.8810557], [145.2163723, -37.8810775], [145.2163625, -37.8811049], [145.2163699, -37.8811322], [145.2163884, -37.8811556], [145.2164136, -37.8811708], [145.2164781, -37.8811785], [145.2165402, -37.8812019], [145.2165812, -37.8812243], [145.216607, -37.8812546], [145.2166237, -37.8812823], [145.2166249, -37.8813156], [145.2166194, -37.8813568], [145.216613, -37.8813812], [145.2165926, -37.8814084], [145.2165457, -37.8814444], [145.2164643, -37.8814955], [145.2163649, -37.8815669], [145.2163225, -37.8815867], [145.21628, -37.8816001], [145.2162035, -37.8816153], [145.2160909, -37.8816311], [145.2160332, -37.8816253], [145.2159836, -37.8816068], [145.2159535, -37.8815865], [145.2159329, -37.8815458], [145.2159239, -37.8815128], [145.2158962, -37.8814872], [145.2158747, -37.8814769], [145.2158304, -37.8814686], [145.2157942, -37.8814772], [145.2157673, -37.8815011], [145.2157443, -37.8815389], [145.2157427, -37.8815788], [145.2157618, -37.8816234], [145.2157875, -37.8816616], [145.2158407, -37.8817341], [145.215862, -37.8817778], [145.2158645, -37.8818193], [145.2158532, -37.8818788], [145.2158049, -37.8819613], [145.2157527, -37.882045], [145.215687, -37.8821222], [145.2156648, -37.8821418], [145.215631, -37.8821579], [145.2155998, -37.8821656], [145.2155274, -37.8821725], [145.215455, -37.8821731], [145.2154053, -37.8821805], [145.2153597, -37.882191], [145.2153209, -37.8822085], [145.2152954, -37.8822323], [145.2152867, -37.8822604], [145.2152967, -37.8822959], [145.2153249, -37.8823731], [145.2153584, -37.8824483], [145.2153651, -37.8824822], [145.2153517, -37.8825033], [145.2153262, -37.8825202], [145.2152887, -37.8825414], [145.2152618, -37.8825605], [145.215231, -37.8825795], [145.2151974, -37.8825996], [145.2151358, -37.8826415], [145.2150795, -37.8826854], [145.2150532, -37.8827182], [145.2150159, -37.8827887], [145.2149856, -37.8828198], [145.2149616, -37.8828466], [145.214889, -37.8829045], [145.2146503, -37.8830283], [145.2142641, -37.8832157]]}}, {"type": "Feature", "properties": {"waterbody": "Blind Creek", "name": "Blind Creek", "city": "Melbourne", "country": "Australia", "osm_id": 29416551}, "geometry": {"type": "LineString", "coordinates": [[145.2142641, -37.8832157], [145.2141562, -37.8832686]]}}, {"type": "Feature", "properties": {"waterbody": "Blind Creek", "name": "Blind Creek", "city": "Melbourne", "country": "Australia", "osm_id": 47877399}, "geometry": {"type": "LineString", "coordinates": [[145.2141562, -37.8832686], [145.2140521, -37.8833194]]}}, {"type": "Feature", "properties": {"waterbody": "Blind Creek", "name": "Blind Creek", "city": "Melbourne", "country": "Australia", "osm_id": 47877412}, "geometry": {"type": "LineString", "coordinates": [[145.2140521, -37.8833194], [145.2138845, -37.8834157], [145.2137679, -37.8835152], [145.2137437, -37.8836285], [145.2137813, -37.8837777], [145.2138362, -37.8839153], [145.2139663, -37.8841344], [145.2139771, -37.8842435], [145.213961, -37.8843101], [145.2138805, -37.8843556], [145.2137303, -37.8843789], [145.2135546, -37.8843832], [145.2134728, -37.8843948], [145.2134098, -37.8844435], [145.2133669, -37.8844816], [145.2132904, -37.8844816], [145.2131858, -37.8844562], [145.2130182, -37.8843652], [145.2129017, -37.8842953], [145.2128116, -37.8842583], [145.2127312, -37.8842593], [145.2126695, -37.8842858], [145.2126346, -37.8843451], [145.2126118, -37.8844266], [145.2125756, -37.8844869], [145.2125314, -37.8845441], [145.2124066, -37.8845356], [145.2122336, -37.8845165], [145.2120673, -37.884507], [145.2119238, -37.8845144], [145.2118836, -37.8844075], [145.2117575, -37.8843948], [145.2111422, -37.8843156], [145.2109109, -37.8842639], [145.2107824, -37.8842883], [145.2106279, -37.8842795], [145.2104987, -37.8842794], [145.2103409, -37.8842309], [145.2100373, -37.8842262], [145.2099658, -37.8842037], [145.2098627, -37.8842858], [145.2097444, -37.8842415], [145.2090453, -37.8843475], [145.2088154, -37.8843876], [145.2087823, -37.8844933], [145.2086946, -37.8845773], [145.2084315, -37.8845365], [145.2078076, -37.8845618], [145.2077051, -37.8846933], [145.2076231, -37.8848915], [145.2074858, -37.8850811], [145.2073227, -37.8852573], [145.2070652, -37.885395], [145.2069025, -37.8854214], [145.2067772, -37.8854993], [145.2066779, -37.8856177], [145.2066368, -37.8857794], [145.206516, -37.885822], [145.2064362, -37.8858109], [145.2063373, -37.8856135], [145.206203, -37.8854816], [145.2057278, -37.8855029], [145.2055269, -37.8855602], [145.2054515, -37.8856145], [145.2053983, -37.8857477], [145.2054679, -37.885927], [145.2052891, -37.8865088], [145.2049276, -37.8877799], [145.204614, -37.8889197], [145.2045501, -37.8891514], [145.2045734, -37.8895223], [145.2044833, -37.8896352], [145.2043395, -37.890206], [145.2046105, -37.8907305], [145.205443, -37.8919904], [145.2066018, -37.8937989], [145.2077605, -37.8957903], [145.2078721, -37.896217], [145.2078463, -37.8965421], [145.2077433, -37.896874], [145.2076146, -37.8972465], [145.2074601, -37.8975242], [145.2073243, -37.8976843]]}}, {"type": "Feature", "properties": {"waterbody": "Blind Creek", "name": "Blind Creek", "city": "Melbourne", "country": "Australia", "osm_id": 49381331}, "geometry": {"type": "LineString", "coordinates": [[145.2426154, -37.8658096], [145.2418601, -37.8660245], [145.235529, -37.8678254]]}}, {"type": "Feature", "properties": {"waterbody": "Blind Creek", "name": "Blind Creek", "city": "Melbourne", "country": "Australia", "osm_id": 49381335}, "geometry": {"type": "LineString", "coordinates": [[145.255795, -37.8693715], [145.2557514, -37.8693835], [145.2557185, -37.8693909], [145.2556847, -37.8693969], [145.2556532, -37.8693991], [145.2556208, -37.8693992], [145.2555833, -37.8693957], [145.2555476, -37.8693895], [145.2554747, -37.8693707], [145.2553867, -37.8693461], [145.2553221, -37.8693343], [145.2552563, -37.8693241], [145.2551829, -37.8693133], [145.2551044, -37.8693069], [145.2549994, -37.8693013], [145.2548825, -37.8693065], [145.2545195, -37.8693621], [145.2542724, -37.8693995], [145.2541671, -37.8694149], [145.2540677, -37.8694193], [145.253925, -37.8694227], [145.2538091, -37.8694112], [145.2536697, -37.8693828], [145.2535668, -37.8693563], [145.2533174, -37.8692822], [145.2502664, -37.8682934], [145.2499901, -37.8682034], [145.2477411, -37.8674708], [145.2465042, -37.8670682], [145.2459557, -37.8668635], [145.2452405, -37.8665967], [145.2451511, -37.8663848], [145.2449945, -37.866323], [145.2449064, -37.8662892], [145.2448366, -37.8661893], [145.2446568, -37.8661378], [145.2444554, -37.8660658], [145.244368, -37.8659185], [145.2442944, -37.8657291], [145.244187, -37.865596], [145.2439905, -37.8654832], [145.243892, -37.8654799]]}}, {"type": "Feature", "properties": {"waterbody": "Blind Creek", "name": "Blind Creek", "city": "Melbourne", "country": "Australia", "osm_id": 825140412}, "geometry": {"type": "LineString", "coordinates": [[145.2673531, -37.8675435], [145.2670852, -37.8673832], [145.2670221, -37.8673455], [145.2667866, -37.8672392], [145.2667136, -37.8672129], [145.2666405, -37.8671939], [145.266586, -37.8671825], [145.2665321, -37.8671806], [145.2664781, -37.8671829], [145.2664185, -37.8671856], [145.2663725, -37.8671919], [145.2662757, -37.8672109], [145.2661959, -37.867226], [145.2661162, -37.8672411], [145.2660766, -37.8672533], [145.2660415, -37.8672734], [145.2659733, -37.8673316], [145.2659226, -37.8673765], [145.2658971, -37.8673911], [145.2658562, -37.8674004], [145.2658214, -37.8674028], [145.2657597, -37.8674075], [145.2657337, -37.8674127], [145.2657037, -37.8674232], [145.2656577, -37.8674401], [145.2656258, -37.8674544], [145.2655699, -37.8674692], [145.2655294, -37.8674815], [145.2654953, -37.8674871], [145.2654605, -37.867489], [145.2654056, -37.8674918], [145.2653671, -37.8674986], [145.2653395, -37.8675128], [145.265272, -37.8675648], [145.2652203, -37.8675951], [145.2651692, -37.8676218], [145.2651195, -37.8676381], [145.2650728, -37.8676452], [145.2649933, -37.867653], [145.2649591, -37.8676529], [145.2648019, -37.8676335], [145.2647647, -37.8676269], [145.2646274, -37.8675889], [145.2646227, -37.8675881], [145.2645282, -37.8675722], [145.2644313, -37.867557], [145.2643324, -37.8675565], [145.2642835, -37.867563], [145.2642526, -37.867567], [145.2641744, -37.8675861], [145.2641307, -37.8675995], [145.2639513, -37.8676612], [145.2633145, -37.8678038], [145.2629246, -37.8678808], [145.2628843, -37.8678897], [145.2628016, -37.8679205], [145.2627913, -37.8679246], [145.2627863, -37.8679265], [145.2627511, -37.8679466], [145.2627211, -37.8679774], [145.2626495, -37.8680695], [145.26259, -37.8681114], [145.2625291, -37.8681492], [145.2625076, -37.8681745], [145.2624522, -37.8682834], [145.2624368, -37.8683006], [145.2623681, -37.8683627], [145.2622934, -37.8684128], [145.262277, -37.8684296], [145.262264, -37.86845], [145.2622586, -37.8684711], [145.2622589, -37.8684937], [145.2622638, -37.8685128], [145.2622712, -37.8685385], [145.2622715, -37.8685486], [145.2622667, -37.8685586], [145.2622494, -37.8685787], [145.262231, -37.8685944], [145.2621567, -37.8686799], [145.2621506, -37.8686881], [145.2621466, -37.8686982], [145.2621179, -37.8688288], [145.2621133, -37.8688415], [145.2621058, -37.8688514], [145.2620279, -37.8689294]]}}, {"type": "Feature", "properties": {"waterbody": "Blind Creek", "name": "Blind Creek", "city": "Melbourne", "country": "Australia", "osm_id": 825140413}, "geometry": {"type": "LineString", "coordinates": [[145.2609923, -37.869057], [145.2601263, -37.8689597], [145.2600197, -37.8689531], [145.2599393, -37.868953], [145.2596802, -37.8689694], [145.2595654, -37.8689692], [145.2594602, -37.8689497], [145.2583701, -37.8686702], [145.2579596, -37.8685568], [145.2578933, -37.8685444], [145.2578251, -37.8685394], [145.2577353, -37.8685479], [145.2569631, -37.8686953], [145.2565618, -37.8687668], [145.2564808, -37.8687927], [145.2563999, -37.8688247], [145.2563288, -37.868872], [145.2558946, -37.8693085], [145.2558529, -37.8693417], [145.2558257, -37.8693576], [145.255795, -37.8693715]]}}, {"type": "Feature", "properties": {"waterbody": "Blind Creek", "name": "Blind Creek", "city": "Melbourne", "country": "Australia", "osm_id": 854085864}, "geometry": {"type": "LineString", "coordinates": [[145.2806814, -37.8709457], [145.2806095, -37.8708363]]}}, {"type": "Feature", "properties": {"waterbody": "Blind Creek", "name": "Blind Creek", "city": "Melbourne", "country": "Australia", "osm_id": 854085869}, "geometry": {"type": "LineString", "coordinates": [[145.2717161, -37.8680457], [145.2714968, -37.8680128], [145.271393, -37.8680043], [145.2712641, -37.8679982], [145.2711327, -37.8680025], [145.2710798, -37.8680102], [145.2710241, -37.8680211], [145.2709552, -37.8680372], [145.2708863, -37.8680566], [145.2704881, -37.8682217], [145.2702079, -37.8683276], [145.2699067, -37.8684114], [145.2697212, -37.868453], [145.2696308, -37.8684545], [145.2695334, -37.8684504], [145.2694034, -37.8684299], [145.2692594, -37.8684021], [145.2691176, -37.8683642], [145.2690154, -37.8683372], [145.2689063, -37.8683001], [145.2687647, -37.8682329], [145.2684996, -37.8680987], [145.2681207, -37.8679328], [145.267701, -37.8677268], [145.2676149, -37.867681], [145.2675385, -37.8676371]]}}, {"type": "Feature", "properties": {"waterbody": "Blind Creek", "name": "Blind Creek", "city": "Melbourne", "country": "Australia", "osm_id": 854085870}, "geometry": {"type": "LineString", "coordinates": [[145.2753577, -37.8681844], [145.2752871, -37.8681254]]}}, {"type": "Feature", "properties": {"waterbody": "Blind Creek", "name": "Blind Creek", "city": "Melbourne", "country": "Australia", "osm_id": 854085874}, "geometry": {"type": "LineString", "coordinates": [[145.2804685, -37.8706204], [145.2804466, -37.8705863], [145.280421, -37.870536], [145.2803251, -37.870328], [145.2802582, -37.8701992], [145.2802101, -37.8700939], [145.2801518, -37.8699805], [145.2800692, -37.8698515], [145.2799743, -37.8697224], [145.2798693, -37.8696075], [145.2797572, -37.8695118], [145.2796237, -37.8694041], [145.279386, -37.8692548], [145.2786301, -37.8688317], [145.2782105, -37.8686044], [145.2779867, -37.8684918], [145.277921, -37.8684591], [145.277858, -37.8684323], [145.2778027, -37.8684141], [145.2776674, -37.8683807], [145.2775829, -37.8683726], [145.277468, -37.8683768], [145.2774087, -37.8683908], [145.2773042, -37.8684157], [145.2771405, -37.868421], [145.2770441, -37.8684294], [145.2769032, -37.8684504], [145.2767779, -37.8684717], [145.2765425, -37.8685147], [145.2764505, -37.8685239], [145.2763497, -37.8685273], [145.276254, -37.8685148], [145.2761612, -37.8684942], [145.2757067, -37.8683592], [145.2756086, -37.8683257], [145.2754804, -37.8682541], [145.2754032, -37.8682089], [145.2753577, -37.8681844]]}}, {"type": "Feature", "properties": {"waterbody": "Blind Creek", "name": "Blind Creek", "city": "Melbourne", "country": "Australia", "osm_id": 854085875}, "geometry": {"type": "LineString", "coordinates": [[145.2806095, -37.8708363], [145.2804685, -37.8706204]]}}, {"type": "Feature", "properties": {"waterbody": "Blind Creek", "name": "Blind Creek", "city": "Melbourne", "country": "Australia", "osm_id": 1199666629}, "geometry": {"type": "LineString", "coordinates": [[145.2620279, -37.8689294], [145.2619922, -37.8689634], [145.2619542, -37.8689928], [145.2619199, -37.8690138], [145.2618666, -37.8690432], [145.2618365, -37.8690558], [145.2617944, -37.8690712], [145.2617505, -37.8690827], [145.2617078, -37.8690899], [145.2616638, -37.8690919], [145.2616198, -37.8690906], [145.2615777, -37.8690884], [145.2615362, -37.8690833], [145.2614544, -37.8690686], [145.2612097, -37.8690128], [145.2609923, -37.869057]]}}, {"type": "Feature", "properties": {"waterbody": "Blind Creek", "name": "Blind Creek", "city": "Melbourne", "country": "Australia", "osm_id": 1314074092}, "geometry": {"type": "LineString", "coordinates": [[145.2430391, -37.8657621], [145.2429566, -37.8658161]]}}, {"type": "Feature", "properties": {"waterbody": "Blind Creek", "name": "Blind Creek", "city": "Melbourne", "country": "Australia", "osm_id": 1326482087}, "geometry": {"type": "LineString", "coordinates": [[145.2933548, -37.8776269], [145.2932665, -37.8776547], [145.2932059, -37.8776729], [145.2931157, -37.8776951], [145.2930674, -37.8777037]]}}, {"type": "Feature", "properties": {"waterbody": "Blind Creek", "name": "Blind Creek", "city": "Melbourne", "country": "Australia", "osm_id": 1326482094}, "geometry": {"type": "LineString", "coordinates": [[145.2939931, -37.877355], [145.2939512, -37.877375], [145.2939095, -37.8773889], [145.2938262, -37.8774138], [145.2937788, -37.8774332], [145.2937357, -37.877458], [145.2937009, -37.8774837], [145.2936438, -37.8775198], [145.293595, -37.8775439], [145.2935301, -37.8775684]]}}, {"type": "Feature", "properties": {"waterbody": "Blind Creek", "name": "Blind Creek", "city": "Melbourne", "country": "Australia", "osm_id": 1326482096}, "geometry": {"type": "LineString", "coordinates": [[145.2985951, -37.8768519], [145.2985545, -37.8768477], [145.2985025, -37.8768523], [145.2984576, -37.8768675], [145.2984299, -37.8768888], [145.2984119, -37.8769125], [145.2983948, -37.876951], [145.2983537, -37.8769993], [145.2982948, -37.8770278], [145.2982186, -37.8770529], [145.2981573, -37.8770684], [145.2980935, -37.8770784], [145.2980088, -37.8770828], [145.2979464, -37.8770774], [145.2978894, -37.8770637], [145.2978336, -37.8770425], [145.2977856, -37.8770138], [145.2977428, -37.8769949], [145.2976769, -37.8769748], [145.2976423, -37.8769707], [145.2976072, -37.8769688], [145.2975715, -37.8769745], [145.2975184, -37.8769934], [145.2974539, -37.8770149], [145.2973924, -37.8770246], [145.2973315, -37.8770259], [145.297274, -37.877021], [145.297221, -37.8770052], [145.2971842, -37.8769852], [145.2971446, -37.8769617], [145.2971093, -37.8769484], [145.2970677, -37.876941], [145.2970339, -37.8769392], [145.2969865, -37.8769459], [145.2969413, -37.8769475], [145.2969, -37.8769427], [145.2968656, -37.87693], [145.2968193, -37.8769208], [145.2967284, -37.8769218], [145.2966473, -37.8769154], [145.2965837, -37.8769187], [145.2965168, -37.8769324], [145.2964452, -37.8769464], [145.2963508, -37.8769642], [145.2962893, -37.8769701], [145.2962333, -37.8769686], [145.2961636, -37.8769615], [145.2961063, -37.8769525], [145.2960595, -37.8769352], [145.2960083, -37.8769146], [145.2959619, -37.8769029], [145.2959262, -37.8769009], [145.2958796, -37.8769061], [145.2958297, -37.8769146], [145.2957767, -37.8769165], [145.2957255, -37.8769128]]}}, {"type": "Feature", "properties": {"waterbody": "Blind Creek", "name": "Blind Creek", "city": "Melbourne", "country": "Australia", "osm_id": 1326482098}, "geometry": {"type": "LineString", "coordinates": [[145.3005888, -37.8765164], [145.300505, -37.8765376], [145.3004399, -37.8765512], [145.3003583, -37.8765551], [145.3002958, -37.876551], [145.300183, -37.8765485], [145.3001096, -37.876555], [145.3000497, -37.8765657], [145.2999855, -37.8765836], [145.2999096, -37.8766143], [145.2996221, -37.8768301], [145.2995882, -37.8768478], [145.2995513, -37.8768647], [145.2995165, -37.8768762], [145.2994797, -37.8768844]]}}, {"type": "Feature", "properties": {"waterbody": "Blind Creek", "name": "Blind Creek", "city": "Melbourne", "country": "Australia", "osm_id": 1326482100}, "geometry": {"type": "LineString", "coordinates": [[145.3049528, -37.8759922], [145.3049125, -37.8760106], [145.3048591, -37.8760265], [145.3048091, -37.8760422], [145.3047397, -37.8760635], [145.3046774, -37.8760952], [145.3046265, -37.8761317], [145.3045681, -37.8761762], [145.3045168, -37.8762243], [145.3044737, -37.8762566], [145.3044306, -37.876282], [145.304373, -37.8763004], [145.3042851, -37.8763223], [145.304178, -37.8763383], [145.304035, -37.8763397], [145.3039774, -37.8763334], [145.3039251, -37.8763186], [145.3038853, -37.8763005], [145.3038203, -37.8762556], [145.3037889, -37.8762325], [145.3037574, -37.876215], [145.3037025, -37.876199], [145.3036513, -37.8761956], [145.3035921, -37.8761991], [145.3035377, -37.8762089], [145.3034864, -37.8762155], [145.303445, -37.876213], [145.3034056, -37.8761935], [145.3033625, -37.8761575], [145.3033317, -37.8761161], [145.303301, -37.8760872], [145.303267, -37.8760668], [145.3032153, -37.8760512], [145.3031749, -37.876047], [145.3031155, -37.8760486], [145.3030601, -37.8760586], [145.3030026, -37.8760607], [145.3029526, -37.8760556], [145.30291, -37.8760419], [145.3028483, -37.8760173], [145.3027874, -37.8760084], [145.3027264, -37.8760142], [145.3026648, -37.8760313], [145.3025886, -37.8760638], [145.3024232, -37.876153], [145.302368, -37.8761715], [145.3023074, -37.8761844], [145.3022482, -37.8761946], [145.302189, -37.8762007], [145.3020388, -37.8762059], [145.3019108, -37.8762029], [145.3018181, -37.8762104], [145.3017271, -37.876222], [145.3015909, -37.8762511], [145.3014547, -37.8762872], [145.3013889, -37.8763089], [145.301324, -37.8763247], [145.3012514, -37.8763382], [145.3011841, -37.8763448], [145.3011009, -37.8763483], [145.301015, -37.8763531], [145.3009634, -37.8763639], [145.3009149, -37.8763813]]}}, {"type": "Feature", "properties": {"waterbody": "Blind Creek", "name": "Blind Creek", "city": "Melbourne", "country": "Australia", "osm_id": 1326482102}, "geometry": {"type": "LineString", "coordinates": [[145.3069758, -37.8750624], [145.3066968, -37.875087], [145.3064257, -37.8751106], [145.3063605, -37.8751212], [145.30626, -37.8751453], [145.306173, -37.8751883], [145.3061211, -37.8752278], [145.3060802, -37.8752729], [145.3060482, -37.8753154], [145.3060145, -37.8753576], [145.3059849, -37.8753794], [145.3059522, -37.8753964], [145.3059043, -37.8754149], [145.3058495, -37.8754225], [145.3057983, -37.8754219], [145.3057613, -37.8754249], [145.3057236, -37.8754316], [145.3056917, -37.8754441], [145.3056623, -37.8754608], [145.305639, -37.8754872], [145.3055746, -37.8755526], [145.3055548, -37.8755772], [145.3055186, -37.8756203], [145.3054908, -37.8756528], [145.3054658, -37.8756749], [145.3054468, -37.8756921], [145.3054195, -37.8757112], [145.3052055, -37.8758523]]}}, {"type": "Feature", "properties": {"waterbody": "Blind Creek", "name": "Blind Creek", "city": "Melbourne", "country": "Australia", "osm_id": 1326482104}, "geometry": {"type": "LineString", "coordinates": [[145.312899, -37.8786949], [145.3117265, -37.8781611], [145.3107194, -37.8771972], [145.3097075, -37.876314], [145.3092113, -37.8756957], [145.3082068, -37.8751157], [145.3081728, -37.8750945], [145.3079874, -37.8749702], [145.3078693, -37.874908], [145.3077855, -37.8748789]]}}, {"type": "Feature", "properties": {"waterbody": "Blind Creek", "name": "Blind Creek", "city": "Melbourne", "country": "Australia", "osm_id": 1343685472}, "geometry": {"type": "LineString", "coordinates": [[145.267406, -37.8675702], [145.2673531, -37.8675435]]}}, {"type": "Feature", "properties": {"waterbody": "Blind Creek", "name": "Blind Creek", "city": "Melbourne", "country": "Australia", "osm_id": 1343685473}, "geometry": {"type": "LineString", "coordinates": [[145.2674731, -37.8676041], [145.267406, -37.8675702]]}}, {"type": "Feature", "properties": {"waterbody": "Blind Creek", "name": "Blind Creek", "city": "Melbourne", "country": "Australia", "osm_id": 1343685474}, "geometry": {"type": "LineString", "coordinates": [[145.2675385, -37.8676371], [145.2674731, -37.8676041]]}}, {"type": "Feature", "properties": {"waterbody": "Blind Creek", "name": "Blind Creek", "city": "Melbourne", "country": "Australia", "osm_id": 1343685475}, "geometry": {"type": "LineString", "coordinates": [[145.2752871, -37.8681254], [145.27525, -37.8680945], [145.2751961, -37.8680653], [145.2751333, -37.8680484], [145.2750543, -37.8680355], [145.2749081, -37.8680261], [145.27475, -37.8679782], [145.2746816, -37.8679556], [145.2745248, -37.8679296], [145.274412, -37.8679219], [145.2743071, -37.8679312], [145.2741441, -37.8679641], [145.2740197, -37.8679937], [145.273934, -37.8679838], [145.2738517, -37.8679563], [145.2736626, -37.8678717], [145.2735762, -37.8678093], [145.2733911, -37.8676828], [145.2732972, -37.8676443], [145.2731867, -37.8676266], [145.2730364, -37.8676465], [145.2729174, -37.8676678], [145.2728473, -37.8677185], [145.2728127, -37.867777], [145.2727787, -37.8678545], [145.2727071, -37.8679192], [145.272651, -37.8679752], [145.2725786, -37.8680209], [145.2724918, -37.8680512], [145.2722522, -37.868068], [145.2720553, -37.8680699]]}}, {"type": "Feature", "properties": {"waterbody": "Blind Creek", "name": "Blind Creek", "city": "Melbourne", "country": "Australia", "osm_id": 1343685476}, "geometry": {"type": "LineString", "coordinates": [[145.2719204, -37.8680683], [145.2717161, -37.8680457]]}}, {"type": "Feature", "properties": {"waterbody": "Blind Creek", "name": "Blind Creek", "city": "Melbourne", "country": "Australia", "osm_id": 1343685477}, "geometry": {"type": "LineString", "coordinates": [[145.2720553, -37.8680699], [145.2719204, -37.8680683]]}}, {"type": "Feature", "properties": {"waterbody": "Blind Creek", "name": "Blind Creek", "city": "Melbourne", "country": "Australia", "osm_id": 1364460724}, "geometry": {"type": "LineString", "coordinates": [[145.285795, -37.874331], [145.2857198, -37.8743306], [145.2855705, -37.8743297], [145.285189, -37.8741894], [145.2847427, -37.8738544], [145.2840571, -37.873387], [145.2833586, -37.8730925], [145.2833072, -37.8730772], [145.2831187, -37.8730327], [145.2828491, -37.8730123], [145.282559, -37.8730106], [145.2822883, -37.872957], [145.2821535, -37.8729076], [145.2819803, -37.8728227], [145.2817997, -37.8725771], [145.2816772, -37.8723822], [145.2814905, -37.8721334], [145.2808702, -37.8712206], [145.2806814, -37.8709457]]}}, {"type": "Feature", "properties": {"waterbody": "Boggy Creek", "name": "Boggy Creek", "city": "Melbourne", "country": "Australia", "osm_id": 250071924}, "geometry": {"type": "LineString", "coordinates": [[145.1780462, -38.1183828], [145.1771342, -38.1176737], [145.1767911, -38.1171126], [145.1766677, -38.1168804], [145.1766382, -38.1168002], [145.1765389, -38.1167011], [145.1764719, -38.1166209], [145.1764155, -38.1165428], [145.1763458, -38.1164162], [145.1762385, -38.1162663], [145.1760481, -38.116049], [145.1758067, -38.115819], [145.1756672, -38.1156206], [145.1752369, -38.1150224]]}}, {"type": "Feature", "properties": {"waterbody": "Boggy Creek", "name": "Boggy Creek", "city": "Melbourne", "country": "Australia", "osm_id": 262961576}, "geometry": {"type": "LineString", "coordinates": [[145.1850933, -38.1249179], [145.1849717, -38.1243656], [145.1849126, -38.124097], [145.1844406, -38.1235146], [145.1839041, -38.1230166], [145.1828313, -38.1222148], [145.1805567, -38.1204507]]}}, {"type": "Feature", "properties": {"waterbody": "Boggy Creek", "name": "Boggy Creek", "city": "Melbourne", "country": "Australia", "osm_id": 433804291}, "geometry": {"type": "LineString", "coordinates": [[145.1945348, -38.1590323], [145.1943919, -38.1582417], [145.1939785, -38.1573107], [145.1939581, -38.1566927], [145.193458, -38.1558339], [145.1934426, -38.1553644], [145.1940959, -38.1545257], [145.1943256, -38.1539518], [145.1943358, -38.1532976], [145.194547, -38.1526426], [145.1945737, -38.1523232], [145.1946252, -38.1515496], [145.194489, -38.1512592]]}}, {"type": "Feature", "properties": {"waterbody": "Boggy Creek", "name": "Boggy Creek", "city": "Melbourne", "country": "Australia", "osm_id": 433804292}, "geometry": {"type": "LineString", "coordinates": [[145.1805567, -38.1204507], [145.1780462, -38.1183828]]}}, {"type": "Feature", "properties": {"waterbody": "Boggy Creek", "name": "Boggy Creek", "city": "Melbourne", "country": "Australia", "osm_id": 874579913}, "geometry": {"type": "LineString", "coordinates": [[145.194489, -38.1512592], [145.1944803, -38.1507912]]}}, {"type": "Feature", "properties": {"waterbody": "Boggy Creek", "name": "Boggy Creek", "city": "Melbourne", "country": "Australia", "osm_id": 874579914}, "geometry": {"type": "LineString", "coordinates": [[145.1944803, -38.1507912], [145.1944528, -38.1506318], [145.1944012, -38.1504595], [145.1944103, -38.1504023], [145.1944496, -38.1503619], [145.1945495, -38.1502928], [145.194607, -38.1502619], [145.1949854, -38.1500738], [145.1950823, -38.1500239], [145.1951579, -38.1499263], [145.1952669, -38.1497977], [145.1953274, -38.1496382], [145.1954515, -38.1494906]]}}, {"type": "Feature", "properties": {"waterbody": "Boggy Creek", "name": "Boggy Creek", "city": "Melbourne", "country": "Australia", "osm_id": 993570869}, "geometry": {"type": "LineString", "coordinates": [[145.1752025, -38.1147996], [145.1751751, -38.1146929], [145.1747911, -38.1142837]]}}, {"type": "Feature", "properties": {"waterbody": "Boggy Creek", "name": "Boggy Creek", "city": "Melbourne", "country": "Australia", "osm_id": 993570870}, "geometry": {"type": "LineString", "coordinates": [[145.1752369, -38.1150224], [145.1752025, -38.1147996]]}}, {"type": "Feature", "properties": {"waterbody": "Bolinda Creek", "name": "Bolinda Creek", "city": "Melbourne", "country": "Australia", "osm_id": 75810039}, "geometry": {"type": "LineString", "coordinates": [[144.7341496, -37.4238615], [144.7341228, -37.4239254], [144.733986, -37.4241193], [144.7339645, -37.4242226], [144.733998, -37.4243014], [144.7340825, -37.4243802], [144.7341335, -37.424409], [144.7342287, -37.4244185], [144.734332, -37.4244111], [144.7344165, -37.4243994], [144.7345157, -37.4243951], [144.7345653, -37.4244122], [144.7345774, -37.4244398], [144.734576, -37.4244761], [144.7345452, -37.4245197], [144.7344956, -37.4245794], [144.7344178, -37.4246624], [144.734391, -37.4247945], [144.7342917, -37.4249585], [144.7342019, -37.4250171], [144.7341777, -37.4250746], [144.7341791, -37.4251673], [144.7341791, -37.4252418], [144.7341281, -37.4253036], [144.7340047, -37.425359], [144.733935, -37.4253888], [144.7339269, -37.4254633], [144.7339511, -37.4255145], [144.7340047, -37.4255635], [144.7340718, -37.4255677], [144.7341683, -37.4255698], [144.7342676, -37.4255933], [144.7343346, -37.4256444], [144.734399, -37.425703], [144.7344245, -37.4257637], [144.7344473, -37.4258297], [144.7344084, -37.4259362], [144.7343977, -37.4260299], [144.7344165, -37.4260917], [144.7344567, -37.4261269], [144.7345237, -37.4261503], [144.7346203, -37.4261812], [144.734686, -37.4262153], [144.7348201, -37.4263494], [144.7349489, -37.426457], [144.7350052, -37.4264826], [144.7350454, -37.4264794], [144.7350575, -37.4264357], [144.7350951, -37.4263995], [144.7351326, -37.4264027], [144.7351795, -37.4264442], [144.7352023, -37.4265017], [144.7352251, -37.4265656], [144.7352158, -37.4266253], [144.735252, -37.4266934], [144.735311, -37.4267669], [144.7353525, -37.4268394], [144.7353646, -37.4269001], [144.7353418, -37.4269522], [144.7352734, -37.42703], [144.7351487, -37.4270982], [144.7350159, -37.4271471], [144.7349717, -37.4271865], [144.7349623, -37.427243], [144.7349864, -37.4272771], [144.7350521, -37.427309], [144.7351138, -37.4273932], [144.7351634, -37.4275018], [144.7352144, -37.4276498], [144.7352238, -37.427734], [144.7351822, -37.4277755], [144.7351111, -37.4277936], [144.7350548, -37.4278128], [144.7350039, -37.4278575], [144.734918, -37.4279214], [144.7348389, -37.4279384], [144.7347571, -37.4279661], [144.7347061, -37.4280055], [144.7346981, -37.4280801], [144.7347048, -37.4281717], [144.7346538, -37.4282888], [144.7346619, -37.4283559], [144.7346994, -37.4283911], [144.7347544, -37.4284028], [144.7348174, -37.4283847], [144.7348684, -37.4283389], [144.7349113, -37.4283048], [144.7349744, -37.4282984], [144.7350025, -37.4283165], [144.7350213, -37.4283559], [144.7350025, -37.42839], [144.7349958, -37.4284347], [144.735028, -37.4284773], [144.7351125, -37.4285178], [144.7351661, -37.42857], [144.7351862, -37.4286264], [144.7351621, -37.4286882], [144.7351192, -37.4287425], [144.7350427, -37.4288266], [144.7350186, -37.4288841], [144.7350588, -37.4289406], [144.7351755, -37.4289853], [144.7352694, -37.4290205], [144.7353297, -37.4290726], [144.7353351, -37.4291312], [144.735323, -37.4291813], [144.7352909, -37.4292633], [144.7352828, -37.4293272], [144.7353271, -37.4293623], [144.7354062, -37.4293879], [144.7355872, -37.4294145], [144.7356261, -37.4294678], [144.7355792, -37.4295285], [144.7355711, -37.4295838], [144.7356288, -37.4296371], [144.7357079, -37.4296626], [144.7357857, -37.4296893], [144.7357924, -37.4297383], [144.7358353, -37.4298075], [144.7359011, -37.4298416], [144.7359802, -37.429865], [144.7360164, -37.4298991], [144.7360164, -37.42993], [144.7359923, -37.4299566], [144.7359306, -37.4299853], [144.7358501, -37.4300183], [144.7358072, -37.4300844], [144.7357576, -37.4302665], [144.7356342, -37.4305295], [144.7356302, -37.4305902], [144.7356395, -37.4306158], [144.7356825, -37.4306296], [144.7357267, -37.4306254], [144.7357884, -37.4305838], [144.7358689, -37.4305327], [144.7359547, -37.4304923], [144.7360486, -37.4304816], [144.7361183, -37.4304965], [144.7361451, -37.4305455], [144.736143, -37.4306122], [144.7360915, -37.4306903], [144.7361129, -37.4307564], [144.7361746, -37.4308799], [144.7362283, -37.4309736], [144.7362846, -37.4310226], [144.7363517, -37.4310141], [144.7364268, -37.4309928], [144.736475, -37.4310034], [144.7365153, -37.4310567], [144.7365475, -37.4311504], [144.7366038, -37.431291], [144.7366306, -37.4314337], [144.736636, -37.4315636], [144.7365931, -37.4316807], [144.7364911, -37.4317745], [144.7363651, -37.4319065], [144.7361076, -37.4322196], [144.7359735, -37.4322686], [144.7358689, -37.432275], [144.7357643, -37.4323133], [144.7357267, -37.4323516], [144.7357213, -37.4324006], [144.7357669, -37.4324922], [144.7358367, -37.4326094], [144.7359011, -37.4326967], [144.7359037, -37.4327776], [144.7358233, -37.4328351], [144.7357321, -37.4328713], [144.7357106, -37.4329416], [144.7357589, -37.4329863], [144.7358528, -37.4330055], [144.7359574, -37.4330247], [144.7360164, -37.4330652], [144.7360298, -37.4331461], [144.7360003, -37.4332632], [144.7359601, -37.4333889], [144.7358662, -37.4335209], [144.7357374, -37.4336892], [144.735496, -37.4339554], [144.7353324, -37.4340619], [144.735209, -37.4340875], [144.7350883, -37.4340427], [144.7349381, -37.4340001], [144.7347718, -37.4340321], [144.7345009, -37.4341002], [144.7344071, -37.4341599], [144.7343105, -37.4342792], [144.7341791, -37.4343601], [144.7340396, -37.4343686], [144.7338867, -37.4344027], [144.733817, -37.4344921], [144.7337982, -37.4345986], [144.733817, -37.4348031], [144.7338679, -37.434999], [144.7338948, -37.4351076], [144.7338787, -37.4352354], [144.7337365, -37.4355442], [144.7335729, -37.4359106], [144.7334388, -37.4360746], [144.733361, -37.43623], [144.7333422, -37.4363174], [144.7333556, -37.4364324], [144.7333811, -37.4365431], [144.7334214, -37.4365825], [144.733534, -37.4366049], [144.7336493, -37.4366411], [144.7336788, -37.4366666], [144.7336842, -37.4367273], [144.733644, -37.4367912], [144.7335836, -37.4368658], [144.7335836, -37.436935], [144.73364, -37.436984], [144.7337379, -37.4370383], [144.7338156, -37.4370798], [144.7338384, -37.4371469], [144.7338197, -37.4371927], [144.7337607, -37.4372342], [144.7336628, -37.4372821], [144.7335809, -37.4373332], [144.7335005, -37.4374184], [144.7334482, -37.4374674], [144.7334589, -37.437526], [144.733538, -37.4375771], [144.7336252, -37.4376474], [144.7336426, -37.437707], [144.7336172, -37.4377634], [144.7335528, -37.4377879], [144.7334562, -37.4378018], [144.7333449, -37.4377965], [144.7331786, -37.437773], [144.7330753, -37.4377581], [144.7329976, -37.4376868], [144.7329144, -37.4376676], [144.7328407, -37.4376868], [144.7327682, -37.4377485], [144.7327508, -37.4378284], [144.7327468, -37.437921], [144.7327401, -37.438036], [144.7326368, -37.4382437], [144.7325496, -37.4384599], [144.7324947, -37.4385706], [144.7324906, -37.438643], [144.7325295, -37.4386952], [144.7325885, -37.4387154], [144.7326824, -37.4387048], [144.7327548, -37.4386973], [144.7328071, -37.4387122], [144.7328272, -37.4387495], [144.7328259, -37.4388166], [144.732791, -37.4388847], [144.7327495, -37.4389273], [144.7326945, -37.4389529], [144.7326355, -37.4389401], [144.7325912, -37.4389113], [144.7325429, -37.4389007], [144.7324906, -37.4389316], [144.7324491, -37.4389444], [144.7324035, -37.4389358], [144.7323538, -37.4389039], [144.7323203, -37.4389018], [144.7322787, -37.4389252], [144.7322211, -37.4390114], [144.7321969, -37.439152], [144.7322184, -37.4392713], [144.7323015, -37.4393841], [144.7323444, -37.4394949], [144.7323444, -37.4396205], [144.7323257, -37.43971], [144.7322908, -37.4397483], [144.7322077, -37.4397398], [144.7321084, -37.43971], [144.7320414, -37.4397142], [144.7318858, -37.4397781], [144.7317034, -37.439842], [144.731513, -37.4398441], [144.7313493, -37.4398101], [144.7312126, -37.4397526], [144.7310892, -37.4397313], [144.7310087, -37.4397334], [144.730939, -37.4397653], [144.7307324, -37.439859], [144.7298259, -37.440121], [144.7289649, -37.4400507], [144.7284391, -37.4398228], [144.7281454, -37.4398569], [144.7280341, -37.4399208], [144.7279859, -37.4399879], [144.7279617, -37.4400667], [144.7279496, -37.4402051], [144.7279416, -37.440236], [144.7278947, -37.4402616], [144.7278477, -37.4402616], [144.7277753, -37.440219], [144.7276814, -37.4401828], [144.727558, -37.4401945], [144.7274829, -37.4402243], [144.7274588, -37.4402935], [144.7274736, -37.4403883], [144.7275098, -37.4404692], [144.7276439, -37.4405906], [144.7276653, -37.4406396], [144.7276506, -37.4406768], [144.7276063, -37.4407056], [144.7275124, -37.440746], [144.7274669, -37.440761], [144.7274441, -37.4407833], [144.7274534, -37.4408025], [144.7274816, -37.4408216], [144.7275513, -37.4408344], [144.7276586, -37.4408227], [144.7277082, -37.4408536], [144.727727, -37.4408919], [144.7277056, -37.4409505], [144.7276747, -37.4410059], [144.7276828, -37.4410463], [144.7277297, -37.4411006], [144.7277512, -37.4411549], [144.7277498, -37.4411943], [144.727731, -37.4412124], [144.7276841, -37.4412188], [144.7276479, -37.4412295], [144.7276036, -37.4412721], [144.7275607, -37.4412891], [144.7275299, -37.4412774], [144.7274682, -37.441205], [144.7273904, -37.4411603], [144.727326, -37.4411773], [144.7272858, -37.4412305], [144.7272938, -37.4412731], [144.7273609, -37.4414158], [144.727428, -37.4415628], [144.7275594, -37.4417033], [144.7276036, -37.4418215], [144.7275527, -37.4419003], [144.7274655, -37.4419471], [144.7273958, -37.4420046], [144.7273354, -37.4420898], [144.7273301, -37.442142], [144.7273649, -37.4422666], [144.7273596, -37.4423858], [144.7272871, -37.4425008], [144.7271597, -37.4425924], [144.7270887, -37.4425967], [144.7270149, -37.4425839], [144.7269586, -37.4425509], [144.7269344, -37.4424891], [144.7269116, -37.442421], [144.7268513, -37.4424082], [144.7267722, -37.4424476], [144.7266997, -37.4425338], [144.7266059, -37.4426637], [144.7265656, -37.4427809], [144.7265683, -37.4429001], [144.7266206, -37.442964], [144.7266823, -37.4430066], [144.7267333, -37.4431205], [144.7267762, -37.4431919], [144.7267842, -37.4432409], [144.7267386, -37.4432898], [144.7266904, -37.4433026], [144.7266179, -37.4433335], [144.7265683, -37.4433708], [144.72652, -37.4434485], [144.7264288, -37.4435465], [144.7263806, -37.4436082], [144.7263832, -37.4436753], [144.7264221, -37.4437488], [144.7264396, -37.4437967], [144.7264074, -37.4438701], [144.726288, -37.4440075], [144.7260225, -37.4442822], [144.72584, -37.4444205], [144.7256443, -37.4445974], [144.7256148, -37.4446613], [144.7256416, -37.4447826], [144.7256818, -37.4448721], [144.7257341, -37.4449956], [144.7256698, -37.4450946], [144.7255558, -37.4451585], [144.7254297, -37.445183], [144.7252567, -37.4451574], [144.7251561, -37.44515], [144.7250488, -37.4451745], [144.7248141, -37.445299], [144.7247578, -37.4453725], [144.7247203, -37.4454513], [144.7247203, -37.4455237], [144.724739, -37.4455919], [144.7248074, -37.4456536], [144.7248302, -37.4457037], [144.7248115, -37.4457516], [144.7247511, -37.445775], [144.7246693, -37.4457963], [144.7245821, -37.4458272], [144.7245003, -37.4458293], [144.7244346, -37.445825], [144.7243649, -37.4458485], [144.7242321, -37.4459464], [144.7241825, -37.4460263], [144.7241557, -37.4460795], [144.7241878, -37.446203], [144.7242549, -37.4462541], [144.7243193, -37.4462765], [144.7244011, -37.4463137], [144.7244695, -37.4463766], [144.7245339, -37.4464138], [144.7245848, -37.4464468], [144.7246532, -37.4465246], [144.7246921, -37.4465927], [144.724739, -37.4466811], [144.7247525, -37.4467726], [144.7247417, -37.4468908], [144.724735, -37.4469707], [144.72468, -37.4472124], [144.724609, -37.4474605], [144.7245647, -37.4475829], [144.7244869, -37.4476926], [144.7243662, -37.4478597], [144.7242925, -37.4479566], [144.7242683, -37.4480194], [144.724275, -37.4480833], [144.7244238, -37.4484239], [144.7244306, -37.4484751], [144.7244038, -37.4485167], [144.72433, -37.4485454], [144.724267, -37.4485922], [144.7242334, -37.4486614], [144.7241999, -37.4487988], [144.7241986, -37.4489106], [144.7242294, -37.4489809], [144.724279, -37.4490405], [144.7243823, -37.4491044], [144.724625, -37.4492034], [144.724963, -37.4493822], [144.7253519, -37.4495302], [144.7255075, -37.4495984], [144.7255866, -37.449658], [144.725596, -37.4497102], [144.7255866, -37.4497591], [144.7255263, -37.449823], [144.7254458, -37.4499039], [144.7253841, -37.4499934], [144.7254056, -37.4501808], [144.7255048, -37.4504554], [144.7255316, -37.4506088], [144.7255504, -37.4508025], [144.7255987, -37.4509303], [144.725714, -37.4511241], [144.7258642, -37.4513413], [144.7260118, -37.4515052], [144.7263283, -37.4518118], [144.726457, -37.451897], [144.7265375, -37.4519353], [144.7266608, -37.4519438], [144.7267923, -37.4518991], [144.7271571, -37.4516883], [144.7272643, -37.4516394], [144.727385, -37.4516117], [144.7275433, -37.4516181], [144.7277391, -37.4516457], [144.7278625, -37.4516798], [144.7282004, -37.4518395], [144.7283265, -37.4519055], [144.7284901, -37.4519481], [144.7286537, -37.4519715], [144.72882, -37.4520418], [144.7291473, -37.4521887], [144.7291929, -37.4522313], [144.7292224, -37.4522781], [144.7292036, -37.45244], [144.7292197, -37.4525528], [144.7292626, -37.452655], [144.7293243, -37.4527274], [144.7294182, -37.4527615], [144.7295147, -37.4527551], [144.729614, -37.4527338], [144.7297249, -37.4526344], [144.72985, -37.4525699], [144.7298983, -37.4525507], [144.7299653, -37.4525464], [144.7300324, -37.4525507], [144.7300887, -37.4525784], [144.7302979, -37.4528083], [144.7304106, -37.4529148], [144.7304615, -37.4529936], [144.7305018, -37.4531767], [144.7305527, -37.4532874], [144.7306332, -37.4533534], [144.7308049, -37.4534556], [144.7308961, -37.4535387], [144.7309765, -37.4536409], [144.7310007, -37.4537346], [144.7310275, -37.4541775], [144.7310597, -37.4543095], [144.731124, -37.4543861], [144.7313091, -37.4544649], [144.7315559, -37.4545629], [144.7319555, -37.4546736], [144.7321191, -37.4547417], [144.7321889, -37.4548311], [144.7322157, -37.4549227], [144.7321996, -37.4550313], [144.7321486, -37.455159], [144.7319341, -37.4554422], [144.7316819, -37.4558553], [144.7316293, -37.4559943], [144.7316417, -37.4561108], [144.731698, -37.4562492], [144.7319153, -37.4566026], [144.7321647, -37.4569688], [144.732331, -37.4572435], [144.7324249, -37.4574543], [144.7325349, -37.45768], [144.7326073, -37.4579312], [144.7326914, -37.4580553], [144.7327548, -37.4581016], [144.7328567, -37.4581271], [144.7330552, -37.4581314], [144.7332135, -37.4581846], [144.733353, -37.4582825], [144.7334656, -37.4584124], [144.7335273, -37.458538], [144.7335568, -37.4586658], [144.7335058, -37.4588255], [144.7333074, -37.4592768], [144.7332403, -37.4594876], [144.7331357, -37.4600987], [144.7331116, -37.4603882], [144.7331196, -37.46055], [144.7331679, -37.4606714], [144.7332993, -37.4608183], [144.7334334, -37.4609567], [144.7336239, -37.4610652], [144.733817, -37.4611462], [144.7339779, -37.4611909], [144.7340932, -37.4611909], [144.7343025, -37.4611419], [144.7344393, -37.461176], [144.7345814, -37.4612483], [144.7346726, -37.4613186], [144.7347182, -37.4614293], [144.7347128, -37.4615571], [144.7346994, -37.4616507], [144.734627, -37.4617444], [144.7344097, -37.4618934], [144.73434, -37.4619807], [144.7343293, -37.4620744], [144.7343346, -37.462183], [144.7344017, -37.4623363], [144.7344822, -37.4624853], [144.7345197, -37.4626492], [144.7345197, -37.4629516], [144.7345251, -37.4630559], [144.7345439, -37.4631581], [144.7346485, -37.4633944], [144.7348094, -37.4637478], [144.7348738, -37.4639096], [144.7349381, -37.4640331], [144.7350347, -37.4641608], [144.7351071, -37.4642375], [144.7353432, -37.4643822], [144.7355551, -37.4645376], [144.7356918, -37.4646292], [144.7357991, -37.4646569], [144.7358635, -37.4647165], [144.7359386, -37.4648187], [144.7360969, -37.4650763], [144.7362578, -37.4652551], [144.7365609, -37.4655468], [144.7367728, -37.4656937], [144.73699, -37.4658767], [144.7371322, -37.4659576], [144.7372797, -37.4659683], [144.737505, -37.4659427], [144.7377679, -37.4658895], [144.738138, -37.4657852], [144.7384009, -37.4657107], [144.7385484, -37.4657], [144.7386852, -37.465732], [144.73883, -37.4657873], [144.739117, -37.4659108], [144.7393316, -37.4659811], [144.7395274, -37.4660896], [144.7397339, -37.4662238], [144.7399807, -37.4663834], [144.7402382, -37.466492], [144.7403428, -37.4665495], [144.7404098, -37.4666304], [144.7405627, -37.46702], [144.7406164, -37.4671009], [144.7406781, -37.4671158], [144.7407907, -37.4671392], [144.7409114, -37.4672073], [144.7410643, -37.4672733], [144.7411904, -37.4673244], [144.7413218, -37.4673478], [144.74148, -37.4673201], [144.7416383, -37.4672605], [144.7417429, -37.467186], [144.7417858, -37.4671136], [144.7417912, -37.4670455], [144.741767, -37.4669944], [144.7416329, -37.4668326], [144.7416276, -37.466756], [144.7416383, -37.4666879], [144.7417107, -37.4666581], [144.7417966, -37.4666517], [144.7419816, -37.4666581], [144.7421935, -37.4666942], [144.7424188, -37.4667219], [144.7426495, -37.4666857], [144.7429284, -37.4666176], [144.7432154, -37.4665857], [144.7435427, -37.4665665], [144.7437224, -37.4665154], [144.7439879, -37.4664026], [144.7442079, -37.4662748], [144.7445539, -37.4660236], [144.7448409, -37.465832], [144.745211, -37.4656362], [144.7453102, -37.4655574], [144.7453317, -37.4654829], [144.7453129, -37.465385], [144.7452807, -37.4652977], [144.7450179, -37.4649017], [144.7449884, -37.4648016], [144.7450098, -37.4647122], [144.7450769, -37.4644951], [144.7451171, -37.4644376], [144.7451842, -37.4644014], [144.7453049, -37.4644014], [144.7454229, -37.4643886], [144.7455168, -37.4643588], [144.7455865, -37.4643056], [144.7457716, -37.4641033], [144.7460532, -37.4638521], [144.7464824, -37.4635094], [144.7466111, -37.4634476], [144.7467345, -37.4634285], [144.7468686, -37.4634583], [144.7471046, -37.4635817], [144.7472736, -37.4636563], [144.7474667, -37.4637137], [144.7477376, -37.4637563], [144.7480702, -37.4637414], [144.7484001, -37.4637031], [144.7487381, -37.463669], [144.7490546, -37.4636648], [144.7493765, -37.4636882], [144.7496125, -37.4637478], [144.7499961, -37.463867], [144.7502938, -37.463933], [144.7506237, -37.4640586], [144.7508356, -37.4640884], [144.7509536, -37.4641268], [144.7510582, -37.4641906], [144.7514337, -37.4644908], [144.7516242, -37.4645866], [144.7518146, -37.464659], [144.7520184, -37.4646994], [144.7521526, -37.464708], [144.7522438, -37.4646888], [144.7523054, -37.4646547], [144.752402, -37.4645845], [144.7524744, -37.4645717], [144.7525388, -37.4645887], [144.7527534, -37.4647058], [144.7529304, -37.4648251], [144.7530779, -37.4648251], [144.7531986, -37.4647548], [144.7532737, -37.4646505], [144.7533166, -37.4645504], [144.7533327, -37.4644525], [144.7534212, -37.4643716], [144.7535178, -37.4643162], [144.7537029, -37.4642715], [144.7539201, -37.4641821], [144.7540677, -37.4641502], [144.7542393, -37.4641417], [144.7544271, -37.4641502], [144.75458, -37.4641906], [144.754757, -37.4642779], [144.754867, -37.4643248], [144.7550306, -37.4643439], [144.7551754, -37.4643375], [144.7553024, -37.4643105], [144.7554544, -37.4642311], [144.7555992, -37.46418], [144.7557038, -37.4641374], [144.7558138, -37.4640544], [144.7559425, -37.4640203], [144.7560632, -37.4640224], [144.7562081, -37.4640416], [144.7563314, -37.4640927], [144.7567686, -37.4642566], [144.7570181, -37.4643418], [144.7571227, -37.4644057], [144.7571871, -37.4644866], [144.7572246, -37.4647271], [144.757171, -37.4649996], [144.7571522, -37.4651252], [144.7571897, -37.4652274], [144.757357, -37.4654995]]}}, {"type": "Feature", "properties": {"waterbody": "Bolinda Creek", "name": "Bolinda Creek", "city": "Melbourne", "country": "Australia", "osm_id": 733185408}, "geometry": {"type": "LineString", "coordinates": [[144.712362, -37.3881503], [144.7123888, -37.3881844], [144.712413, -37.3882185], [144.7124532, -37.3882377], [144.7125068, -37.3882462], [144.7125551, -37.3882526], [144.7126061, -37.3882611], [144.7126463, -37.388276], [144.7126946, -37.3883059], [144.7127187, -37.3883378], [144.7127295, -37.3883762], [144.7127241, -37.3884124], [144.7127187, -37.3884486], [144.7127026, -37.3885424], [144.7127375, -37.3885999], [144.7127697, -37.3886277], [144.7128019, -37.3886532], [144.7128314, -37.3886831], [144.7128555, -37.388715], [144.7128877, -37.3887427], [144.7129172, -37.3887747], [144.7129628, -37.3887917], [144.7130084, -37.3888045], [144.7130701, -37.3888216], [144.7131157, -37.3888365], [144.7132391, -37.3888631], [144.7132646, -37.3888727], [144.713282, -37.3888844], [144.7133048, -37.3889036], [144.7133209, -37.3889185], [144.7133356, -37.3889356], [144.7133598, -37.3889548], [144.7133759, -37.3889718], [144.713396, -37.3889835], [144.7134188, -37.3890017], [144.7134416, -37.3890166], [144.713463, -37.3890262], [144.7134885, -37.3890358], [144.7135167, -37.3890422], [144.7135569, -37.3890496], [144.7135811, -37.3890507], [144.7136347, -37.3890549], [144.7137621, -37.3890507], [144.7139525, -37.3890358], [144.713974, -37.3890443], [144.7139928, -37.3890603], [144.7140062, -37.3890762], [144.7140196, -37.3890965], [144.7140652, -37.3891721], [144.7140799, -37.3891881], [144.7140987, -37.3891999], [144.7141162, -37.3892126], [144.7141336, -37.3892286], [144.714151, -37.3892414], [144.7141832, -37.3892723], [144.7142033, -37.389284], [144.7142221, -37.3893011], [144.7142422, -37.3893096], [144.7142637, -37.3893256], [144.7142838, -37.3893394], [144.7143012, -37.3893522], [144.7143187, -37.3893671], [144.7143361, -37.3893821], [144.7144166, -37.3894918], [144.7144863, -37.3895408], [144.7145654, -37.389543], [144.714658, -37.389544], [144.7147505, -37.3895376], [144.7148323, -37.3895003], [144.7149101, -37.3894566], [144.7149825, -37.3894055], [144.7150174, -37.3893778], [144.7150603, -37.3893629], [144.7151059, -37.3893501], [144.7151595, -37.3893501], [144.7152078, -37.3893522], [144.7152561, -37.389365], [144.715299, -37.3893799], [144.7153446, -37.3893927], [144.7153929, -37.3894076], [144.7154358, -37.3894247], [144.7154707, -37.3894481], [144.7155082, -37.3894737], [144.7155485, -37.3894929], [144.7155914, -37.3895121], [144.7156396, -37.3895248], [144.7156906, -37.3895419], [144.7157335, -37.3895675], [144.7157603, -37.3895973], [144.715763, -37.3896335], [144.7157577, -37.3896719], [144.7157443, -37.3897145], [144.7157255, -37.3897465], [144.7157067, -37.3897848], [144.7156826, -37.3898168], [144.7156692, -37.389853], [144.7156504, -37.3898871], [144.7156396, -37.3899234], [144.7156396, -37.3899596], [144.7156504, -37.3899979], [144.7156745, -37.3900342], [144.715704, -37.3900683], [144.715822, -37.3901535], [144.7159186, -37.3901961], [144.7159561, -37.3902238], [144.7160017, -37.3902345], [144.71605, -37.3902451], [144.7160983, -37.3902643], [144.716152, -37.3902792], [144.7162136, -37.3902878], [144.7162673, -37.390292], [144.7163182, -37.3902963], [144.7163638, -37.3903091], [144.7164041, -37.3903304], [144.716447, -37.3903517], [144.7164926, -37.3903815], [144.7165436, -37.3904071], [144.7165865, -37.3904305], [144.7166187, -37.3904561], [144.7166482, -37.3904838], [144.7166723, -37.3905158], [144.7166911, -37.3905499], [144.7167098, -37.390584], [144.7167072, -37.3906223], [144.7166884, -37.3906543], [144.7166696, -37.3906863], [144.7166374, -37.3907161], [144.7165999, -37.3907395], [144.7165704, -37.3907694], [144.7165677, -37.3908077], [144.7165838, -37.3908418], [144.7166052, -37.3908781], [144.7166508, -37.3908994], [144.7167072, -37.39091], [144.7167581, -37.3909186], [144.7168064, -37.3909292], [144.7168386, -37.390959], [144.7168547, -37.3909953], [144.716852, -37.3910315], [144.716844, -37.3910677], [144.7168252, -37.391104], [144.7167903, -37.3911338], [144.7167742, -37.3911658], [144.7167769, -37.3912041], [144.716785, -37.3912425], [144.7168118, -37.3912808], [144.7168386, -37.3913128], [144.7168815, -37.391332], [144.7169083, -37.3913469], [144.7170988, -37.3914002], [144.717147, -37.3913938], [144.7171953, -37.3913895], [144.7172409, -37.3913853], [144.7172919, -37.3913853], [144.7173375, -37.3913746], [144.7173992, -37.3913554], [144.7174394, -37.3913384], [144.717485, -37.391332], [144.7175306, -37.3913171], [144.7175762, -37.3913043], [144.7176406, -37.3912659], [144.7177479, -37.3911615], [144.7177908, -37.3911338], [144.7178364, -37.3911104], [144.7178793, -37.3910976], [144.7179249, -37.3910976], [144.7179705, -37.3911082], [144.7180295, -37.3911295], [144.7180724, -37.3911466], [144.7181126, -37.3911679], [144.7181556, -37.3911956], [144.7181877, -37.3912276], [144.7182146, -37.3912659], [144.7182333, -37.3913043], [144.7182441, -37.3913405], [144.7182655, -37.3913831], [144.7182843, -37.3914151], [144.7183111, -37.3914513], [144.7183433, -37.391479], [144.7183728, -37.3915089], [144.7184077, -37.3915344], [144.7184452, -37.3915557], [144.7184774, -37.3915898], [144.7184962, -37.3916282], [144.7184989, -37.3916666], [144.7185016, -37.391707], [144.7185096, -37.3917433], [144.7185257, -37.3917795], [144.7185418, -37.3918136], [144.718574, -37.3918392], [144.7186089, -37.3918669], [144.7186813, -37.3919137], [144.7187188, -37.3919372], [144.7188771, -37.3920182], [144.7190005, -37.3920331], [144.7190514, -37.3920267], [144.7191051, -37.3920139], [144.719156, -37.3920075], [144.7192016, -37.392016], [144.7192445, -37.3920437], [144.7192794, -37.3920714], [144.7193062, -37.3921077], [144.7193304, -37.3921375], [144.7193626, -37.3921673], [144.7194001, -37.392195], [144.719443, -37.3922249], [144.719494, -37.3922504], [144.7195369, -37.3922654], [144.7196066, -37.3923122], [144.7196415, -37.3923421], [144.7196496, -37.3923804], [144.7196388, -37.3924209], [144.7196308, -37.3924635], [144.7196254, -37.3925147], [144.7196281, -37.3925594], [144.7196415, -37.3925999], [144.7196603, -37.3926362], [144.7196898, -37.3926681], [144.7197193, -37.3927086], [144.7197595, -37.3927427], [144.7197971, -37.392764], [144.7198346, -37.3927917], [144.7198775, -37.3928237], [144.7199124, -37.3928493], [144.71995, -37.3928791], [144.7199714, -37.3929111], [144.7199929, -37.3929473], [144.7199982, -37.3929835], [144.7199821, -37.393024], [144.7199473, -37.3930496], [144.7199231, -37.3930815], [144.7198909, -37.3931156], [144.7198561, -37.3931497], [144.7198829, -37.3932605], [144.719907, -37.3932946], [144.7199231, -37.3933287], [144.7199419, -37.393365], [144.7199634, -37.3933991], [144.7199714, -37.3934353], [144.7199714, -37.3934736], [144.7199526, -37.3935099], [144.7199473, -37.3935482], [144.7199205, -37.3935802], [144.7198856, -37.3936036], [144.71984, -37.3936313], [144.7198078, -37.393659], [144.719789, -37.3936953], [144.7197756, -37.3937379], [144.7197515, -37.3937698], [144.719722, -37.3937975], [144.7196227, -37.3938849], [144.7194216, -37.394], [144.7194135, -37.3940362], [144.7194377, -37.3941534], [144.7195315, -37.3942046], [144.7195449, -37.3942408], [144.7195476, -37.3942855], [144.7194779, -37.394424], [144.7194779, -37.3944624], [144.7194993, -37.3944965], [144.7195342, -37.3945242], [144.7195744, -37.3945498], [144.71962, -37.3945604], [144.7196683, -37.3945647], [144.7198856, -37.3945647], [144.7199312, -37.3945689], [144.7199741, -37.3945796], [144.7200143, -37.394603], [144.7200304, -37.3946393], [144.7200251, -37.3946755], [144.7199982, -37.3947629], [144.7200197, -37.3947948], [144.7200653, -37.3948012], [144.7202799, -37.3948119], [144.7203308, -37.3948119], [144.7204328, -37.3948161], [144.720481, -37.3948161], [144.7205749, -37.3948332], [144.7206205, -37.3948588], [144.7206232, -37.394895], [144.7206071, -37.3949312], [144.7205508, -37.3949994], [144.7205266, -37.3950676], [144.7204998, -37.3951038], [144.7204676, -37.3951336], [144.720422, -37.3951464], [144.7204086, -37.3951848], [144.7204274, -37.3952295], [144.7204435, -37.3952636], [144.7204435, -37.3952999], [144.7204328, -37.3953382], [144.7204193, -37.3953723], [144.7204167, -37.3954085], [144.720414, -37.3954469], [144.7204167, -37.3954874], [144.7204328, -37.3955215], [144.7204542, -37.3955556], [144.7204703, -37.3955961], [144.7204649, -37.3956728], [144.7204274, -37.3957026], [144.7203979, -37.3957324], [144.7203952, -37.3957687], [144.7204113, -37.3958049], [144.7204328, -37.3958411], [144.7204676, -37.3958709], [144.7204998, -37.3959008], [144.72054, -37.3959221], [144.7205883, -37.3959327], [144.7206339, -37.395954], [144.7206795, -37.3959754], [144.7207198, -37.3959988], [144.7207466, -37.3960308], [144.7207251, -37.3960649], [144.7206876, -37.396084], [144.7206447, -37.396084], [144.7205991, -37.3960798], [144.7205561, -37.3960734], [144.7205132, -37.3960734], [144.720473, -37.3960649], [144.7203603, -37.3960563], [144.7202584, -37.3960947], [144.7201484, -37.3961245], [144.7201082, -37.3961394], [144.720076, -37.396165], [144.7200626, -37.3962012], [144.7200599, -37.3962396], [144.7200599, -37.3962758], [144.7200653, -37.396312], [144.720076, -37.3963547], [144.7201163, -37.3963845], [144.7201619, -37.3964015], [144.7201967, -37.3964292], [144.7202235, -37.3964633], [144.7202396, -37.3964996], [144.7202504, -37.3965443], [144.7202718, -37.3965784], [144.7202986, -37.3966104], [144.7203255, -37.3966402], [144.7203898, -37.3966977], [144.7205052, -37.3967105], [144.7205508, -37.3967297], [144.7205883, -37.396751], [144.7206205, -37.396783], [144.72065, -37.3968149], [144.7206688, -37.396849], [144.7206795, -37.3968874], [144.7206876, -37.3969236], [144.7206956, -37.396962], [144.7207117, -37.396996], [144.7207385, -37.397028], [144.7207707, -37.3970621], [144.7208029, -37.3970941], [144.7208378, -37.397126], [144.7208753, -37.3971516], [144.7209209, -37.3971708], [144.7209638, -37.39719], [144.7210067, -37.3972113], [144.7210523, -37.3972262], [144.721106, -37.3972368], [144.7211489, -37.3972518], [144.7211838, -37.3972795], [144.721216, -37.3973114], [144.7212455, -37.3973945], [144.721275, -37.3974329], [144.7213206, -37.3974435], [144.7213688, -37.3974542], [144.72168, -37.3974542], [144.7217256, -37.3974584], [144.7217685, -37.3974691], [144.7218087, -37.3974883], [144.7218543, -37.397516], [144.7219375, -37.3975693], [144.7219589, -37.3976033], [144.7219831, -37.3976396], [144.7220099, -37.3976737], [144.7220314, -37.3977078], [144.7220582, -37.3977376], [144.722093, -37.3977674], [144.7221306, -37.3977887], [144.7221681, -37.3978186], [144.722195, -37.3978527], [144.7222137, -37.3978867], [144.7222352, -37.3979187], [144.722262, -37.3979528], [144.7222915, -37.3979848], [144.7223183, -37.398021], [144.7223398, -37.3980551], [144.7223586, -37.3980892], [144.7223747, -37.3981254], [144.7223908, -37.3981595], [144.7224095, -37.3981957], [144.7224149, -37.3982341], [144.7224203, -37.398281], [144.7224256, -37.3983172], [144.722431, -37.3983555], [144.7224417, -37.398396], [144.7224578, -37.3984344], [144.7225088, -37.3985068], [144.7225168, -37.398543], [144.7225168, -37.3985814], [144.7225115, -37.3986176], [144.7224954, -37.3986538], [144.7224793, -37.3986858], [144.7224632, -37.398722], [144.7224632, -37.3987604], [144.7224712, -37.3988243], [144.7225276, -37.3989074], [144.7225463, -37.3989415], [144.7225705, -37.3989756], [144.7225946, -37.3990097], [144.7226161, -37.3990459], [144.7226456, -37.3990779], [144.7226751, -37.3991098], [144.7227126, -37.3991333], [144.7227502, -37.3991546], [144.7227904, -37.3991695], [144.7228333, -37.3991908], [144.7229138, -37.3992398], [144.7229567, -37.3992633], [144.7229916, -37.3992888], [144.7230184, -37.3993272], [144.7230291, -37.3993655], [144.7230291, -37.3994423], [144.7230452, -37.3994763], [144.7230694, -37.3995104], [144.7231042, -37.3995403], [144.7231418, -37.3995637], [144.7231767, -37.3995893], [144.7232249, -37.3995978], [144.7232732, -37.3996021], [144.7233215, -37.3996042], [144.7234663, -37.3996298], [144.7235039, -37.3996511], [144.7235334, -37.399683], [144.7235522, -37.3997171], [144.7235548, -37.3997533], [144.7235388, -37.3997874], [144.7235066, -37.3998364], [144.7235656, -37.3999132], [144.7236085, -37.3999302], [144.7236273, -37.3999622], [144.7236326, -37.4000005], [144.7236434, -37.4001305], [144.7236621, -37.4001625], [144.7236916, -37.4001944], [144.7237265, -37.40022], [144.7237641, -37.4002413], [144.7238445, -37.4002797], [144.7238848, -37.4002967], [144.7239384, -37.4003052], [144.7239974, -37.4003201], [144.7240457, -37.4003287], [144.7240859, -37.4003542], [144.7241127, -37.4003862], [144.7241315, -37.4004182], [144.7241476, -37.4004544], [144.7242026, -37.4006003], [144.7242415, -37.4006376], [144.7242871, -37.4006525], [144.7243193, -37.4006802], [144.7243327, -37.4007186], [144.7243354, -37.4007569], [144.7243407, -37.4007932], [144.7243515, -37.4008315], [144.724381, -37.400904], [144.7244051, -37.4009785], [144.7244319, -37.4010126], [144.7244614, -37.4010425], [144.7244909, -37.4010723], [144.7245687, -37.401132], [144.7246116, -37.4011618], [144.7246492, -37.401181], [144.7246867, -37.4012023], [144.724727, -37.4012193], [144.7247699, -37.4012342], [144.7248208, -37.4012364], [144.7249684, -37.4012364], [144.7250167, -37.4012321], [144.7250676, -37.40123], [144.7251213, -37.4012342], [144.7251669, -37.4012406], [144.7252098, -37.4012534], [144.72525, -37.4012768], [144.7252849, -37.4013024], [144.7253466, -37.4013663], [144.7253787, -37.4014175], [144.7253761, -37.4014899], [144.7253627, -37.401524], [144.7253439, -37.4015645], [144.7253197, -37.4016007], [144.7252983, -37.4016348], [144.7252795, -37.4016668], [144.7252607, -37.4017073], [144.7252688, -37.4017456], [144.7252849, -37.4017818], [144.7253117, -37.4018223], [144.7253358, -37.4018585], [144.7253573, -37.4018926], [144.7254243, -37.4019608], [144.7255129, -37.4020215], [144.7255357, -37.4020546], [144.725545, -37.4020737], [144.7255544, -37.4021036], [144.7255652, -37.4021334], [144.7255678, -37.4021526], [144.7255705, -37.4021739], [144.7255692, -37.4022304], [144.7255625, -37.4022506], [144.7255518, -37.4022698], [144.7255437, -37.4022889], [144.7255383, -37.4023081], [144.7255276, -37.4023252], [144.7255155, -37.4023412], [144.7255021, -37.4023614], [144.7254954, -37.4023806], [144.7254941, -37.4024179], [144.7254981, -37.402436], [144.7255088, -37.402453], [144.7255263, -37.4024669], [144.7255437, -37.4024796], [144.7255652, -37.4024892], [144.7255906, -37.4024978], [144.725655, -37.4025169], [144.7257274, -37.4025297], [144.7257502, -37.4025319], [144.7257704, -37.4025393], [144.7257918, -37.4025489], [144.7258119, -37.4025659], [144.7258294, -37.4025798], [144.7258522, -37.4026171], [144.7258575, -37.4026554], [144.7258642, -37.4026746], [144.7258857, -37.4026853], [144.7259112, -37.4026874], [144.725938, -37.4026863], [144.7259635, -37.4026853], [144.725993, -37.4026746], [144.7260131, -37.4026576], [144.7260372, -37.4026469], [144.7260614, -37.4026469], [144.7260882, -37.4026565], [144.7261257, -37.4026778], [144.7261432, -37.4027002], [144.726162, -37.4027194], [144.7262263, -37.4027471], [144.7262907, -37.4027854], [144.7263336, -37.4028046], [144.7263792, -37.4028216], [144.7264194, -37.4028387], [144.726457, -37.40286], [144.7264865, -37.4028898], [144.726508, -37.402926], [144.7265348, -37.402958], [144.7265643, -37.4029878], [144.7265938, -37.4030219], [144.7266233, -37.4030539], [144.7266555, -37.4030816], [144.7267306, -37.4031242], [144.7267762, -37.4031391], [144.7268218, -37.403154], [144.7268593, -37.4031753], [144.7268969, -37.4031945], [144.7269371, -37.4032137], [144.72698, -37.4032329], [144.7270283, -37.4032414], [144.727082, -37.4032456], [144.7271275, -37.403252], [144.7271758, -37.4032542], [144.7272214, -37.4032478], [144.7272643, -37.4032392], [144.7273099, -37.4032201], [144.7273502, -37.4031945], [144.7273877, -37.4031753], [144.7274306, -37.4031561], [144.7274736, -37.4031391], [144.7275218, -37.4031284], [144.7275701, -37.4031306], [144.7276211, -37.4031455], [144.7276613, -37.4031647], [144.7276908, -37.4031966], [144.7277284, -37.4032179], [144.7278222, -37.4032158], [144.7278652, -37.4031817], [144.7278866, -37.4031391], [144.7278973, -37.4031007], [144.7279322, -37.4030752], [144.7279724, -37.403056], [144.7280207, -37.4030496], [144.728069, -37.4030539], [144.7281092, -37.403073], [144.7281468, -37.4030986], [144.7281897, -37.4031221], [144.7282299, -37.403137], [144.7282782, -37.4031519], [144.7283238, -37.4031711], [144.7283667, -37.4031817], [144.7284338, -37.4031476], [144.7284847, -37.4031071], [144.7284982, -37.4030709], [144.7285089, -37.4030326], [144.7285438, -37.4030091], [144.7285867, -37.4029878], [144.7286269, -37.4029686], [144.7286698, -37.402958], [144.7287181, -37.4029537], [144.7287637, -37.4029516], [144.7288629, -37.4029516], [144.7289166, -37.4029473], [144.7289649, -37.4029409], [144.7290131, -37.4029388], [144.7290695, -37.4029367], [144.7291177, -37.4029367], [144.7291633, -37.4029324], [144.7292036, -37.4029154], [144.7292465, -37.4028919], [144.729276, -37.4028621], [144.7293001, -37.4028259], [144.729327, -37.4027961], [144.7293457, -37.4027641], [144.7293699, -37.4027364], [144.7293887, -37.4027023], [144.729394, -37.4026661], [144.729394, -37.4025489], [144.7293994, -37.4025105], [144.7294047, -37.4024743], [144.7294101, -37.4024338], [144.7294342, -37.4024019], [144.7294718, -37.4023784], [144.7294959, -37.4023486], [144.7295174, -37.4023166], [144.7295469, -37.4022847], [144.7295791, -37.4022549], [144.7296327, -37.4022421], [144.7296783, -37.4022293], [144.7297239, -37.4022208], [144.7297722, -37.4022101], [144.7298285, -37.4022016], [144.7298768, -37.402208], [144.7299224, -37.4022186], [144.729968, -37.4022272], [144.7300163, -37.4022314], [144.7300699, -37.4022314], [144.7301209, -37.4022378], [144.7301638, -37.402257], [144.7302054, -37.4023017], [144.7302228, -37.4023188], [144.7302429, -37.402339], [144.7302805, -37.4023742], [144.7302979, -37.4023923], [144.73032, -37.40242], [144.7303328, -37.4024328], [144.7303623, -37.402453], [144.7304106, -37.4024594], [144.7304454, -37.4024541], [144.7304749, -37.4024466], [144.7304977, -37.4024424], [144.7305259, -37.4024392], [144.7305514, -37.4024317], [144.7305769, -37.40242], [144.7306024, -37.4024083], [144.7306171, -37.4023944], [144.7306252, -37.4023763], [144.7306265, -37.4023571], [144.7306238, -37.4023316], [144.7306117, -37.4023124], [144.7305916, -37.4023049], [144.7305715, -37.4022964], [144.73055, -37.4022858], [144.7305326, -37.402273], [144.7305165, -37.402257], [144.7305058, -37.4022367], [144.7305085, -37.4022186], [144.7305259, -37.4022069], [144.7305514, -37.4021995], [144.7305728, -37.402192], [144.730593, -37.4021856], [144.7306158, -37.4021824], [144.7306412, -37.4021824], [144.7306855, -37.4021909], [144.7308746, -37.4021888], [144.7309899, -37.4021654], [144.7310409, -37.4021632], [144.7310892, -37.4021632], [144.7311375, -37.4021568], [144.7311857, -37.4021675], [144.7312313, -37.4021995], [144.7312555, -37.4022335], [144.7312742, -37.4022676], [144.731293, -37.4023017], [144.7313064, -37.4023358], [144.7313145, -37.402372], [144.7313225, -37.4024147], [144.7313359, -37.4024637], [144.7313467, -37.402502], [144.7313493, -37.4026128], [144.731344, -37.4026512], [144.731344, -37.4026874], [144.7313789, -37.4027194], [144.7314432, -37.4027939], [144.7314928, -37.4028717]]}}, {"type": "Feature", "properties": {"waterbody": "Bolinda Creek", "name": "Bolinda Creek", "city": "Melbourne", "country": "Australia", "osm_id": 733185409}, "geometry": {"type": "LineString", "coordinates": [[144.7342595, -37.4235527], [144.7341496, -37.4238615]]}}, {"type": "Feature", "properties": {"waterbody": "Bolinda Creek", "name": "Bolinda Creek", "city": "Melbourne", "country": "Australia", "osm_id": 733185410}, "geometry": {"type": "LineString", "coordinates": [[144.7314928, -37.4028717], [144.7317195, -37.4029729], [144.7317798, -37.4030315], [144.7317973, -37.4031114], [144.7318053, -37.4032531], [144.7318223, -37.4032894], [144.7318603, -37.4033202], [144.7320159, -37.4034097], [144.7320575, -37.4034779], [144.7320829, -37.403562], [144.7321379, -37.4036142], [144.7322747, -37.4036345], [144.7323592, -37.4036984], [144.7324115, -37.4037985], [144.7324531, -37.4039157], [144.7324947, -37.4040468], [144.7325121, -37.4041107], [144.7325523, -37.4041341], [144.7326086, -37.4041395], [144.7327615, -37.4041373], [144.7329158, -37.4041512], [144.7330499, -37.404197], [144.7331183, -37.4042471], [144.733184, -37.4043344], [144.7332282, -37.4044186], [144.7333141, -37.4046487], [144.7333463, -37.4046743], [144.7334535, -37.4046838], [144.733534, -37.4046774], [144.7336131, -37.4046945], [144.7336507, -37.4047488], [144.7336762, -37.4048106], [144.7337003, -37.404898], [144.7336936, -37.40498], [144.7336721, -37.4050716], [144.7335997, -37.4051547], [144.7334763, -37.4052261], [144.7334428, -37.4052964], [144.7334348, -37.4053742], [144.7333945, -37.4054051], [144.7333476, -37.4054264], [144.7332805, -37.4055031], [144.7332671, -37.405551], [144.7332792, -37.4056021], [144.7333369, -37.4056245], [144.733424, -37.4056245], [144.733538, -37.4055894], [144.7336373, -37.4055915], [144.7336815, -37.4056213], [144.7336976, -37.4056607], [144.7336882, -37.4057374], [144.7336628, -37.4058408], [144.7336467, -37.4059249], [144.7337084, -37.4061859], [144.7337137, -37.4063308], [144.7336802, -37.4064597], [144.733597, -37.4065226], [144.7335112, -37.4066099], [144.7335005, -37.4066994], [144.7335434, -37.4067889], [144.7335756, -37.4069615], [144.7335514, -37.4072598], [144.7335058, -37.4073705], [144.7333851, -37.4074515], [144.7332429, -37.4077326], [144.7331893, -37.4078158], [144.7331679, -37.407965], [144.7332376, -37.4081312], [144.7332671, -37.4082057], [144.733251, -37.4082718], [144.7331786, -37.4083121], [144.7329479, -37.408472], [144.7327494, -37.4087212], [144.7325376, -37.4089855], [144.7323846, -37.4091473], [144.7322975, -37.4092689], [144.7322305, -37.4093999], [144.7321942, -37.4095235], [144.7322211, -37.409646], [144.732264, -37.4098175], [144.73226, -37.410006], [144.7322157, -37.4101179], [144.7321714, -37.4102308], [144.7321661, -37.410381], [144.7322117, -37.410528], [144.73226, -37.4106228], [144.7323646, -37.4107048], [144.732437, -37.4108028], [144.7325121, -37.4109978], [144.7325161, -37.4111192], [144.7325228, -37.4111629], [144.7325456, -37.4111927], [144.7325845, -37.4112215], [144.7326408, -37.411279], [144.7326717, -37.4113621], [144.7327401, -37.4115357], [144.7327468, -37.4116049], [144.7327763, -37.4116412], [144.7328125, -37.4116614], [144.7328863, -37.4116433], [144.7329479, -37.4116092], [144.7330351, -37.411557], [144.7332081, -37.4114707], [144.7333382, -37.4114452], [144.7333945, -37.4114334], [144.7334683, -37.411442], [144.733534, -37.411442], [144.7335568, -37.4114228], [144.733589, -37.4113855], [144.7336319, -37.4113834], [144.7336574, -37.4113919], [144.7337218, -37.4114611], [144.7337861, -37.4115357], [144.7337888, -37.411589], [144.73377, -37.4116284], [144.7337405, -37.4116454], [144.7336721, -37.4116527], [144.73353, -37.4116731], [144.733475, -37.4116891], [144.7334455, -37.4117093], [144.7334455, -37.4117743], [144.7334509, -37.4118308], [144.7335032, -37.4118808], [144.7335367, -37.4119394], [144.7335394, -37.4120417], [144.733479, -37.41208], [144.7334361, -37.4121129], [144.733298, -37.4121163], [144.7332537, -37.4121301], [144.7332242, -37.4121567], [144.7332014, -37.412292], [144.7331585, -37.4123953], [144.7331518, -37.4124678], [144.7331598, -37.4125413], [144.7331759, -37.4126308], [144.733192, -37.4127096], [144.7332188, -37.4127756], [144.7332685, -37.4128939], [144.7332738, -37.4130025], [144.7332551, -37.4131644], [144.7332497, -37.4132869], [144.733237, -37.4133104], [144.7332168, -37.4133301], [144.7331974, -37.4133375], [144.7331786, -37.4133407], [144.7331531, -37.4133327], [144.7330841, -37.4132843], [144.7330539, -37.4132763], [144.7330271, -37.4132827], [144.7330163, -37.4132981], [144.733019, -37.4133199], [144.7330526, -37.4133988], [144.7330874, -37.4134584], [144.7331464, -37.4135202], [144.733243, -37.4135894], [144.7333235, -37.4136597], [144.7333543, -37.4137077], [144.7333717, -37.4137631], [144.733365, -37.4138099], [144.7333074, -37.413843], [144.7332618, -37.4138717], [144.7332416, -37.4139101], [144.7332309, -37.4139473], [144.7332497, -37.413991], [144.73331, -37.4140549], [144.7333355, -37.4141093], [144.7333355, -37.4141519], [144.7333047, -37.4141955], [144.7332296, -37.4142648], [144.7331585, -37.4143329], [144.7331169, -37.4143819], [144.7331142, -37.4144182], [144.7331424, -37.4144459], [144.7332926, -37.4145566], [144.7333328, -37.4146142], [144.733353, -37.414661], [144.7333476, -37.4147004], [144.733302, -37.4147398], [144.7332108, -37.4147814], [144.73318, -37.4147963], [144.7331639, -37.4148197], [144.7331679, -37.4148432], [144.7331907, -37.4148805], [144.7332229, -37.4149199], [144.7332256, -37.4149508], [144.7332001, -37.4149753], [144.7331344, -37.4149998], [144.7330961, -37.4150125], [144.7330894, -37.4150392], [144.7330995, -37.4151191], [144.7330888, -37.4151755], [144.7330646, -37.4152043], [144.73296, -37.4152629], [144.7329453, -37.4152884], [144.7329513, -37.4153172], [144.7329761, -37.4153395], [144.7330512, -37.4153779], [144.7330955, -37.4154929], [144.7330713, -37.4155387], [144.7330499, -37.4155707], [144.7329426, -37.4156271], [144.7328702, -37.4156591], [144.732791, -37.4157028], [144.7327468, -37.4157741], [144.7325094, -37.4160223], [144.7324786, -37.4160766], [144.7324786, -37.4161192], [144.7325, -37.4161704], [144.7325215, -37.4162407], [144.7325067, -37.4163131], [144.7324303, -37.4163877], [144.7323914, -37.4164281], [144.7323927, -37.4164686], [144.7324249, -37.4164974], [144.7324786, -37.4165166], [144.7325322, -37.4165112], [144.7326194, -37.4164952], [144.7327401, -37.4164686], [144.7328246, -37.4164505], [144.7328836, -37.4164526], [144.7329171, -37.4164761], [144.7329372, -37.4165336], [144.7329667, -37.4166082], [144.733015, -37.4167062], [144.7330686, -37.4168169], [144.7332148, -37.4172068], [144.7332819, -37.4173367], [144.7333771, -37.4174901], [144.7334348, -37.4175955], [144.7335005, -37.4177127], [144.7335353, -37.4178182], [144.7335581, -37.4179971], [144.7335729, -37.4180908], [144.7336467, -37.4182357], [144.7336856, -37.4183369], [144.7336923, -37.4184626], [144.7336614, -37.4185936], [144.7336145, -37.418682], [144.7336078, -37.4187342], [144.7336185, -37.418796], [144.7336601, -37.418829], [144.7337298, -37.4188833], [144.7337687, -37.4189312], [144.7337647, -37.4189781], [144.7337338, -37.4190473], [144.7337043, -37.4191112], [144.733644, -37.4191325], [144.7335877, -37.4191538], [144.7335649, -37.4191911], [144.7335675, -37.4192369], [144.733589, -37.4193211], [144.7336158, -37.4194116], [144.733648, -37.4195053], [144.7336118, -37.4195522], [144.7335461, -37.4195831], [144.7334442, -37.4195809], [144.7333489, -37.4195863], [144.7333033, -37.4196214], [144.7332926, -37.41968], [144.7332859, -37.4197407], [144.7332033, -37.4197915], [144.7330981, -37.4198419], [144.7330539, -37.4198888], [144.7330217, -37.4199633], [144.732964, -37.4200475], [144.7329023, -37.420121], [144.732897, -37.4201646], [144.7329332, -37.4202147], [144.7329627, -37.4202392], [144.7330083, -37.4202509], [144.7330794, -37.4202626], [144.7331169, -37.4202829], [144.733129, -37.4203212], [144.7331022, -37.4203606], [144.7330981, -37.4203968], [144.7331397, -37.420433], [144.7331759, -37.4204458], [144.733251, -37.4204575], [144.7333422, -37.4204458], [144.7334415, -37.4204661], [144.7335568, -37.4204448], [144.7336332, -37.4204511], [144.7336802, -37.4204906], [144.7337379, -37.420547], [144.7337928, -37.4206045], [144.7338974, -37.4207536], [144.7340316, -37.4209283], [144.7341469, -37.4210306], [144.7344097, -37.4212159], [144.7345144, -37.4213714], [144.7346082, -37.4215056], [144.7347343, -37.4218145], [144.7347879, -37.421921], [144.7348791, -37.4219955], [144.7349033, -37.4220616], [144.734906, -37.4222384], [144.734922, -37.4223385], [144.7349945, -37.4223853], [144.7350991, -37.4224003], [144.7352037, -37.4224407], [144.73526, -37.4225068], [144.7352466, -37.4226111], [144.7351795, -37.4227219], [144.735083, -37.4228795], [144.7350481, -37.4229924], [144.7349435, -37.4230798], [144.7347584, -37.4231948], [144.7345063, -37.4233418], [144.7343186, -37.4234568], [144.7342595, -37.4235527]]}}, {"type": "Feature", "properties": {"waterbody": "Bolinda Creek", "name": "Bolinda Creek", "city": "Melbourne", "country": "Australia", "osm_id": 733188612}, "geometry": {"type": "LineString", "coordinates": [[144.7121742, -37.3880245], [144.712362, -37.3881503]]}}, {"type": "Feature", "properties": {"waterbody": "Bolinda Creek", "name": "Bolinda Creek", "city": "Melbourne", "country": "Australia", "osm_id": 733188613}, "geometry": {"type": "LineString", "coordinates": [[144.6964753, -37.3815499], [144.6965075, -37.381584], [144.6965316, -37.381616], [144.6965557, -37.3816501], [144.6965826, -37.3816842], [144.696604, -37.3817161], [144.6966577, -37.3817971], [144.6966818, -37.3818334], [144.6967086, -37.3818632], [144.6967489, -37.3819016], [144.6967891, -37.3819357], [144.6968347, -37.3819698], [144.6968856, -37.3819996], [144.6969447, -37.382038], [144.6969876, -37.3820593], [144.6970332, -37.3820827], [144.6970841, -37.3821104], [144.6971995, -37.3821893], [144.6973631, -37.3823065], [144.6973953, -37.3823385], [144.6974274, -37.3823662], [144.6974623, -37.3823939], [144.6974999, -37.3824259], [144.6975321, -37.3824578], [144.6975589, -37.3824877], [144.6975911, -37.3825175], [144.6976259, -37.3825473], [144.6976554, -37.3825793], [144.6976796, -37.3826092], [144.6977064, -37.3826433], [144.6977252, -37.3826774], [144.6977493, -37.3827093], [144.6977788, -37.3827477], [144.697803, -37.3827797], [144.6978298, -37.3828138], [144.6978486, -37.3828457], [144.6978646, -37.3828798], [144.6978861, -37.3829203], [144.6979102, -37.3829544], [144.697929, -37.3829949], [144.6979478, -37.3830333], [144.6979666, -37.3830695], [144.6979773, -37.38311], [144.6979934, -37.3831484], [144.6980041, -37.3831867], [144.6980202, -37.3832208], [144.6980336, -37.3832549], [144.6980524, -37.3832997], [144.6981087, -37.3834681], [144.698216, -37.383792], [144.6982375, -37.3838282], [144.6982616, -37.3838666], [144.6982858, -37.383905], [144.6983072, -37.3839391], [144.698334, -37.3839774], [144.6983609, -37.3840094], [144.698393, -37.3840371], [144.6984306, -37.3840648], [144.6984628, -37.3840946], [144.698495, -37.3841309], [144.6985191, -37.3841628], [144.6985432, -37.3841948], [144.6985728, -37.3842268], [144.6985969, -37.3842587], [144.6986264, -37.3842886], [144.6986988, -37.3843461], [144.6988115, -37.3844399], [144.698959, -37.3845656], [144.6989912, -37.3845912], [144.6990287, -37.3846104], [144.699077, -37.3846338], [144.6991146, -37.3846594], [144.6991548, -37.3846893], [144.6991923, -37.3847191], [144.6992326, -37.3847489], [144.6992755, -37.3847766], [144.6993157, -37.3848065], [144.699356, -37.3848299], [144.6993962, -37.3848534], [144.6994445, -37.3848789], [144.6994901, -37.384896], [144.6995303, -37.3849109], [144.6995786, -37.3849343], [144.6996269, -37.3849599], [144.6996751, -37.3849812], [144.6997234, -37.3850068], [144.699761, -37.3850324], [144.6998066, -37.3850601], [144.6998468, -37.3850899], [144.699887, -37.3851198], [144.6999246, -37.3851389], [144.6999595, -37.3851666], [144.6999916, -37.3851922], [144.7000319, -37.3852306], [144.7000587, -37.3852604], [144.7004342, -37.3854863], [144.7004771, -37.3855055], [144.7005308, -37.385529], [144.700571, -37.3855503], [144.7006059, -37.3855758], [144.7006461, -37.3856099], [144.700681, -37.3856334], [144.7007158, -37.385659], [144.7007614, -37.3856952], [144.7008017, -37.385725], [144.7008312, -37.3857549], [144.7008607, -37.3857868], [144.7009063, -37.3858081], [144.7009492, -37.3858358], [144.7009921, -37.3858572], [144.7011369, -37.3859467], [144.7014695, -37.3861108], [144.7014883, -37.3861449], [144.7015044, -37.386179], [144.7015232, -37.3862131], [144.701542, -37.3862472], [144.7015634, -37.3862813], [144.7015849, -37.3863132], [144.7016117, -37.3863495], [144.7016412, -37.3863921], [144.7016653, -37.3864241], [144.7016895, -37.3864624], [144.7017109, -37.3864944], [144.7017378, -37.3865306], [144.7017619, -37.3865754], [144.7018021, -37.3866265], [144.7018155, -37.3866691], [144.7018316, -37.3867054], [144.7018343, -37.3868311], [144.7018424, -37.3871657], [144.7018558, -37.3872019], [144.7018692, -37.3872403], [144.7018906, -37.3872786], [144.7019121, -37.3873106], [144.7019336, -37.3873447], [144.7019577, -37.3873809], [144.7019792, -37.3874129], [144.702006, -37.3874427], [144.7020328, -37.387479], [144.7020623, -37.3875109], [144.7020945, -37.3875429], [144.7021347, -37.3875685], [144.7021857, -37.3876047], [144.7022179, -37.3876324], [144.7022527, -37.3876623], [144.7022903, -37.387707], [144.7023118, -37.3877454], [144.7023278, -37.3877837], [144.7024727, -37.3879841], [144.7025317, -37.3880629], [144.7026363, -37.3881141], [144.7029474, -37.3881652], [144.7031137, -37.3882057], [144.7031593, -37.3882185], [144.703213, -37.3882291], [144.7032639, -37.3882355], [144.7033176, -37.388244], [144.7033685, -37.3882611], [144.7034222, -37.3882781], [144.7034624, -37.3882931], [144.7035134, -37.388308], [144.7036073, -37.3883463], [144.7036529, -37.3883655], [144.7036958, -37.3883932], [144.7037655, -37.3884486], [144.7038031, -37.3884721], [144.7038326, -37.3884998], [144.7038701, -37.388519], [144.7039077, -37.3885381], [144.7039506, -37.3885531], [144.7039854, -37.3885765], [144.7040284, -37.3885978], [144.7041437, -37.388666], [144.7042617, -37.388845], [144.7042859, -37.3888791], [144.7043073, -37.3889153], [144.7043261, -37.3889537], [144.7043502, -37.3889878], [144.7043771, -37.3890219], [144.7044146, -37.3890453], [144.7044468, -37.3890709], [144.7044817, -37.3890965], [144.7045112, -37.3891263], [144.7045541, -37.3891476], [144.704597, -37.3891583], [144.7046506, -37.3891604], [144.7047016, -37.389154], [144.7047579, -37.3891434], [144.7048035, -37.3891327], [144.7048572, -37.3891199], [144.7049054, -37.3891071], [144.704951, -37.3890944], [144.7049913, -37.3890773], [144.7050342, -37.3890581], [144.7050852, -37.3890368], [144.7051415, -37.3890176], [144.705179, -37.3889985], [144.7052112, -37.3889708], [144.7052434, -37.3889452], [144.7052702, -37.3889153], [144.7052836, -37.3888834], [144.7053105, -37.3888493], [144.7053266, -37.3888152], [144.705348, -37.3887768], [144.7053695, -37.3887449], [144.705399, -37.3887065], [144.7054124, -37.388666], [144.7054258, -37.3886277], [144.7055116, -37.3884273], [144.705525, -37.3883932], [144.7055519, -37.3883613], [144.7055814, -37.3883314], [144.7056109, -37.3882952], [144.7056457, -37.3882675], [144.7056833, -37.3882398], [144.7057852, -37.3881865], [144.7058979, -37.388178], [144.7059408, -37.3881695], [144.7060373, -37.3881545], [144.7060829, -37.3881524], [144.7062814, -37.3881524], [144.7063324, -37.3881545], [144.706386, -37.3881588], [144.7064343, -37.3881631], [144.7064799, -37.3881652], [144.7065255, -37.3881716], [144.7066247, -37.3881908], [144.7066703, -37.3882057], [144.706724, -37.3882121], [144.7067696, -37.3882227], [144.7068179, -37.3882249], [144.7068688, -37.3882355], [144.7069171, -37.388244], [144.7069654, -37.3882504], [144.7070137, -37.3882547], [144.707078, -37.3882568], [144.7071236, -37.388259], [144.7071773, -37.3882654], [144.7072336, -37.3882696], [144.7072792, -37.388276], [144.7074267, -37.388276], [144.7074857, -37.3882803], [144.7078156, -37.3882803], [144.7078639, -37.3882845], [144.708041, -37.3882611], [144.7082984, -37.3882313], [144.708344, -37.3882185], [144.7083923, -37.3882078], [144.7084352, -37.388195], [144.7084808, -37.388195], [144.7085264, -37.3881886], [144.7085881, -37.3881886], [144.7086364, -37.3881865], [144.708682, -37.3881844], [144.7087276, -37.3881844], [144.708792, -37.3881865], [144.7088966, -37.3881865], [144.7089422, -37.3881908], [144.7089878, -37.3882036], [144.7090387, -37.3882142], [144.7090897, -37.3882206], [144.7091353, -37.3882334], [144.7091836, -37.388244], [144.7092319, -37.3882504], [144.7092828, -37.3882526], [144.7093311, -37.388259], [144.7093821, -37.3882654], [144.7097683, -37.3882632], [144.7098649, -37.388259], [144.7099131, -37.388259], [144.7099614, -37.3882568], [144.7100124, -37.3882568], [144.7100687, -37.3882504], [144.7101143, -37.3882398], [144.7101653, -37.3882377], [144.7102162, -37.3882355], [144.7102699, -37.3882355], [144.7103181, -37.3882249], [144.7103745, -37.3882185], [144.7104201, -37.3882185], [144.7105622, -37.3882057], [144.7107446, -37.3882675], [144.7107929, -37.3882696], [144.7108412, -37.3882718], [144.7108921, -37.3882803], [144.7109377, -37.3882781], [144.710986, -37.3882696], [144.7111067, -37.3882185], [144.7111469, -37.3881993], [144.7111952, -37.388178], [144.7112328, -37.3881524], [144.7112703, -37.388129], [144.711383, -37.3880459], [144.711509, -37.3879478], [144.7116163, -37.3879031], [144.711737, -37.3878818], [144.7118792, -37.3878903], [144.7119865, -37.387918], [144.712075, -37.3879606], [144.7121742, -37.3880245]]}}, {"type": "Feature", "properties": {"waterbody": "Bruces Creek", "name": "Bruces Creek", "city": "Melbourne", "country": "Australia", "osm_id": 110348421}, "geometry": {"type": "LineString", "coordinates": [[145.0609556, -37.433832], [145.0612141, -37.4340024], [145.0612249, -37.4341558], [145.0610532, -37.434275], [145.0609137, -37.4344284], [145.0609781, -37.434701], [145.0611487, -37.4349906], [145.0613751, -37.4350929], [145.06161, -37.4349736], [145.061771, -37.4350332], [145.061728, -37.4352547], [145.0618149, -37.4356125], [145.062007, -37.4359959], [145.0622656, -37.4361833], [145.0623074, -37.4365667], [145.0623932, -37.43672], [145.0626078, -37.4369756], [145.0628224, -37.4372226], [145.0630477, -37.4375037], [145.063273, -37.4375889], [145.0637129, -37.4375463], [145.0638105, -37.4378701], [145.0639918, -37.4383641], [145.0640669, -37.4387219], [145.0641967, -37.4390456], [145.0645497, -37.439199], [145.0648727, -37.4391734], [145.0653544, -37.4393353], [145.0658265, -37.4394971], [145.0661816, -37.4397527], [145.0661494, -37.4399912], [145.0658383, -37.440119], [145.0657835, -37.440332], [145.0660518, -37.4406386], [145.0661816, -37.4409794], [145.066202, -37.4414734], [145.0664066, -37.4417648], [145.0664055, -37.4420949], [145.0665343, -37.442376], [145.0665343, -37.4426827], [145.066427, -37.4428445], [145.066191, -37.4429212], [145.0661588, -37.4431512], [145.0664163, -37.4433982], [145.066663, -37.443526], [145.066663, -37.443756], [145.0669098, -37.4440541], [145.0671351, -37.4443352], [145.0673175, -37.4445481], [145.0671244, -37.4447015], [145.0670814, -37.44494], [145.0671566, -37.4452211], [145.0673175, -37.4453318], [145.0675428, -37.4455362], [145.0675857, -37.445877], [145.0674248, -37.4461921], [145.0675857, -37.4464136], [145.0677896, -37.4466776], [145.0681329, -37.4467202], [145.0683689, -37.4469247], [145.068444, -37.4471546], [145.0686586, -37.4474528], [145.0687551, -37.4476657], [145.0688946, -37.4479297], [145.069195, -37.4479468], [145.0694096, -37.4481427], [145.0697207, -37.4486197], [145.06971, -37.4489689], [145.0694847, -37.4493522], [145.0691628, -37.4496673], [145.0694311, -37.4499995], [145.0697958, -37.4502125], [145.0701379, -37.4502192], [145.0703752, -37.4501102], [145.0707185, -37.4501443], [145.0711477, -37.4503061], [145.0713515, -37.4504509], [145.0712657, -37.450715], [145.0711584, -37.4509961], [145.0711906, -37.4512771], [145.0713193, -37.4515667], [145.0715232, -37.4516945], [145.0718129, -37.4517456], [145.0719953, -37.451933], [145.0722635, -37.4521459], [145.0722098, -37.4524184], [145.0725424, -37.4526654], [145.0729072, -37.4529635], [145.0730145, -37.4532446], [145.0728321, -37.4535001], [145.0726283, -37.4536619], [145.0725961, -37.4538663], [145.072875, -37.4540793], [145.0732505, -37.4543007], [145.0738192, -37.4545136], [145.0740981, -37.4547351], [145.0744843, -37.4550843], [145.0751924, -37.4556379], [145.0756431, -37.4558593], [145.0757074, -37.4560722], [145.0758576, -37.4563788], [145.0762975, -37.456745], [145.0766408, -37.4569069], [145.0768646, -37.4569973], [145.0772309, -37.4571453], [145.0777781, -37.4574093], [145.0784004, -37.4577585], [145.0791407, -37.4581332], [145.0796986, -37.4583802], [145.0802243, -37.4586102], [145.0805998, -37.4587975], [145.0808895, -37.4589508], [145.0811791, -37.4591126], [145.0814581, -37.4591723], [145.0815439, -37.459053], [145.081619, -37.4587975], [145.0819087, -37.458525], [145.082252, -37.4583632], [145.0825739, -37.458014], [145.0829923, -37.4577074], [145.0833034, -37.4574093], [145.0836146, -37.4571453], [145.0838721, -37.4569409], [145.0842798, -37.4568643], [145.0846982, -37.4569409], [145.0851488, -37.4570431], [145.0857067, -37.4571709], [145.0862753, -37.4572731], [145.0870585, -37.4574093], [145.0874662, -37.4575456], [145.0876272, -37.4578692], [145.0876701, -37.4584398], [145.0879598, -37.4589849], [145.0883996, -37.4594022], [145.0887322, -37.4595044], [145.089097, -37.4596492], [145.0894725, -37.459828], [145.0898051, -37.4599132], [145.0901163, -37.4598025], [145.0903738, -37.4597684], [145.0906098, -37.4598025], [145.0908995, -37.459845], [145.0912535, -37.4598706], [145.0916076, -37.4597939], [145.0921547, -37.4597599], [145.0925624, -37.4597173], [145.0929594, -37.4595044], [145.0931954, -37.4593255], [145.0935602, -37.4592404], [145.0938177, -37.4591212], [145.0941181, -37.4591212], [145.0942898, -37.4592489], [145.0944722, -37.4594448], [145.0945795, -37.4597258], [145.0947511, -37.4599472], [145.0950086, -37.4600239], [145.0953197, -37.4601772], [145.0956202, -37.460322], [145.0959206, -37.4604412], [145.0963819, -37.4606371], [145.096854, -37.46085], [145.0973153, -37.4610033], [145.0976908, -37.4611736], [145.1002443, -37.4622125], [145.1008558, -37.462434], [145.1015639, -37.4626128], [145.1023579, -37.4628598], [145.1027226, -37.462996], [145.1029158, -37.4633026], [145.1030874, -37.4636262], [145.1033235, -37.4639072], [145.1036775, -37.4641031], [145.1039565, -37.4641712], [145.1041067, -37.4643245], [145.1038706, -37.4644011], [145.1037633, -37.4645885], [145.1038384, -37.4648014], [145.1037741, -37.4649376], [145.1034737, -37.4649036], [145.1032054, -37.4649547], [145.1029372, -37.4650654], [145.1030982, -37.4652272], [145.1032376, -37.465423], [145.1033235, -37.465653], [145.1032162, -37.4658148], [145.103066, -37.4660276], [145.1029801, -37.4663342], [145.1028192, -37.4666237], [145.1030016, -37.4669048], [145.1028943, -37.4670836], [145.1026154, -37.467058], [145.1024115, -37.4669899], [145.1022935, -37.4672028], [145.1024437, -37.4673646], [145.1026046, -37.4675434], [145.1026905, -37.4677818], [145.1029265, -37.4678755], [145.1030338, -37.4680799], [145.1032484, -37.468148], [145.1034522, -37.4684035], [145.1034307, -37.4686845], [145.1034951, -37.4691188], [145.1036668, -37.4695871], [145.103935, -37.4698511], [145.1042032, -37.4699447], [145.1043105, -37.4700725], [145.1045144, -37.4701491], [145.1047397, -37.4701832], [145.1047718, -37.4703875], [145.1044822, -37.4705408], [145.1041388, -37.4705238], [145.1040745, -37.4707707], [145.1039457, -37.4706941], [145.1037204, -37.470677], [145.1036453, -37.4708559], [145.1039243, -37.4711624], [145.1042676, -37.4714178], [145.104568, -37.4715371], [145.1047289, -37.4718351], [145.104568, -37.4721076], [145.1045358, -37.4724992], [145.1047075, -37.4728569], [145.1050079, -37.4731038], [145.1051688, -37.4731464], [145.105319, -37.4732571], [145.1055765, -37.4734699], [145.1057053, -37.4734785], [145.105952, -37.4735466], [145.1059949, -37.4738361], [145.1059735, -37.4740404], [145.1057911, -37.4741511], [145.1057267, -37.4743725], [145.1060057, -37.4745683], [145.1060808, -37.4748919], [145.1062202, -37.4751133], [145.1064777, -37.4752921], [145.106746, -37.4757008], [145.1069176, -37.4760584], [145.1066494, -37.476135], [145.1064134, -37.476399], [145.1062524, -37.4767395], [145.1062202, -37.4770971], [145.1061344, -37.4774973], [145.1063383, -37.4778294], [145.1063597, -37.4780337], [145.1061344, -37.4782636], [145.1057374, -37.4786212], [145.10548, -37.4788681], [145.1052868, -37.4791831], [145.1052117, -37.4795152], [145.1053619, -37.4798047], [145.1055872, -37.480009], [145.1055121, -37.4801793], [145.1051044, -37.4804432], [145.1048791, -37.4807072], [145.1046002, -37.4809966], [145.1044285, -37.481235], [145.1043105, -37.4815671], [145.1043642, -37.481848], [145.1043427, -37.4820779], [145.1040637, -37.4821205], [145.1038921, -37.4822652], [145.1040101, -37.482478], [145.1042461, -37.4826483], [145.1044929, -37.4826057], [145.1046753, -37.4827079], [145.1047611, -37.4829633], [145.104965, -37.4832868], [145.1052117, -37.4835848], [145.1054802, -37.4838234], [145.1057699, -37.4839852], [145.1061025, -37.4840789], [145.1062634, -37.4842917], [145.1064243, -37.4845045], [145.1065423, -37.4847259], [145.1064565, -37.4848621], [145.1063492, -37.4849557], [145.1064351, -37.485143], [145.1064029, -37.4852963], [145.1062527, -37.4854751], [145.1062741, -37.485756], [145.10636, -37.486088], [145.1065316, -37.4863605], [145.1066818, -37.4865818], [145.1067462, -37.486735], [145.1067569, -37.4869394], [145.1068428, -37.4871862], [145.1068964, -37.4874246], [145.1070359, -37.4875864], [145.1070895, -37.4878077], [145.1072934, -37.4880376], [145.1074221, -37.4882334], [145.107465, -37.4884036], [145.1073899, -37.4885483], [145.1073792, -37.4886931], [145.1075079, -37.4888804], [145.107583, -37.4890251], [145.1074436, -37.4891528], [145.1071753, -37.4892209], [145.1069286, -37.4893315], [145.1067569, -37.4894933], [145.1065209, -37.4896125], [145.1061561, -37.4897827], [145.1059844, -37.4899275], [145.1061132, -37.4901318], [145.1063814, -37.4903531], [145.1066282, -37.4905063], [145.1067891, -37.4906936], [145.106832, -37.4908724], [145.1068749, -37.4910852], [145.1068213, -37.4913236], [145.1067355, -37.4915364], [145.1067462, -37.4917492], [145.1068642, -37.4919705], [145.1070359, -37.4921323], [145.1073256, -37.4922855], [145.1076045, -37.4923876], [145.1078942, -37.4925324], [145.1081517, -37.492609], [145.1084843, -37.4926515], [145.1087847, -37.4925919], [145.1090958, -37.4925579], [145.1094499, -37.4925068], [145.1098576, -37.4924557], [145.1101902, -37.4924643], [145.1105013, -37.4924898], [145.110791, -37.4925238], [145.1113811, -37.492626], [145.1116815, -37.4927452], [145.111896, -37.492975], [145.1121535, -37.4932048], [145.1123145, -37.4934943], [145.1125183, -37.4938092], [145.1126471, -37.4942178], [145.1137092, -37.497146], [145.1139303, -37.4977472], [145.1139989, -37.4980398], [145.1141062, -37.4983377], [145.1142349, -37.4986442], [145.1143422, -37.4988655], [145.1145246, -37.4990527], [145.1148572, -37.4993932], [145.1154687, -37.4999124], [145.116091, -37.5004657], [145.1166811, -37.5009934], [145.1172497, -37.5015041], [145.1179256, -37.5020829], [145.1182904, -37.5024234], [145.118623, -37.5027383], [145.1191165, -37.5031468], [145.119653, -37.503615], [145.1200178, -37.5039554], [145.1204255, -37.5043299], [145.1207902, -37.5046874], [145.1211014, -37.5049172], [145.1213911, -37.5051895], [145.1217451, -37.505581], [145.1219704, -37.50593], [145.1222064, -37.5062875], [145.1223137, -37.5066109], [145.1224103, -37.5070449], [145.1224103, -37.5074705], [145.1224258, -37.5077389], [145.1224318, -37.5078705], [145.1224318, -37.5082535], [145.1224425, -37.5086535], [145.1224854, -37.5090365], [145.1224639, -37.5093769], [145.1224532, -37.5096067], [145.1224103, -37.509828], [145.1224854, -37.5102365], [145.1224854, -37.5106109], [145.1224747, -37.5109258], [145.1225712, -37.5112152], [145.1226463, -37.5113429], [145.123333, -37.5115046], [145.1239123, -37.5116833], [145.1243093, -37.5118109], [145.1248779, -37.5119552], [145.1252964, -37.5120913], [145.1254358, -37.5121509]]}}, {"type": "Feature", "properties": {"waterbody": "Bruces Creek", "name": "Bruces Creek", "city": "Melbourne", "country": "Australia", "osm_id": 1513271629}, "geometry": {"type": "LineString", "coordinates": [[145.1017423, -37.3891842], [145.1014064, -37.3891484], [145.1009393, -37.3892384], [145.1005429, -37.3892159], [145.1001182, -37.3890921], [145.0998633, -37.388676], [145.099566, -37.3883948], [145.0990706, -37.3881586], [145.0988724, -37.3878661], [145.0987025, -37.3875737], [145.0982211, -37.3873599], [145.0979805, -37.3869662], [145.0979522, -37.3866063], [145.097669, -37.3863251], [145.0973151, -37.3862239], [145.0968055, -37.3861901], [145.0964091, -37.3863813], [145.0961543, -37.3865388], [145.0957579, -37.38682], [145.0954747, -37.3870112], [145.0952341, -37.3872587], [145.0947244, -37.3875174], [145.0943847, -37.3878211], [145.094144, -37.3880123], [145.0938609, -37.3882035], [145.0934645, -37.3883835], [145.0932082, -37.3886721], [145.0929115, -37.3887305], [145.0928133, -37.3888784], [145.0925443, -37.3890921], [145.0922611, -37.3892046], [145.0918405, -37.3890654], [145.0917515, -37.3890359], [145.0916295, -37.3890405], [145.0914542, -37.3890472], [145.0913268, -37.3891596], [145.0912419, -37.3894296], [145.0912277, -37.3897783], [145.091341, -37.390127], [145.0913976, -37.3904981], [145.0912419, -37.3907343], [145.0910578, -37.3910943], [145.090803, -37.3913867], [145.0904066, -37.3918816], [145.0900244, -37.3919491], [145.0898545, -37.3921853], [145.0896705, -37.3925227], [145.0895855, -37.3928264], [145.0895855, -37.3930626], [145.0893873, -37.3933213], [145.0890476, -37.3937037], [145.089175, -37.3942098], [145.088821, -37.3943448], [145.0885804, -37.3948284], [145.0884954, -37.3950871], [145.0881274, -37.3956269], [145.0879716, -37.3960431], [145.0876743, -37.396403], [145.0874195, -37.3966842], [145.0874761, -37.397089], [145.0876177, -37.3974602], [145.0873629, -37.39809], [145.0870373, -37.3986861], [145.0866126, -37.3990685], [145.0863011, -37.3993384], [145.0861454, -37.3996195], [145.0860888, -37.3999569], [145.0858764, -37.4002831], [145.0855933, -37.400598], [145.0851969, -37.4011265], [145.0850553, -37.4014077], [145.0849421, -37.4016888], [145.0845882, -37.4021612], [145.0843333, -37.4024873], [145.0842909, -37.4027909], [145.0842626, -37.4030496], [145.0842201, -37.4033195], [145.0842767, -37.4035782], [145.0842767, -37.4039605], [145.0839653, -37.4043204], [145.0837954, -37.4045003], [145.0833707, -37.4047365], [145.0828469, -37.4049276], [145.0826062, -37.4051076], [145.0826062, -37.4055462], [145.0824363, -37.4058948], [145.0821674, -37.4061084], [145.0818842, -37.4062546], [145.0819267, -37.4065358], [145.0820604, -37.4066189]]}}, {"type": "Feature", "properties": {"waterbody": "Bruces Creek", "name": "Bruces Creek", "city": "Melbourne", "country": "Australia", "osm_id": 1513271630}, "geometry": {"type": "LineString", "coordinates": [[145.0821521, -37.4066759], [145.0822523, -37.4067382], [145.0822098, -37.4070081], [145.0823797, -37.4074691], [145.0823797, -37.4077615], [145.0822523, -37.4082338], [145.0818984, -37.4086161], [145.0818134, -37.4089085], [145.0814737, -37.4091559], [145.0811905, -37.409527], [145.0812472, -37.4097631], [145.081502, -37.409988], [145.0817002, -37.4102466], [145.0816294, -37.4104266], [145.0812613, -37.4107864], [145.0810348, -37.4111575], [145.0808083, -37.411596], [145.0808508, -37.4119108], [145.0808083, -37.4123494], [145.0805393, -37.412563], [145.0806667, -37.4127542], [145.0804402, -37.4129903], [145.0799872, -37.4130578], [145.0795483, -37.4130128], [145.0790953, -37.4129453], [145.0784866, -37.4128891], [145.0779486, -37.4127767], [145.0774673, -37.4126867], [145.07717, -37.4127767], [145.0769577, -37.4129229], [145.0766887, -37.4133726], [145.0764763, -37.41371], [145.0762215, -37.4139573], [145.0756977, -37.4142834], [145.075273, -37.4143734], [145.075004, -37.4144521], [145.0741121, -37.4146207], [145.0736874, -37.4147894], [145.0732911, -37.4148456], [145.0730929, -37.4149693], [145.0728947, -37.4153404], [145.0728947, -37.4157564], [145.0725407, -37.4160712], [145.0722434, -37.4164085], [145.0720736, -37.4167121], [145.071932, -37.417027], [145.0716064, -37.4174317], [145.0710684, -37.4177466], [145.0707428, -37.4178927], [145.0703181, -37.4180389], [145.0701624, -37.41823], [145.0699076, -37.4185224], [145.0696386, -37.4188147], [145.069313, -37.4190283], [145.0689024, -37.4192195], [145.0686052, -37.4195118], [145.0681946, -37.4196804], [145.0678832, -37.4197367], [145.0675434, -37.4198716], [145.0673452, -37.4200177], [145.0673877, -37.4202201], [145.0673594, -37.4204113], [145.0671329, -37.4206586], [145.0665807, -37.4206361], [145.0661277, -37.4208722], [145.0659295, -37.4211646], [145.0656889, -37.4215243], [145.065519, -37.4219291], [145.0656464, -37.4223338], [145.0657596, -37.4225587], [145.0658304, -37.4229072], [145.0657313, -37.4231658], [145.0657172, -37.4235143], [145.065519, -37.4237167], [145.0652217, -37.4238741], [145.0649385, -37.4240315], [145.0648819, -37.4242451], [145.0651651, -37.4244925], [145.0652642, -37.4247623], [145.0650376, -37.4249984], [145.0648536, -37.4252345], [145.0643581, -37.425583], [145.0637777, -37.4258865], [145.0632964, -37.4261114], [145.063084, -37.4263587], [145.063084, -37.4266623], [145.063353, -37.4270558], [145.0634379, -37.427393], [145.0634096, -37.4277303], [145.0634238, -37.4281462], [145.0633671, -37.4283261], [145.0633105, -37.4286072], [145.0632822, -37.4290006], [145.0632822, -37.4292592], [145.0632114, -37.4296414], [145.0630982, -37.4299562], [145.0631265, -37.430226], [145.0630274, -37.4305071], [145.063084, -37.4310242], [145.0631831, -37.4313052], [145.0631406, -37.4313952], [145.0629283, -37.4314626], [145.0626451, -37.431665], [145.062178, -37.4319235], [145.0618948, -37.4320696], [145.0618382, -37.4323282], [145.0618382, -37.4325868], [145.0618099, -37.4327779], [145.0616542, -37.4330589], [145.0613286, -37.4331713], [145.0609888, -37.433295], [145.0609888, -37.4334636], [145.0609463, -37.4336884], [145.0609556, -37.433832]]}}, {"type": "Feature", "properties": {"waterbody": "Bruces Creek", "name": "Bruces Creek", "city": "Melbourne", "country": "Australia", "osm_id": 1513271631}, "geometry": {"type": "LineString", "coordinates": [[145.0820604, -37.4066189], [145.0821521, -37.4066759]]}}, {"type": "Feature", "properties": {"waterbody": "Bruces Creek", "name": "Bruces Creek", "city": "Melbourne", "country": "Australia", "osm_id": 1513271632}, "geometry": {"type": "LineString", "coordinates": [[145.1145354, -37.4009545], [145.1143174, -37.4008679], [145.1134255, -37.4001931], [145.1129159, -37.3999457], [145.1123071, -37.3997432], [145.111571, -37.3995183], [145.1110189, -37.399001], [145.1107499, -37.3984836], [145.1107074, -37.398045], [145.1103818, -37.3973927], [145.1099288, -37.3971903], [145.1094333, -37.3968641], [145.1088246, -37.3965042], [145.1084707, -37.3960431], [145.1081592, -37.3955482], [145.1079185, -37.3951658], [145.1077487, -37.3947272], [145.1078902, -37.3940299], [145.1076213, -37.3928264], [145.1071682, -37.3921403], [145.1069842, -37.3917916], [145.106602, -37.3912855], [145.1060923, -37.3909705], [145.1054694, -37.3904869], [145.104705, -37.3902057], [145.1039122, -37.389947], [145.1033459, -37.3896995], [145.1023549, -37.3892496], [145.1018611, -37.3891969]]}}, {"type": "Feature", "properties": {"waterbody": "Bruces Creek", "name": "Bruces Creek", "city": "Melbourne", "country": "Australia", "osm_id": 1513271633}, "geometry": {"type": "LineString", "coordinates": [[145.1018611, -37.3891969], [145.1017423, -37.3891842]]}}, {"type": "Feature", "properties": {"waterbody": "Bruces Creek", "name": "Bruces Creek", "city": "Melbourne", "country": "Australia", "osm_id": 1513271634}, "geometry": {"type": "LineString", "coordinates": [[145.1233494, -37.406502], [145.1229814, -37.4060634], [145.1228681, -37.4058385], [145.1223726, -37.4056699], [145.1219621, -37.4055686], [145.121594, -37.4056136], [145.1212542, -37.4057148], [145.1210277, -37.4055911], [145.1206738, -37.4054225], [145.1197395, -37.4049839], [145.1193714, -37.4046802], [145.1190741, -37.4042417], [145.118791, -37.4037693], [145.1180831, -37.4033195], [145.117531, -37.4028809], [145.1174036, -37.4026223], [145.1174036, -37.4022849], [145.1169647, -37.4017226], [145.1164551, -37.4014414], [145.1158605, -37.4013402], [145.1153367, -37.4013402], [145.114912, -37.401104], [145.1146612, -37.4010044]]}}, {"type": "Feature", "properties": {"waterbody": "Bruces Creek", "name": "Bruces Creek", "city": "Melbourne", "country": "Australia", "osm_id": 1513271635}, "geometry": {"type": "LineString", "coordinates": [[145.1146612, -37.4010044], [145.1145354, -37.4009545]]}}, {"type": "Feature", "properties": {"waterbody": "Bungalook Creek", "name": "Bungalook Creek", "city": "Melbourne", "country": "Australia", "osm_id": 32055907}, "geometry": {"type": "LineString", "coordinates": [[145.3071235, -37.8260191], [145.3067133, -37.8259312], [145.3033754, -37.8255213]]}}, {"type": "Feature", "properties": {"waterbody": "Bungalook Creek", "name": "Bungalook Creek", "city": "Melbourne", "country": "Australia", "osm_id": 107508209}, "geometry": {"type": "LineString", "coordinates": [[145.2587883, -37.8344565], [145.2587615, -37.8346651]]}}, {"type": "Feature", "properties": {"waterbody": "Bungalook Creek", "name": "Bungalook Creek", "city": "Melbourne", "country": "Australia", "osm_id": 107508214}, "geometry": {"type": "LineString", "coordinates": [[145.2688197, -37.8301359], [145.2687554, -37.8301518], [145.2687031, -37.8301656], [145.2686172, -37.8301942], [145.2684939, -37.8302323], [145.2684161, -37.8302567], [145.2683155, -37.8302938], [145.2682712, -37.830316], [145.2682498, -37.8303552], [145.268239, -37.8303997], [145.2682283, -37.8304389], [145.2682028, -37.8304632], [145.2681586, -37.8304855], [145.2681331, -37.8305151], [145.268117, -37.830549], [145.2681344, -37.8305988], [145.2681747, -37.8306497], [145.2682337, -37.8306878], [145.26829, -37.8307302], [145.2683436, -37.8307503], [145.2684483, -37.8307641], [145.2684871, -37.8307725], [145.2685099, -37.8307969], [145.2685059, -37.8308287], [145.2684858, -37.8308689], [145.268455, -37.8309261], [145.2684348, -37.830995], [145.268404, -37.8310352], [145.2683611, -37.8310638], [145.2683222, -37.8311104], [145.2683034, -37.8311539], [145.2682967, -37.8312132], [145.268294, -37.8312693], [145.2682645, -37.8313149], [145.2682377, -37.8313392], [145.2681961, -37.8313466], [145.2681653, -37.8313498], [145.2681157, -37.8313255], [145.2680365, -37.8312852], [145.2679923, -37.831264], [145.2679413, -37.8312545], [145.2679038, -37.8312534], [145.2678796, -37.8312767], [145.2678689, -37.8313085], [145.2678421, -37.8313477], [145.2678166, -37.8313699], [145.2677683, -37.8313805], [145.2676932, -37.8313721], [145.2676141, -37.8313498], [145.2675604, -37.8313223], [145.2675256, -37.8312905], [145.2675216, -37.8312619], [145.2675323, -37.8312269], [145.2675712, -37.8311602], [145.2675953, -37.831103], [145.2676034, -37.8310373], [145.2676007, -37.8310034], [145.2675591, -37.8309621], [145.2675041, -37.830924], [145.2674263, -37.8308986], [145.267315, -37.8308922], [145.2672064, -37.8309049], [145.2671273, -37.8309113], [145.2670508, -37.8309272], [145.2669543, -37.8309484], [145.2668912, -37.8309748], [145.2668644, -37.8310024], [145.266859, -37.8310426], [145.2668805, -37.831084], [145.2669301, -37.8311242], [145.2669677, -37.8311549], [145.2669905, -37.8311803], [145.2669891, -37.8312217], [145.2669663, -37.831263], [145.2669382, -37.8312969], [145.2668872, -37.8313085], [145.2668416, -37.8313074], [145.2667692, -37.8312651], [145.2667115, -37.8312185], [145.2666632, -37.8311888], [145.2666217, -37.8311793], [145.2665466, -37.8311867], [145.2664755, -37.8312111], [145.2664071, -37.831245], [145.2663441, -37.8312799], [145.2662757, -37.8313191], [145.2661885, -37.8313551], [145.2661201, -37.8313699], [145.2659605, -37.8313879], [145.2657432, -37.8314399], [145.265585, -37.8314907], [145.2654093, -37.8315373], [145.2652873, -37.8315786], [145.2651706, -37.8316242]]}}, {"type": "Feature", "properties": {"waterbody": "Bungalook Creek", "name": "Bungalook Creek", "city": "Melbourne", "country": "Australia", "osm_id": 107508216}, "geometry": {"type": "LineString", "coordinates": [[145.2587615, -37.8346651], [145.2587373, -37.8347753], [145.2587266, -37.8348293], [145.2587159, -37.8348738], [145.258689, -37.8349204], [145.2586569, -37.8349543], [145.2585911, -37.8350062], [145.2585107, -37.8350422], [145.2584409, -37.8350517], [145.2583618, -37.8350517], [145.258288, -37.8350348], [145.2582143, -37.8350221], [145.2581325, -37.8350263], [145.2580534, -37.8350464], [145.257989, -37.8350814], [145.2579394, -37.8351036], [145.2578938, -37.8351322], [145.2578857, -37.8351545], [145.2578857, -37.8351915], [145.2579045, -37.8352276], [145.2579487, -37.8352657], [145.2579729, -37.8353028], [145.2579876, -37.8353557], [145.2579997, -37.8354214], [145.2579903, -37.8354786], [145.2579581, -37.8354998], [145.2578669, -37.8355082], [145.2577945, -37.8355029], [145.2577409, -37.8354712], [145.2576738, -37.8354034], [145.2576121, -37.8353292], [145.2575089, -37.8352805], [145.2574043, -37.8352519], [145.2573037, -37.8352434], [145.2571575, -37.8352456], [145.2569952, -37.8352837], [145.2568665, -37.8353239], [145.2567786, -37.8353524], [145.256676, -37.8354055], [145.2566318, -37.8354627], [145.2565839, -37.8355664], [145.2565401, -37.83569], [145.2565154, -37.8357373], [145.2564818, -37.8357883], [145.2564554, -37.8358238]]}}, {"type": "Feature", "properties": {"waterbody": "Bungalook Creek", "name": "Bungalook Creek", "city": "Melbourne", "country": "Australia", "osm_id": 107508222}, "geometry": {"type": "LineString", "coordinates": [[145.2587065, -37.8342934], [145.2587682, -37.8343559], [145.2587869, -37.8343908], [145.2587923, -37.834413], [145.2587883, -37.8344565]]}}, {"type": "Feature", "properties": {"waterbody": "Bungalook Creek", "name": "Bungalook Creek", "city": "Melbourne", "country": "Australia", "osm_id": 107508224}, "geometry": {"type": "LineString", "coordinates": [[145.2648165, -37.8318222], [145.2647535, -37.8318773], [145.2647133, -37.8319133], [145.2646851, -37.8319546], [145.2646623, -37.8320192], [145.2646583, -37.8320743], [145.264665, -37.8321612], [145.2646623, -37.832211], [145.2646838, -37.8322819], [145.2647146, -37.8323307], [145.2647267, -37.8323783], [145.2647307, -37.8324218], [145.2647039, -37.8324472], [145.2646462, -37.8324662], [145.2645577, -37.8324556], [145.2644558, -37.832444], [145.2643874, -37.8324313], [145.2643016, -37.8324101], [145.2642707, -37.832391], [145.2642654, -37.8323656], [145.2642586, -37.8323444], [145.2642345, -37.832337], [145.2642023, -37.8323391], [145.2641768, -37.8323529], [145.2641366, -37.8323677], [145.2640977, -37.8323794], [145.2640427, -37.8323773], [145.2639207, -37.8323582], [145.2638577, -37.8323402], [145.2638027, -37.8323095], [145.2637893, -37.8322809], [145.2637745, -37.8322438], [145.263741, -37.8322099], [145.2636793, -37.8321707], [145.2636051, -37.8321539], [145.2635425, -37.8321622], [145.2634821, -37.8321877], [145.2634178, -37.8322057], [145.2633682, -37.8322184], [145.2632957, -37.8322205], [145.2630919, -37.832176], [145.2630208, -37.8321612], [145.2629685, -37.8321347], [145.262943, -37.8321029], [145.262931, -37.8320722], [145.2629229, -37.8320373], [145.2629035, -37.8320051], [145.2628599, -37.8319811], [145.2627888, -37.8319642], [145.2627284, -37.8319631], [145.2626292, -37.8319906], [145.2625568, -37.8320245], [145.2624924, -37.832069], [145.2624495, -37.8321146], [145.262428, -37.83214], [145.2623932, -37.8322608], [145.2623663, -37.8323243], [145.2623489, -37.8323518], [145.2623181, -37.8323751], [145.2622698, -37.8323879], [145.2622027, -37.832391], [145.2621531, -37.8323751], [145.2621062, -37.8323741], [145.26207, -37.8323847], [145.2620016, -37.832409], [145.2619412, -37.8324101], [145.2618728, -37.8323974], [145.2618366, -37.832391], [145.2617763, -37.8323836], [145.261732, -37.8323847], [145.2616649, -37.8323762], [145.2616247, -37.8323561], [145.2615805, -37.832354], [145.2615536, -37.8323465], [145.2615375, -37.8323211], [145.2615121, -37.8322841], [145.2614598, -37.8322216], [145.2614195, -37.8321898], [145.2613847, -37.832175], [145.2613458, -37.8321739], [145.2612854, -37.8321813], [145.2612371, -37.8321983], [145.2611982, -37.8322332], [145.2611674, -37.8322777], [145.2611594, -37.8323148], [145.2611459, -37.832355], [145.2611191, -37.8324016], [145.261044, -37.8325287], [145.2610091, -37.8325669], [145.2609649, -37.8325891], [145.2609193, -37.8326219], [145.2608992, -37.8326421], [145.2608898, -37.8326887], [145.260867, -37.8327226], [145.2608348, -37.8327395], [145.2607798, -37.8327448], [145.2607222, -37.832731], [145.2606846, -37.8327003], [145.2606578, -37.8326696], [145.2606001, -37.832641], [145.2605424, -37.8326325], [145.2604888, -37.8326347], [145.2604338, -37.832658], [145.2603909, -37.8326908], [145.2603788, -37.8327183], [145.2603708, -37.8327607], [145.2603735, -37.8328243], [145.2604016, -37.8328931], [145.2604311, -37.8329503], [145.2604459, -37.832998], [145.2604352, -37.8330234], [145.2604137, -37.8330403], [145.2603373, -37.8330541], [145.2602286, -37.8330721], [145.2601669, -37.8330912], [145.26012, -37.8331219], [145.2600784, -37.83316], [145.2600556, -37.8332204], [145.2600395, -37.833267], [145.26001, -37.8333062], [145.2599752, -37.8333274], [145.2599322, -37.8333231], [145.2598974, -37.8332977], [145.2598638, -37.8332522], [145.2597874, -37.8331399], [145.2597539, -37.8330912], [145.2597177, -37.8330679], [145.2596694, -37.8330615], [145.2596104, -37.8330668], [145.2595688, -37.8330838], [145.2595178, -37.8331124], [145.2594535, -37.8331632], [145.2594079, -37.8331833], [145.2593408, -37.8331886], [145.259255, -37.8331929], [145.2591665, -37.8331929], [145.2591034, -37.833195], [145.2590645, -37.8332087], [145.2590337, -37.8332352], [145.2590216, -37.8332882], [145.2589894, -37.8333337], [145.2589412, -37.8333655], [145.2588848, -37.8333994], [145.2588218, -37.8334238], [145.2587896, -37.8334524], [145.2587789, -37.8334884], [145.2587749, -37.8335403], [145.2587829, -37.8335943], [145.2588071, -37.833643], [145.2588057, -37.8336886], [145.258795, -37.8337394], [145.2587816, -37.8337775], [145.2587695, -37.8338326], [145.2587454, -37.8338527], [145.2587078, -37.8338718], [145.2586689, -37.8338972], [145.2586488, -37.8339343], [145.2586421, -37.8339714], [145.258622, -37.8340063], [145.2585831, -37.8340667], [145.2585777, -37.8341069], [145.2585724, -37.8341451], [145.2585817, -37.8341747], [145.2586099, -37.8342224], [145.2586595, -37.8342605], [145.2587065, -37.8342934], [145.258736, -37.8343326], [145.25874, -37.8343728], [145.258736, -37.8344141], [145.2587333, -37.8344554]]}}, {"type": "Feature", "properties": {"waterbody": "Bungalook Creek", "name": "Bungalook Creek", "city": "Melbourne", "country": "Australia", "osm_id": 107508227}, "geometry": {"type": "LineString", "coordinates": [[145.2651706, -37.8316242], [145.2648165, -37.8318222]]}}, {"type": "Feature", "properties": {"waterbody": "Bungalook Creek", "name": "Bungalook Creek", "city": "Melbourne", "country": "Australia", "osm_id": 107508228}, "geometry": {"type": "LineString", "coordinates": [[145.2587266, -37.8346588], [145.2587373, -37.8347753]]}}, {"type": "Feature", "properties": {"waterbody": "Bungalook Creek", "name": "Bungalook Creek", "city": "Melbourne", "country": "Australia", "osm_id": 107508231}, "geometry": {"type": "LineString", "coordinates": [[145.2690481, -37.8301131], [145.2688197, -37.8301359]]}}, {"type": "Feature", "properties": {"waterbody": "Bungalook Creek", "name": "Bungalook Creek", "city": "Melbourne", "country": "Australia", "osm_id": 107508232}, "geometry": {"type": "LineString", "coordinates": [[145.2748198, -37.8250072], [145.2747456, -37.8250228], [145.2743345, -37.8251238], [145.2738763, -37.8252659], [145.2737154, -37.8254269], [145.2733238, -37.8256303], [145.273179, -37.8258675], [145.273238, -37.8261599], [145.2729751, -37.8264523], [145.2726372, -37.8264608], [145.2722509, -37.8266811], [145.2719183, -37.827054], [145.271795, -37.8274311], [145.2715267, -37.8276472], [145.2712478, -37.8277107], [145.2709903, -37.8278929], [145.2709259, -37.828198], [145.27106, -37.8285709], [145.2709635, -37.829003], [145.2709816, -37.8291757], [145.2708987, -37.8293281], [145.2705075, -37.8295539], [145.2701749, -37.8297276], [145.2697672, -37.8299055], [145.2694755, -37.8300628], [145.2693776, -37.8300893], [145.2692476, -37.8301042], [145.2691497, -37.8301116], [145.2690481, -37.8301131]]}}, {"type": "Feature", "properties": {"waterbody": "Bungalook Creek", "name": "Bungalook Creek", "city": "Melbourne", "country": "Australia", "osm_id": 107508234}, "geometry": {"type": "LineString", "coordinates": [[145.2587333, -37.8344554], [145.2587266, -37.8346588]]}}, {"type": "Feature", "properties": {"waterbody": "Bungalook Creek", "name": "Bungalook Creek", "city": "Melbourne", "country": "Australia", "osm_id": 1017803140}, "geometry": {"type": "LineString", "coordinates": [[145.3033754, -37.8255213], [145.303135, -37.8252876], [145.3029119, -37.8250571], [145.3025686, -37.8246774], [145.3023454, -37.8243994], [145.3020278, -37.8242435], [145.3017946, -37.8241361], [145.3012725, -37.8239927]]}}, {"type": "Feature", "properties": {"waterbody": "Bungalook Creek", "name": "Bungalook Creek", "city": "Melbourne", "country": "Australia", "osm_id": 1017803141}, "geometry": {"type": "LineString", "coordinates": [[145.3178777, -37.8268652], [145.3177258, -37.8268649], [145.3175113, -37.8269031], [145.31729, -37.8268957], [145.3170687, -37.8269709], [145.3168206, -37.8269454], [145.316178, -37.8269902], [145.3140666, -37.8270072], [145.3127611, -37.8270376], [145.3098199, -37.8266655], [145.3090408, -37.8265758], [145.308786, -37.8264942], [145.3086814, -37.8265344], [145.3085366, -37.8265514], [145.308428, -37.8266001], [145.308208, -37.8266139], [145.3080256, -37.8267685], [145.3078955, -37.8268035]]}}, {"type": "Feature", "properties": {"waterbody": "Bungalook Creek", "name": "Bungalook Creek", "city": "Melbourne", "country": "Australia", "osm_id": 1054228067}, "geometry": {"type": "LineString", "coordinates": [[145.3181768, -37.8267836], [145.3181768, -37.8268194], [145.3181547, -37.8268456], [145.318098, -37.8268501]]}}, {"type": "Feature", "properties": {"waterbody": "Bungalook Creek", "name": "Bungalook Creek", "city": "Melbourne", "country": "Australia", "osm_id": 1054228068}, "geometry": {"type": "LineString", "coordinates": [[145.3181952, -37.826571], [145.3181768, -37.8267836]]}}, {"type": "Feature", "properties": {"waterbody": "Bungalook Creek", "name": "Bungalook Creek", "city": "Melbourne", "country": "Australia", "osm_id": 1054228069}, "geometry": {"type": "LineString", "coordinates": [[145.318098, -37.8268501], [145.3178777, -37.8268652]]}}, {"type": "Feature", "properties": {"waterbody": "Bungalook Creek", "name": "Bungalook Creek", "city": "Melbourne", "country": "Australia", "osm_id": 1172260870}, "geometry": {"type": "LineString", "coordinates": [[145.3536654, -37.8243183], [145.3532879, -37.8236852], [145.3527507, -37.8227464], [145.3520532, -37.8223204], [145.3516729, -37.8219011], [145.351458, -37.8213939], [145.3509863, -37.8204849], [145.3510931, -37.8198135], [145.3508239, -37.8191409], [145.3501153, -37.8184439], [145.3504008, -37.8173926], [145.3506492, -37.8169758]]}}, {"type": "Feature", "properties": {"waterbody": "Bungalook Creek", "name": "Bungalook Creek", "city": "Melbourne", "country": "Australia", "osm_id": 1366107000}, "geometry": {"type": "LineString", "coordinates": [[145.340645, -37.8161458], [145.3405085, -37.8162757], [145.3403824, -37.8164647], [145.340194, -37.8166468], [145.3399114, -37.8167638], [145.3395928, -37.8168857], [145.3390392, -37.817063], [145.3389372, -37.8171276], [145.3387013, -37.8174003], [145.3385401, -37.8175171], [145.3384715, -37.8175957], [145.3381886, -37.8176313], [145.3381011, -37.8177498], [145.3379704, -37.8178024], [145.3379193, -37.8179539], [145.3378909, -37.8181954], [145.3378718, -37.8184796], [145.337945, -37.8187373], [145.337903, -37.8189496], [145.3377304, -37.8192675], [145.3374655, -37.8195206], [145.3373209, -37.8197065], [145.3372018, -37.8198914], [145.337184, -37.820004], [145.3370781, -37.8201049], [145.3369484, -37.8201266], [145.336769, -37.8203018], [145.3367319, -37.820367], [145.3367726, -37.8204873], [145.3367092, -37.8205466], [145.3365559, -37.8205784], [145.3362346, -37.8209219], [145.3362423, -37.8211373], [145.336187, -37.821225], [145.3360829, -37.821281], [145.3358873, -37.8215421], [145.3357581, -37.8216137], [145.33565, -37.8217321], [145.3355496, -37.8217971], [145.3355157, -37.821982], [145.3355137, -37.822108], [145.3354205, -37.8222346], [145.3353268, -37.8224069], [145.3350665, -37.8224055], [145.3349757, -37.8224506], [145.3350133, -37.8225442], [145.3348475, -37.8226452], [145.3349197, -37.8228084], [145.3350142, -37.822835], [145.3349926, -37.8229161], [145.3347689, -37.8229901], [145.3346423, -37.8230856], [145.3345595, -37.8229631], [145.3343543, -37.8229286], [145.3341477, -37.8231144], [145.33376, -37.8232349], [145.3335458, -37.8232075], [145.3333524, -37.8233701], [145.3332365, -37.8236396], [145.3331802, -37.8237707], [145.333081, -37.8238351], [145.3329754, -37.8240428], [145.3328114, -37.8240529], [145.3327347, -37.8240193], [145.3326627, -37.8241241], [145.3326873, -37.824226], [145.3326546, -37.8242603], [145.3324026, -37.8242547], [145.3323022, -37.8242851], [145.3322716, -37.8243389], [145.3323531, -37.8245165], [145.332272, -37.8246147], [145.332059, -37.8246419], [145.3315576, -37.8251774], [145.3311873, -37.825226], [145.330846, -37.8254723], [145.3304733, -37.825497], [145.3299667, -37.825615], [145.3297283, -37.8257215], [145.3291818, -37.8258031], [145.329024, -37.8260978], [145.328834, -37.8261984], [145.3278395, -37.8259555], [145.3272449, -37.8257882], [145.3268686, -37.8258975], [145.3265641, -37.826154], [145.3263914, -37.8267707], [145.3260595, -37.8268411], [145.3258697, -37.8267553], [145.3257295, -37.8267055], [145.3256357, -37.8266605], [145.325513, -37.8266187], [145.3252809, -37.8265858], [145.3250825, -37.8265562], [145.3249121, -37.8265556], [145.3247754, -37.8265154], [145.3244944, -37.826491], [145.3243938, -37.8264545], [145.3242651, -37.8263464], [145.3241672, -37.8262892], [145.3240049, -37.826188], [145.3238828, -37.8260482], [145.3237621, -37.8259343], [145.3236676, -37.8258586], [145.3235026, -37.8257829], [145.3233142, -37.8256504], [145.3230923, -37.825571], [145.3229079, -37.825535], [145.3227805, -37.8255212], [145.3226457, -37.8255228], [145.3224217, -37.8255689], [145.3222836, -37.8256218], [145.3222286, -37.8256647], [145.3221642, -37.8257352], [145.3219845, -37.8258109], [145.3217559, -37.8258718], [145.3215849, -37.8259195], [145.3214474, -37.8259492], [145.321212, -37.8259831], [145.320921, -37.826026], [145.3207976, -37.8260477], [145.3207058, -37.826089], [145.320636, -37.8261589], [145.3205549, -37.8262045], [145.3203484, -37.8262479], [145.3200419, -37.8263062], [145.3198287, -37.8263798], [145.319702, -37.8264666], [145.319484, -37.8265117], [145.3192701, -37.8265853], [145.3191038, -37.8266451], [145.3188188, -37.8267013], [145.3185204, -37.8266473], [145.3182395, -37.826536], [145.3181952, -37.826571]]}}, {"type": "Feature", "properties": {"waterbody": "Bungalook Creek", "name": "Bungalook Creek", "city": "Melbourne", "country": "Australia", "osm_id": 1366107012}, "geometry": {"type": "LineString", "coordinates": [[145.3446021, -37.8142863], [145.3444944, -37.8142678], [145.3442359, -37.8142601], [145.3440666, -37.8141952], [145.3438963, -37.8141623], [145.3435999, -37.8141919], [145.3433639, -37.8142231], [145.3430571, -37.8142659], [145.3428843, -37.814314], [145.3426286, -37.8143399], [145.3426049, -37.8143914], [145.3426291, -37.8144824], [145.3426025, -37.8145166], [145.3425167, -37.8145107], [145.3424001, -37.8145479], [145.342315, -37.8145789], [145.3421925, -37.8146865]]}}, {"type": "Feature", "properties": {"waterbody": "Cardinia Creek", "name": "Cardinia Creek", "city": "Melbourne", "country": "Australia", "osm_id": 69491350}, "geometry": {"type": "LineString", "coordinates": [[145.3749059, -38.0597921], [145.3750642, -38.0599169], [145.3749843, -38.060535], [145.3755511, -38.0607767], [145.3760418, -38.0607988], [145.3761354, -38.0611105], [145.3756713, -38.0613117], [145.3753946, -38.0611742], [145.3751859, -38.0612848], [145.3751604, -38.0615061], [145.375237, -38.0617877], [145.3756884, -38.0619754], [145.3756117, -38.0623274], [145.3760716, -38.0624984], [145.3759481, -38.0629677], [145.3761482, -38.0633264], [145.3765399, -38.0635677], [145.3763355, -38.063675], [145.3761014, -38.0637722], [145.3759055, -38.0643656], [145.3764382, -38.0650233], [145.3762666, -38.0654288], [145.3764211, -38.0657599], [145.3769017, -38.0659626], [145.3776485, -38.0661586], [145.3792449, -38.0668479], [145.3794852, -38.0675236], [145.3795281, -38.0686521], [145.3804466, -38.069251], [145.380438, -38.069577], [145.3796853, -38.0697599], [145.3789322, -38.0699449], [145.3786183, -38.0699765], [145.3780862, -38.0696792], [145.3776828, -38.0695575], [145.376773, -38.0701386], [145.3762837, -38.0710914], [145.3763352, -38.0712535], [145.3771823, -38.0715817], [145.3774146, -38.0722655], [145.3770316, -38.0728837], [145.3769329, -38.0734057], [145.376457, -38.07417], [145.3758911, -38.0746058], [145.3758197, -38.075097], [145.3759673, -38.0755167], [145.3761084, -38.076363], [145.3755027, -38.0768954], [145.375065, -38.0773819], [145.3747817, -38.0780237], [145.3750392, -38.0782467], [145.3755628, -38.0785845], [145.3755542, -38.078875], [145.3760177, -38.0793142], [145.3772617, -38.0793552], [145.3776317, -38.0793802], [145.3777607, -38.0794392], [145.3779817, -38.0795692], [145.3786109, -38.0797811], [145.3788673, -38.0801533], [145.3792002, -38.0804144], [145.3791284, -38.0805207], [145.3789826, -38.0805817], [145.3789758, -38.0807777], [145.3790968, -38.0808888], [145.3792343, -38.0809095], [145.3795004, -38.0808324], [145.3797173, -38.0808491], [145.3798862, -38.0811426], [145.3803089, -38.0814144], [145.3804029, -38.0816087], [145.3801869, -38.0818698], [145.3803867, -38.0823968], [145.3800257, -38.0824498], [145.379946, -38.0826359], [145.3799785, -38.08265], [145.3804201, -38.0828419], [145.380437, -38.0828504], [145.3805016, -38.0834109], [145.3805492, -38.0837702], [145.3800812, -38.0839964], [145.3806014, -38.0845166], [145.3805399, -38.0849897], [145.3806665, -38.0850981], [145.3810981, -38.0852226], [145.3814428, -38.0854292], [145.381794, -38.0856672], [145.3818596, -38.0858514], [145.3818476, -38.0860068], [145.3819536, -38.0861734], [145.3819642, -38.0862168], [145.3819904, -38.0863234], [145.381948, -38.0864769], [145.3817215, -38.0867827], [145.3816703, -38.086987], [145.3815639, -38.087142], [145.3811178, -38.0872673], [145.3808995, -38.0874038], [145.3809179, -38.0875483], [145.3808767, -38.0885933], [145.3812084, -38.0888013], [145.381549, -38.0888731], [145.3818414, -38.0889533], [145.3817448, -38.0891749], [145.3817312, -38.0892787], [145.3818172, -38.0893164], [145.3819823, -38.0894168], [145.381907, -38.0895626], [145.3819846, -38.0897229], [145.3822883, -38.0898133], [145.3820425, -38.0900531], [145.3818779, -38.0902974], [145.3817668, -38.0906317], [145.3821703, -38.0908811], [145.3827039, -38.0912109], [145.3830727, -38.0915884], [145.3836757, -38.0916632], [145.3839787, -38.0917574], [145.3841497, -38.0920954], [145.3845427, -38.0923434], [145.3847557, -38.0925524], [145.3848307, -38.0926994], [145.3848331, -38.0928929], [145.3845063, -38.0932172], [145.3847037, -38.0935144], [145.3875791, -38.0941899], [145.3883515, -38.0938386], [145.3890551, -38.0937992], [145.3889537, -38.0944136], [145.3897073, -38.0941503], [145.3899371, -38.0944774], [145.3905522, -38.0945891], [145.3907313, -38.0946397], [145.3907448, -38.0951662], [145.3910354, -38.0954109], [145.3913463, -38.0956822], [145.3915592, -38.0961848], [145.391985, -38.0963284], [145.3923297, -38.0961343], [145.3925731, -38.0964986], [145.3923669, -38.0967087], [145.3922588, -38.0967992], [145.3923399, -38.0969135], [145.3924953, -38.0970784], [145.3928502, -38.0973151], [145.3932726, -38.0975412], [145.3936713, -38.0976183], [145.3940127, -38.0974428], [145.3941715, -38.0974029], [145.3943157, -38.097433], [145.3951171, -38.0976965], [145.3954616, -38.0984369], [145.3960462, -38.0986842], [145.3963885, -38.099255], [145.3979156, -38.099872], [145.3979506, -38.1003247], [145.3990601, -38.1017341], [145.3984549, -38.104375], [145.398413, -38.1049378], [145.3989611, -38.1056003], [145.4006232, -38.107714], [145.4007065, -38.1091086], [145.4004934, -38.1098181], [145.4007026, -38.1106893], [145.3998893, -38.111839], [145.3989377, -38.1132361], [145.3991995, -38.113843], [145.3998979, -38.1156782], [145.4003447, -38.1161827], [145.4017712, -38.1177934], [145.4019686, -38.1183101], [145.4017508, -38.1193018], [145.4011875, -38.1200193], [145.4008829, -38.120887], [145.4008753, -38.1226223], [145.4009175, -38.1228581], [145.4009515, -38.1230485], [145.4013496, -38.1241306], [145.4016188, -38.1246682], [145.4027024, -38.1257578], [145.4038708, -38.1265185], [145.4041401, -38.1266938], [145.4047849, -38.1271191], [145.405286, -38.1277842], [145.4063556, -38.1300291], [145.4068245, -38.1308967], [145.4074328, -38.1313575], [145.4104164, -38.1325103], [145.4192495, -38.1370536], [145.4251128, -38.1399572], [145.425858, -38.1402708], [145.4286107, -38.1430839], [145.4320774, -38.1466394], [145.4325199, -38.1474485], [145.444184, -38.1598731], [145.4444716, -38.1603861], [145.4444791, -38.160946], [145.4411085, -38.1770036], [145.440683, -38.1778453], [145.4375267, -38.1929093], [145.4375049, -38.1933952], [145.4403766, -38.1978243], [145.4405361, -38.1982551], [145.4405922, -38.1988935], [145.4404986, -38.1993849], [145.4396081, -38.2015602], [145.4370815, -38.20774], [145.4367971, -38.2085071], [145.4366523, -38.2088696], [145.4365075, -38.2092406], [145.4364592, -38.2095736], [145.4364484, -38.2099319], [145.4362082, -38.2123911], [145.4361239, -38.2134914], [145.4361103, -38.214134], [145.4359542, -38.2146397], [145.4357075, -38.2150106], [145.4354344, -38.2153141], [145.4353379, -38.215567], [145.4353915, -38.215921], [145.4356061, -38.2162076], [145.4357026, -38.2164521], [145.4356597, -38.216646], [145.4355358, -38.2168736], [145.4350423, -38.2171011], [145.4346136, -38.2172213], [145.4343003, -38.2173289], [145.4337842, -38.2174952], [145.4334623, -38.2179568], [145.4334385, -38.218114], [145.4332375, -38.2194381], [145.4329667, -38.2206585], [145.4331915, -38.2217784], [145.4339324, -38.2221718], [145.4344843, -38.2225411], [145.4344281, -38.2228703], [145.4341204, -38.2233348]]}}, {"type": "Feature", "properties": {"waterbody": "Cardinia Creek", "name": "Cardinia Creek", "city": "Melbourne", "country": "Australia", "osm_id": 147239681}, "geometry": {"type": "LineString", "coordinates": [[145.3743702, -38.0593646], [145.3747087, -38.059546]]}}, {"type": "Feature", "properties": {"waterbody": "Cardinia Creek", "name": "Cardinia Creek", "city": "Melbourne", "country": "Australia", "osm_id": 147239682}, "geometry": {"type": "LineString", "coordinates": [[145.37921, -37.97503], [145.379215, -37.975203], [145.3795956, -37.9755115], [145.3796066, -37.9757725], [145.3797576, -37.9769715], [145.3799266, -37.9774585], [145.3800866, -37.9777975], [145.3807767, -37.9790525], [145.3809087, -37.9793305], [145.3810607, -37.9795945], [145.3811367, -37.9796835], [145.3813337, -37.9800075], [145.3813467, -37.9802775], [145.3813137, -37.9804145], [145.3812627, -37.9805335], [145.3812667, -37.9806145], [145.3812467, -37.9807015], [145.3812757, -37.9808255], [145.3814587, -37.9810885], [145.3815647, -37.9818015], [145.3816747, -37.9836685], [145.382368, -37.9846345], [145.3824201, -37.9847413], [145.3821565, -37.9848903], [145.3820215, -37.9848946], [145.3818521, -37.9848566], [145.3816571, -37.9848377], [145.3810827, -37.9850103], [145.3809728, -37.9850995], [145.3808368, -37.9852495], [145.3807258, -37.9854015], [145.3806228, -37.9856195], [145.3806068, -37.9856925], [145.3805168, -37.9864315], [145.3804838, -37.9865035], [145.3804708, -37.9865935], [145.3804208, -37.9867025], [145.3803337, -37.9868218], [145.3798918, -37.9874275], [145.3798408, -37.9875535], [145.3792631, -37.9876416], [145.3786545, -37.9876659], [145.3775797, -37.9881986], [145.377701, -37.9883825], [145.3778088, -37.9889127], [145.3775804, -37.9892294], [145.3770544, -37.9891935], [145.3762357, -37.9895937], [145.3761861, -37.9896768], [145.376226, -37.9897724], [145.3763171, -37.9897807], [145.376424, -37.9897558], [145.3764571, -37.9898129], [145.3764297, -37.9899074], [145.3763172, -37.9899822], [145.3759755, -37.9900384], [145.3758332, -37.9901083], [145.3757541, -37.990253], [145.3760739, -37.9902912], [145.3759888, -37.9904333], [145.3758092, -37.9904421], [145.3757297, -37.9904882], [145.3758491, -37.9906288], [145.3759264, -37.9909562], [145.3760414, -37.991036], [145.3761685, -37.9909169], [145.3764458, -37.9907958], [145.3765164, -37.9908808], [145.3765261, -37.9910288], [145.3763703, -37.9911444], [145.3763173, -37.9912142], [145.3764943, -37.9913062], [145.3765976, -37.991585], [145.376799, -37.9916942], [145.3768127, -37.9918464], [145.3767896, -37.992065], [145.3769211, -37.9921313], [145.3769, -37.9922309], [145.3766892, -37.9923181], [145.3767101, -37.9926087], [145.3766358, -37.9927305], [145.3766469, -37.992784], [145.3767752, -37.9928067], [145.3768287, -37.9928614], [145.3767837, -37.9929326], [145.3766491, -37.9929186], [145.3766012, -37.992982], [145.3766419, -37.9930282], [145.3767272, -37.9930475], [145.3769983, -37.9930076], [145.3771154, -37.9930478], [145.3770534, -37.993113], [145.3769181, -37.9931754], [145.3769689, -37.9932648], [145.3770866, -37.9933759], [145.3771674, -37.9933832], [145.3772264, -37.9933286], [145.3771537, -37.9932242], [145.3771874, -37.9931607], [145.3772758, -37.9931582], [145.3775213, -37.9934605], [145.377459, -37.9937995], [145.3774382, -37.9940673], [145.3772458, -37.9941761], [145.3771685, -37.9944059], [145.3773795, -37.9944691], [145.3773349, -37.9946335], [145.3773448, -37.9947577], [145.3772915, -37.9948486], [145.3773541, -37.9949956], [145.3774987, -37.9951002], [145.3774378, -37.9951986], [145.3774381, -37.9952815], [145.3775858, -37.9953416], [145.3777018, -37.9952388], [145.3779759, -37.9951319], [145.3785867, -37.9953507], [145.3785102, -37.9954601], [145.3785126, -37.9956111], [145.3788205, -37.9957303], [145.3792707, -37.9959575], [145.379275, -37.9961386], [145.3791243, -37.9962645], [145.3790937, -37.9964042], [145.379216, -37.9964485], [145.3793649, -37.9963471], [145.379495, -37.9964115], [145.3794934, -37.9965008], [145.3795375, -37.9966504], [145.3796604, -37.9967237], [145.3798404, -37.99675], [145.3798724, -37.9968129], [145.3797804, -37.9969461], [145.379641, -37.9970295], [145.379708, -37.9973615], [145.379708, -37.9974515], [145.379732, -37.9975975], [145.3796875, -37.9977932], [145.3796938, -37.9978689], [145.3799172, -37.9980467], [145.3799169, -37.9981275], [145.3798874, -37.9982341], [145.3798121, -37.9982505], [145.3797315, -37.9983033], [145.3797134, -37.9984484], [145.3796243, -37.9986304], [145.3796853, -37.9987475], [145.3796649, -37.9988353], [145.3795728, -37.9988515], [145.3793361, -37.9988093], [145.3790791, -37.9987627], [145.3789116, -37.9986379], [145.3787907, -37.9985216], [145.3786658, -37.9985004], [145.3785468, -37.9984283], [145.378415, -37.9982829], [145.3783081, -37.9981656], [145.3782626, -37.9981287], [145.3781977, -37.998141], [145.3781575, -37.9981995], [145.3781749, -37.9982917], [145.3782331, -37.9984763], [145.3783851, -37.9986517], [145.3784337, -37.9987286], [145.3785811, -37.9988132], [145.378662, -37.9989439], [145.3786628, -37.9990026], [145.3786206, -37.9990673], [145.3786143, -37.9991138], [145.3786763, -37.9991679], [145.3787717, -37.9991919], [145.3788594, -37.9992712], [145.3788615, -37.99938], [145.3787337, -37.9996043], [145.378563, -37.9998285], [145.3783041, -38.0002155], [145.378142, -38.000475], [145.3779516, -38.0007278], [145.3779213, -38.0009529], [145.377983, -38.0011052], [145.3779194, -38.0012341], [145.377881, -38.001254], [145.3778404, -38.001289], [145.3778404, -38.0013415], [145.3779065, -38.0015384], [145.3779137, -38.0016475], [145.3779276, -38.0018607], [145.3780686, -38.0021236], [145.3781666, -38.0022204], [145.3783625, -38.0024631], [145.3784933, -38.0025768], [145.378592, -38.0026193], [145.3786627, -38.0026118], [145.3787035, -38.0025562], [145.3786832, -38.0024154], [145.3785749, -38.0021453], [145.3785775, -38.0020306], [145.378636, -38.0019767], [145.3787415, -38.0019903], [145.3789028, -38.0020361], [145.379002, -38.0019849], [145.3790103, -38.0019081], [145.3790529, -38.0018347], [145.3791381, -38.0018215], [145.3794381, -38.0018323], [145.380191, -38.0018347], [145.3803478, -38.0018513], [145.3804379, -38.0019196], [145.3804577, -38.0020002], [145.3804059, -38.0021537], [145.3803151, -38.002358], [145.3803209, -38.0024686], [145.3804145, -38.0025838], [145.3804178, -38.0028311], [145.380464, -38.0030876], [145.3805043, -38.0031533], [145.3805564, -38.0032036], [145.3806712, -38.0032049], [145.3807552, -38.0032368], [145.3807689, -38.0032872], [145.3807103, -38.0033018], [145.3806323, -38.0033217], [145.380605, -38.0033615], [145.3806195, -38.0034169], [145.3806888, -38.0034569], [145.380753, -38.0035077], [145.3807955, -38.0035923], [145.3807689, -38.0036623], [145.3807068, -38.0036897], [145.3806721, -38.0037231], [145.3806892, -38.0037708], [145.3808625, -38.0038302], [145.38116, -38.0038492], [145.381274, -38.0038743], [145.381333, -38.0039465], [145.3813388, -38.0040498], [145.3814105, -38.0041108], [145.3814758, -38.0041511], [145.3814939, -38.0042334], [145.3814748, -38.0044092], [145.3814084, -38.0045201], [145.3814213, -38.0045799], [145.3814841, -38.004598], [145.3815736, -38.0045715], [145.3816807, -38.0044641], [145.3817416, -38.0044336], [145.3818045, -38.0044276], [145.3818478, -38.0044478], [145.3819419, -38.0045942], [145.382035, -38.0048057], [145.382168, -38.0048874], [145.382308, -38.0049662], [145.382375, -38.0051015], [145.3823679, -38.0052006], [145.3822082, -38.0052268], [145.3821067, -38.0052674], [145.3820374, -38.005382], [145.3820247, -38.0055042], [145.382108, -38.0056219], [145.3823284, -38.0057145], [145.3824325, -38.0057987], [145.3824453, -38.005965], [145.3824976, -38.0060497], [145.3826567, -38.0060843], [145.3827461, -38.0061752], [145.3828735, -38.0062029], [145.383115, -38.0062296], [145.3833229, -38.006276], [145.3834583, -38.0062863], [145.3835091, -38.0063242], [145.3834993, -38.0063678], [145.3834378, -38.0064312], [145.3833353, -38.0064591], [145.3831652, -38.0064711], [145.3830793, -38.0065122], [145.3830461, -38.0065435], [145.3830695, -38.0065857], [145.3831769, -38.0067548], [145.3832609, -38.0068573], [145.3833383, -38.0069843], [145.383295, -38.0070786], [145.3832166, -38.0071298], [145.3831407, -38.0072829], [145.3831214, -38.0073853], [145.3832836, -38.0075294], [145.3834162, -38.0076508], [145.3834539, -38.0077338], [145.3834432, -38.0077874], [145.3833965, -38.0078223], [145.3833359, -38.0078283], [145.383304, -38.0078231], [145.383254, -38.0077919], [145.383253, -38.0077163], [145.3832044, -38.007675], [145.3831559, -38.007664], [145.3831079, -38.0076993], [145.383106, -38.0077623], [145.3830904, -38.0078083], [145.383048, -38.0078439], [145.3830448, -38.007914], [145.383091, -38.0079597], [145.3831761, -38.0079768], [145.3832533, -38.0080032], [145.3833059, -38.0080303], [145.3833692, -38.0080493], [145.3834137, -38.00807], [145.3834174, -38.0081148], [145.3834051, -38.0081757], [145.3834099, -38.0082065], [145.3834646, -38.0082445], [145.383565, -38.0082657], [145.3836519, -38.0082911], [145.383713, -38.0083232], [145.3838047, -38.0084001], [145.3839308, -38.0084825], [145.3839496, -38.008529], [145.3839925, -38.0085692], [145.3840756, -38.0085818], [145.3841802, -38.0085818], [145.3842312, -38.0084635], [145.3843209, -38.0084465], [145.3844895, -38.0084981], [145.3847326, -38.0085037], [145.3847863, -38.0085572], [145.3846899, -38.0086643], [145.3846791, -38.0087699], [145.3847113, -38.0088439], [145.3847972, -38.0089623], [145.38471, -38.0089961], [145.3846228, -38.0089971], [145.3845893, -38.0089612], [145.384545, -38.0089781], [145.3845303, -38.0090024], [145.3845343, -38.0090542], [145.3845598, -38.0091229], [145.3846188, -38.0091493], [145.3846832, -38.0091662], [145.3847502, -38.009162], [145.3848079, -38.0091472], [145.3848468, -38.0091017], [145.3848803, -38.0090552], [145.3849676, -38.0090842], [145.3850099, -38.0091464], [145.3849696, -38.0092441], [145.3849548, -38.0093215], [145.3848337, -38.0094493], [145.3847583, -38.0095462], [145.3847018, -38.0097114], [145.3846192, -38.0097553], [145.3845566, -38.0097568], [145.3845095, -38.0097384], [145.3844542, -38.0097351], [145.3844149, -38.0097669], [145.3843945, -38.0098244], [145.3843445, -38.0098573], [145.3842929, -38.0098948], [145.384246, -38.0099365], [145.3842138, -38.0099904], [145.3840998, -38.0100527], [145.3840019, -38.0100644], [145.3839187, -38.0100791], [145.3838611, -38.0101478], [145.383853, -38.0102207], [145.3838606, -38.0102802], [145.3838061, -38.0103507], [145.3837471, -38.0103475], [145.3837001, -38.0103253], [145.3836599, -38.0102757], [145.3836089, -38.0102387], [145.3835593, -38.0102165], [145.3834788, -38.010244], [145.3834319, -38.0103317], [145.3833568, -38.0104109], [145.3833112, -38.0104817], [145.3833461, -38.0105472], [145.3834641, -38.010562], [145.383613, -38.0105335], [145.3836532, -38.0105895], [145.3835331, -38.0107714], [145.3834748, -38.0108452], [145.3834815, -38.0108928], [145.38357, -38.0108875], [145.383625, -38.0108885], [145.3836572, -38.0109255], [145.3836459, -38.0109613], [145.3836009, -38.0109974], [145.3836292, -38.0111464], [145.3836505, -38.011326], [145.3837135, -38.0114708], [145.3838141, -38.0115606], [145.3839214, -38.0115785], [145.3840168, -38.0115767], [145.3840694, -38.0116097], [145.384136, -38.0116747], [145.3841208, -38.0117447], [145.384187, -38.0118744], [145.384258, -38.0119948], [145.384313, -38.012054], [145.384391, -38.012047], [145.3844545, -38.0120889], [145.3845048, -38.0122273], [145.3845732, -38.0123055], [145.3846906, -38.0123606], [145.3847033, -38.0124418], [145.3846376, -38.012521], [145.3846349, -38.0126161], [145.3846402, -38.0127017], [145.3846858, -38.0127863], [145.3847931, -38.012875], [145.3849299, -38.012931], [145.3850949, -38.0129564], [145.3851901, -38.0129796], [145.385233, -38.0130309], [145.3853048, -38.0131423], [145.385339, -38.0132755], [145.3853349, -38.0133987], [145.3852209, -38.0136122], [145.385179, -38.0136527], [145.3851311, -38.0137583], [145.3851606, -38.0138355], [145.3852116, -38.0138703], [145.3851955, -38.0139221], [145.3850694, -38.0140066], [145.3849342, -38.014034], [145.3847873, -38.0140957], [145.384581, -38.0143158], [145.3846014, -38.0144103], [145.3845745, -38.0144927], [145.3844471, -38.0146121], [145.38425, -38.0147231], [145.3841105, -38.0148984], [145.3840555, -38.015133], [145.3841524, -38.0153642], [145.3841773, -38.0155094], [145.3839576, -38.0157247], [145.3839238, -38.0158873], [145.3835948, -38.016175], [145.3833917, -38.0162699], [145.3831744, -38.0162445], [145.3829572, -38.0162412], [145.3828016, -38.0162952], [145.3827023, -38.0163873], [145.3826219, -38.0164875], [145.3826621, -38.0166101], [145.3827533, -38.016646], [145.3827533, -38.0167369], [145.3826889, -38.0168045], [145.3824813, -38.0169112], [145.3820264, -38.016927], [145.3815809, -38.0169877], [145.3813909, -38.0169876], [145.3812456, -38.0170001], [145.381022, -38.0169803], [145.3808025, -38.0168735], [145.3805741, -38.0167418], [145.3804198, -38.0165424], [145.3802079, -38.0163734], [145.3799799, -38.0163269], [145.3797546, -38.016384], [145.3795749, -38.0164368], [145.3795132, -38.0165509], [145.3795212, -38.0167242], [145.3793575, -38.0167888], [145.3791994, -38.0168172], [145.379076, -38.0167855], [145.3789821, -38.0168319], [145.3788829, -38.0169482], [145.3788158, -38.0171067], [145.3786468, -38.0173116], [145.3786415, -38.0175462], [145.3786576, -38.017711], [145.3787622, -38.0178124], [145.3787166, -38.0178505], [145.3786871, -38.0179096], [145.37873, -38.0179963], [145.378848, -38.0180449], [145.3789821, -38.0180681], [145.3790787, -38.0182393], [145.3792316, -38.0183935], [145.3792879, -38.0184464], [145.3794287, -38.018481], [145.3793845, -38.0186196], [145.3793201, -38.0186471], [145.3792235, -38.0186577], [145.3792825, -38.0187591], [145.3792959, -38.0188077], [145.3794086, -38.0188647], [145.3794408, -38.0189472], [145.3793979, -38.0190169], [145.3793228, -38.0190676], [145.3793147, -38.0191225], [145.3794354, -38.0191627], [145.3795591, -38.0191521], [145.379599, -38.0192726], [145.3797461, -38.0194106], [145.3797412, -38.0195346], [145.3796768, -38.0196107], [145.3796878, -38.0196643], [145.3797697, -38.019678], [145.379852, -38.0196507], [145.3799344, -38.0196605], [145.3800404, -38.0197231], [145.3801697, -38.0198932], [145.3802201, -38.0199889], [145.3802123, -38.0200312], [145.3801597, -38.0200501], [145.3800936, -38.0200336], [145.380051, -38.0200492], [145.3800375, -38.0200846], [145.3799715, -38.0201145], [145.3798702, -38.020121], [145.3797969, -38.0200945], [145.3797298, -38.0201349], [145.3796892, -38.0202323], [145.3796252, -38.0202713], [145.3795268, -38.0202908], [145.3794634, -38.0203406], [145.3794347, -38.0205045], [145.3793815, -38.0205666], [145.3792042, -38.0205993], [145.3791051, -38.020677], [145.3790267, -38.0207587], [145.3789294, -38.020786], [145.3788115, -38.0207549], [145.3787666, -38.0207737], [145.3787511, -38.020812], [145.3788108, -38.0210018], [145.378797, -38.0211789], [145.3788294, -38.0213111], [145.3788112, -38.0214076], [145.3787817, -38.0215013], [145.3788571, -38.0216446], [145.3791308, -38.0216801], [145.3791191, -38.0218314], [145.3790398, -38.021903], [145.3789833, -38.0219511], [145.3790114, -38.0220066], [145.3790604, -38.022044], [145.379057, -38.0220869], [145.3789577, -38.022085], [145.3788899, -38.0220418], [145.3787584, -38.0221004], [145.3786587, -38.0221087], [145.3785565, -38.0222216], [145.3785157, -38.0223056], [145.378454, -38.0223593], [145.3783375, -38.0224309], [145.3783493, -38.0225327], [145.3783536, -38.0226405], [145.3784379, -38.0227026], [145.3785377, -38.0226979], [145.3786068, -38.022712], [145.3787022, -38.0228239], [145.3786964, -38.0228819], [145.3785928, -38.0229702], [145.3785673, -38.0231276], [145.3782891, -38.0234587], [145.3781341, -38.0234649], [145.3780112, -38.0234143], [145.3779549, -38.0234234], [145.3779234, -38.0234724], [145.3779444, -38.0235407], [145.3779058, -38.0235726], [145.3777309, -38.0236859], [145.377693, -38.0239609], [145.3775882, -38.0240047], [145.3775169, -38.0240519], [145.3774998, -38.0241361], [145.3775311, -38.024292], [145.3775802, -38.0243336], [145.377699, -38.0243494], [145.3777852, -38.0244174], [145.377838, -38.0245594], [145.3778197, -38.0246219], [145.3779217, -38.0247432], [145.377957, -38.0248576], [145.3779192, -38.0248952], [145.3778244, -38.0248566], [145.3777108, -38.0248257], [145.3777045, -38.0247565], [145.3776595, -38.0247456], [145.3776245, -38.0247527], [145.3775459, -38.0248027], [145.3774237, -38.0247836], [145.3773318, -38.0247397], [145.3772829, -38.0247408], [145.3772384, -38.0247553], [145.37711, -38.0248357], [145.3770923, -38.0249047], [145.3772522, -38.0250072], [145.3773475, -38.0251121], [145.377414, -38.025211], [145.3775268, -38.0253162], [145.3775227, -38.0254754], [145.3774899, -38.0255242], [145.377324, -38.0256623], [145.3770943, -38.0257162], [145.376941, -38.0256936], [145.3766583, -38.0257536], [145.3764793, -38.025753], [145.3764051, -38.0258074], [145.3763581, -38.0258915], [145.3764668, -38.0260101], [145.3763959, -38.0262047], [145.3765164, -38.0262705], [145.3763791, -38.026468], [145.3763677, -38.0266984], [145.3764089, -38.0267074], [145.3764747, -38.0266888], [145.3764988, -38.0266197], [145.3765335, -38.0265946], [145.3765786, -38.0266066], [145.3765871, -38.0267083], [145.3766446, -38.0268128], [145.3766029, -38.0269767], [145.3766766, -38.0271351], [145.3765137, -38.0273273], [145.3763508, -38.0274094], [145.3763571, -38.0275708], [145.3761839, -38.0275409], [145.3760299, -38.0275868], [145.3759979, -38.0278156], [145.375968, -38.0279327], [145.3758926, -38.0280086], [145.3758554, -38.0280349], [145.375791, -38.0281148], [145.3757442, -38.0282439], [145.3756299, -38.0283412], [145.3755529, -38.0283829], [145.375458, -38.0284311], [145.3751598, -38.0285716], [145.3750052, -38.0286921], [145.3749227, -38.028773], [145.3747963, -38.0287389], [145.3746595, -38.0286139], [145.3744976, -38.0286171], [145.3744686, -38.0286734], [145.374506, -38.0288096], [145.3743721, -38.0289017], [145.3743558, -38.0289959], [145.3742906, -38.0290131], [145.3740963, -38.0290132], [145.3740392, -38.0291767], [145.3740764, -38.029255], [145.373925, -38.0293525], [145.3738329, -38.0295657], [145.3739921, -38.0296943], [145.3740308, -38.0297901], [145.3739834, -38.0298395], [145.3738906, -38.0299097], [145.373855, -38.0299997], [145.3739306, -38.0302706], [145.3738818, -38.0303782], [145.3737789, -38.0304225], [145.3735538, -38.0303956], [145.373453, -38.0304177], [145.373327, -38.0305208], [145.3732632, -38.0307912], [145.3733697, -38.0309304], [145.3731135, -38.0311511], [145.3732098, -38.0312397], [145.3734149, -38.0312385], [145.373576, -38.0313169], [145.3735868, -38.0314688], [145.3736107, -38.0316474], [145.3735475, -38.0316877], [145.3734584, -38.0316708], [145.3733092, -38.0316606], [145.3732458, -38.031721], [145.3732445, -38.0318141], [145.3733547, -38.0318175], [145.3733768, -38.0318902], [145.3733058, -38.0319763], [145.3732665, -38.0319798], [145.3732406, -38.0319651], [145.3732369, -38.0319268], [145.3731872, -38.0319167], [145.3731416, -38.0319599], [145.3731214, -38.0320072], [145.3731549, -38.0320483], [145.3732124, -38.0320947], [145.3731988, -38.0321301], [145.3731273, -38.032169], [145.373015, -38.0321877], [145.3729882, -38.0322381], [145.3729845, -38.0323116], [145.372929, -38.0324578], [145.3728696, -38.0325192], [145.3727926, -38.0325407], [145.3726965, -38.0325379], [145.3726078, -38.0325187], [145.3725304, -38.0324637], [145.3724717, -38.0323537], [145.3724685, -38.0322817], [145.3724568, -38.0322299], [145.3724277, -38.032216], [145.3723922, -38.0322229], [145.3723484, -38.0322379], [145.3722645, -38.0322271], [145.3721606, -38.0321905], [145.3721038, -38.0321509], [145.3720585, -38.0321065], [145.3719668, -38.0320836], [145.3719054, -38.0320792], [145.3718492, -38.0320898], [145.3718129, -38.0321158], [145.3717978, -38.0321509], [145.3717598, -38.0322257], [145.3716755, -38.0323283], [145.3715835, -38.0323932], [145.3715142, -38.0324196], [145.3714275, -38.0324203], [145.3713841, -38.0323892], [145.3713509, -38.0323748], [145.3713023, -38.0323695], [145.3712654, -38.0323929], [145.3712151, -38.0324442], [145.3711011, -38.0325126], [145.3710391, -38.0325725], [145.3709906, -38.032655], [145.3709443, -38.032789], [145.3709374, -38.0328644], [145.3709599, -38.0329157], [145.370975, -38.0329655], [145.3709432, -38.0330063], [145.3708883, -38.033038], [145.3707452, -38.0331231], [145.3707058, -38.0331259], [145.3706683, -38.0331076], [145.370651, -38.0330633], [145.3705857, -38.0330186], [145.3704531, -38.032979], [145.3703666, -38.0330006], [145.3703176, -38.0330416], [145.3702801, -38.0330531], [145.3702377, -38.0330357], [145.3702279, -38.0330115], [145.3702367, -38.03296], [145.3702082, -38.0329235], [145.3701226, -38.0328869], [145.3700763, -38.0328731], [145.3700081, -38.032882], [145.3699529, -38.0329146], [145.3698828, -38.0330542], [145.369827, -38.0331318], [145.3697625, -38.0331791], [145.3696921, -38.0332008], [145.369624, -38.0332193], [145.3695816, -38.033241], [145.3695717, -38.0332613], [145.3695736, -38.0333112], [145.369538, -38.0333651], [145.3694807, -38.0333955], [145.3694787, -38.0334277], [145.3695024, -38.0334613], [145.3695044, -38.0334836], [145.3694609, -38.0335125], [145.3694115, -38.0335268], [145.3693917, -38.0335584], [145.3694379, -38.0335967], [145.3695533, -38.0336427], [145.3696308, -38.0336632], [145.3696395, -38.0336906], [145.3696254, -38.0337164], [145.3695083, -38.0337478], [145.3694268, -38.033778], [145.3694288, -38.0338192], [145.369415, -38.0338791], [145.3694309, -38.0339304], [145.3694725, -38.0339661], [145.3694737, -38.0340235], [145.3694492, -38.0340777], [145.3693634, -38.0341278], [145.3693238, -38.0342148], [145.369399, -38.0342711], [145.3695068, -38.0343172], [145.3695381, -38.0343791], [145.3695295, -38.0345192], [145.3695648, -38.0345682], [145.369598, -38.0345955], [145.3696541, -38.0346126], [145.3696989, -38.034703], [145.3696839, -38.0347795], [145.3696135, -38.0348439], [145.3693402, -38.0349814], [145.3692241, -38.0350501], [145.3691593, -38.0351218], [145.369095, -38.0352642], [145.3690307, -38.0353086], [145.368979, -38.0353247], [145.3689013, -38.0353163], [145.3688601, -38.0353251], [145.3688074, -38.0353603], [145.3687538, -38.0354407], [145.3686864, -38.0356132], [145.3686747, -38.0357796], [145.3686041, -38.035953], [145.3685832, -38.0360976], [145.3685408, -38.0361679], [145.3683832, -38.0362767], [145.368324, -38.0363308], [145.3682773, -38.0364577], [145.3682779, -38.0365593], [145.368278, -38.0366348], [145.3683683, -38.0367497], [145.3683739, -38.0368157], [145.3683437, -38.0368848], [145.3682429, -38.036964], [145.3680628, -38.0370403], [145.3678965, -38.0370812], [145.3678271, -38.0371353], [145.3677093, -38.0371736], [145.3676613, -38.0372084], [145.367635, -38.0372657], [145.3676186, -38.0373577], [145.3675537, -38.0374564], [145.3674603, -38.0376097], [145.3674028, -38.0376441], [145.3671839, -38.0376566], [145.3672052, -38.037733], [145.3672122, -38.0377887], [145.3671908, -38.0378367], [145.3671323, -38.0378626], [145.3670689, -38.0378617], [145.3670307, -38.0378287], [145.3670013, -38.0377747], [145.3669809, -38.0377541], [145.3669582, -38.0377503], [145.3669285, -38.037762], [145.3669168, -38.0377728], [145.3668833, -38.0378377], [145.3668537, -38.0378967], [145.3668399, -38.0379797], [145.3667889, -38.0381207], [145.3667169, -38.0382477], [145.3664549, -38.0384247], [145.3662689, -38.0385258], [145.3661499, -38.0386777], [145.3661309, -38.0387798], [145.366134, -38.0388868], [145.3661889, -38.0390078], [145.3662569, -38.0390928], [145.3663079, -38.0392198], [145.366311, -38.0396197], [145.3666079, -38.0398698], [145.366626, -38.0401968], [145.366675, -38.0402728], [145.3667319, -38.0403178], [145.366791, -38.0403948], [145.3668569, -38.0406438], [145.367055, -38.0407968], [145.3670649, -38.0408418], [145.3670579, -38.0408769], [145.3670519, -38.0409068], [145.366998, -38.0410308], [145.366782, -38.0412748], [145.366692, -38.0414478], [145.3666777, -38.0416272], [145.366675, -38.0416618], [145.366708, -38.0418818], [145.3667125, -38.0421269], [145.3667111, -38.0422295], [145.366623, -38.0423928], [145.366488, -38.0426418], [145.366324, -38.0428748], [145.3662655, -38.0429265], [145.3661451, -38.043033], [145.366116, -38.0430588], [145.3656763, -38.0437867], [145.3655195, -38.0439637], [145.3653259, -38.0440842], [145.3651229, -38.044164], [145.3650179, -38.0442553], [145.3649379, -38.0443883], [145.3649087, -38.0444615], [145.3648927, -38.0445216], [145.3648941, -38.0445918], [145.364943, -38.0447334], [145.364975, -38.0448748], [145.364985, -38.0449928], [145.365037, -38.0450658], [145.3652781, -38.0451918], [145.365328, -38.0451978], [145.3654531, -38.0452], [145.3655404, -38.045206], [145.3656153, -38.0452331], [145.365689, -38.0453213], [145.3657481, -38.0454558], [145.3658207, -38.0455454], [145.3659092, -38.0456234], [145.3660671, -38.0457114], [145.3661537, -38.0457491], [145.3662436, -38.0457418], [145.3663457, -38.0456998], [145.3663964, -38.0457068], [145.3664332, -38.0457348], [145.36644, -38.0457749], [145.3663961, -38.0459379], [145.3663929, -38.0460369], [145.3664321, -38.0462309], [145.3664478, -38.0463315], [145.3665139, -38.0465449], [145.366616, -38.0467218], [145.3666499, -38.0468748], [145.366733, -38.0469619], [145.366777, -38.0470499], [145.366773, -38.0470948], [145.366688, -38.0471759], [145.36666, -38.0472299], [145.3666545, -38.0473258], [145.3667061, -38.0474495], [145.3667053, -38.047533], [145.3666701, -38.0476615], [145.3666184, -38.0477786], [145.366487, -38.0480095], [145.3664388, -38.0481189], [145.3664156, -38.0482913], [145.3664234, -38.0484215], [145.3663853, -38.0485296], [145.3661866, -38.0486783], [145.3660333, -38.0489178], [145.365958, -38.0489949], [145.3655562, -38.0491079], [145.3654313, -38.0493049], [145.3653953, -38.0493318], [145.364977, -38.0494679], [145.3646861, -38.0494369], [145.3645752, -38.0494639], [145.3645111, -38.0495149], [145.3644852, -38.0495879], [145.3645151, -38.0497909], [145.3645432, -38.0498479], [145.3646222, -38.0499653], [145.3647505, -38.0500635], [145.3648809, -38.0500977], [145.3649435, -38.0501378], [145.3649959, -38.0502051], [145.3649772, -38.0504498], [145.364934, -38.0505145]]}}, {"type": "Feature", "properties": {"waterbody": "Cardinia Creek", "name": "Cardinia Creek", "city": "Melbourne", "country": "Australia", "osm_id": 182330032}, "geometry": {"type": "LineString", "coordinates": [[145.3920319, -37.9705763], [145.3918767, -37.9706192], [145.3914691, -37.9707293], [145.3910964, -37.9708089], [145.3907548, -37.9708946], [145.3903433, -37.9709068], [145.3901337, -37.9709803], [145.3898853, -37.9709986], [145.3894932, -37.9709833], [145.3891011, -37.9709466], [145.3885848, -37.970916], [145.3881578, -37.9709313], [145.3879093, -37.9710245], [145.38772, -37.97109], [145.38792, -37.9713], [145.38743, -37.97141], [145.38712, -37.97108], [145.38715, -37.97137], [145.38656, -37.97134], [145.38632, -37.97148], [145.38595, -37.97105], [145.38547, -37.97111], [145.38495, -37.97089], [145.38458, -37.97104], [145.38445, -37.97067], [145.38421, -37.97067], [145.38384, -37.97125], [145.38418, -37.97147], [145.38364, -37.97221], [145.38348, -37.97293], [145.38362, -37.97314], [145.38329, -37.97399], [145.38335, -37.97415], [145.3837, -37.974], [145.38387, -37.97433], [145.38343, -37.97473], [145.38276, -37.97471], [145.38269, -37.97496], [145.3822, -37.97483], [145.38206, -37.9745], [145.38158, -37.9745], [145.38127, -37.97415], [145.38094, -37.97443], [145.38072, -37.97438], [145.38056, -37.97404], [145.3801909, -37.973888], [145.37988, -37.97376], [145.37955, -37.97397], [145.37918, -37.97457], [145.37933, -37.97501], [145.37921, -37.97503]]}}, {"type": "Feature", "properties": {"waterbody": "Cardinia Creek", "name": "Cardinia Creek", "city": "Melbourne", "country": "Australia", "osm_id": 247168229}, "geometry": {"type": "LineString", "coordinates": [[145.3747087, -38.059546], [145.3749059, -38.0597921]]}}, {"type": "Feature", "properties": {"waterbody": "Cardinia Creek", "name": "Cardinia Creek", "city": "Melbourne", "country": "Australia", "osm_id": 247168354}, "geometry": {"type": "LineString", "coordinates": [[145.364934, -38.0505145], [145.3648138, -38.050615], [145.3646348, -38.0507376], [145.3645609, -38.0508651], [145.3645237, -38.0510556], [145.3644913, -38.0512742], [145.3644073, -38.0513944], [145.364283, -38.051634], [145.3642596, -38.0517631], [145.364267, -38.0519127], [145.36437, -38.052129], [145.3646668, -38.0524028], [145.3647243, -38.0524152], [145.364809, -38.0523882], [145.3650203, -38.0522868], [145.3651173, -38.0522637], [145.3652623, -38.0522744], [145.3654784, -38.052362], [145.3657472, -38.0524897], [145.366435, -38.052807], [145.366754, -38.0529807], [145.3668167, -38.0529932], [145.3669485, -38.0529552], [145.367087, -38.0529492], [145.3671955, -38.0529674], [145.367263, -38.0530146], [145.3672729, -38.0530609], [145.3672702, -38.0531257], [145.3672097, -38.0531873], [145.3670674, -38.0532286], [145.3669586, -38.0532877], [145.366926, -38.0533537], [145.3668999, -38.0534497], [145.3669013, -38.0535879], [145.3669726, -38.053671], [145.3670851, -38.0537337], [145.3681294, -38.0541296], [145.3683183, -38.0544945], [145.3683869, -38.0547108], [145.3690564, -38.055265], [145.3694856, -38.0554002], [145.3695371, -38.0556705], [145.3700435, -38.056049], [145.3706014, -38.0560625], [145.3707558, -38.0562788], [145.3710219, -38.0567113], [145.3708846, -38.0569343], [145.3706271, -38.057252], [145.37067, -38.0575696], [145.3715702, -38.0579561], [145.3716607, -38.0580686], [145.3714854, -38.0582927], [145.3713233, -38.0585198], [145.3719016, -38.0590958], [145.372166, -38.0590482], [145.3723733, -38.0591681], [145.372975, -38.0593512], [145.3731033, -38.0591185], [145.3733048, -38.0590093], [145.3735778, -38.0590814], [145.3735804, -38.0592575], [145.3737666, -38.0593995], [145.3738865, -38.0593688], [145.3740394, -38.0592208], [145.3741657, -38.0592126], [145.3742999, -38.0593019], [145.3743251, -38.059334], [145.3743702, -38.0593646]]}}, {"type": "Feature", "properties": {"waterbody": "Cockatoo Creek", "name": "Cockatoo Creek", "city": "Melbourne", "country": "Australia", "osm_id": 48839819}, "geometry": {"type": "LineString", "coordinates": [[145.489218, -37.9368891], [145.4892745, -37.9367939], [145.4892879, -37.9364702], [145.4893898, -37.9362925], [145.4895454, -37.9362185], [145.4896498, -37.9360365], [145.4895534, -37.9357996], [145.4897174, -37.935669], [145.4897383, -37.9356156], [145.4897958, -37.9354725], [145.489848, -37.9353138], [145.4898028, -37.934708], [145.4899611, -37.9345726], [145.4899852, -37.9345113], [145.4900092, -37.934488], [145.4901006, -37.9344542], [145.490114, -37.9343547], [145.4901623, -37.9342532], [145.4901515, -37.9341157], [145.4902345, -37.9340459], [145.4901328, -37.9339676], [145.4900469, -37.9335445], [145.4900822, -37.9334796], [145.4900123, -37.9333829], [145.4900178, -37.9333238], [145.4901002, -37.9332724], [145.4901143, -37.9332321], [145.4899395, -37.9322963], [145.4899127, -37.9322477], [145.4898377, -37.9322117], [145.4898377, -37.9321927], [145.4898751, -37.9321567], [145.4899128, -37.9320911], [145.4900403, -37.9318209], [145.4900035, -37.9313758]]}}, {"type": "Feature", "properties": {"waterbody": "Cockatoo Creek", "name": "Cockatoo Creek", "city": "Melbourne", "country": "Australia", "osm_id": 147109045}, "geometry": {"type": "LineString", "coordinates": [[145.4913717, -37.9270235], [145.4916859, -37.9269024], [145.4919559, -37.9267234], [145.4924116, -37.9264592], [145.4924916, -37.9264332], [145.4926516, -37.9261342], [145.4935405, -37.9257432], [145.4937796, -37.9255882], [145.4938285, -37.9255362], [145.4940656, -37.9250142], [145.4942837, -37.9247296], [145.4948739, -37.9238968], [145.4950965, -37.9237301], [145.4954603, -37.923593]]}}, {"type": "Feature", "properties": {"waterbody": "Cockatoo Creek", "name": "Cockatoo Creek", "city": "Melbourne", "country": "Australia", "osm_id": 256524415}, "geometry": {"type": "LineString", "coordinates": [[145.4954603, -37.923593], [145.4959138, -37.9234313], [145.4962163, -37.9233383], [145.4962461, -37.9233229], [145.49626, -37.9233019], [145.4962605, -37.9232721], [145.4962466, -37.9232368], [145.4962439, -37.9232166], [145.4962563, -37.9232002], [145.4962805, -37.9231792], [145.4963008, -37.923162], [145.4963122, -37.9231463], [145.4963198, -37.9231203], [145.4963295, -37.9230952], [145.4963501, -37.9230831], [145.4965697, -37.9230287], [145.4970263, -37.9228873], [145.4975001, -37.922698], [145.4977933, -37.9226643], [145.4979315, -37.9226481], [145.4980165, -37.9226081], [145.4981585, -37.9225801], [145.4983623, -37.9227411], [145.4985122, -37.9226855], [145.4986944, -37.9224979], [145.4988773, -37.9223646], [145.4989575, -37.9223019], [145.4992818, -37.9222288], [145.4994235, -37.9222445], [145.4995269, -37.9222429], [145.4996021, -37.922198], [145.4996613, -37.9221314], [145.4997036, -37.9219913], [145.499735, -37.9217929], [145.4999725, -37.9214401], [145.5002275, -37.9213251], [145.5004135, -37.9212121], [145.5005105, -37.9210341], [145.5004955, -37.92008], [145.5005775, -37.919865], [145.5005895, -37.919464], [145.5007615, -37.919168], [145.5007265, -37.918859], [145.5006004, -37.918607], [145.5005675, -37.918099], [145.5006364, -37.917912], [145.5006595, -37.917754], [145.5005735, -37.917394], [145.5007865, -37.916884], [145.5007455, -37.916653], [145.5004854, -37.916228], [145.5002624, -37.916005], [145.5002274, -37.915858], [145.5001554, -37.915657], [145.4998414, -37.915323], [145.4998054, -37.915103], [145.4998014, -37.914922], [145.4997514, -37.914762], [145.4997174, -37.914495], [145.4994774, -37.914137], [145.4994594, -37.91363], [145.4993544, -37.913039], [145.4989574, -37.912441], [145.4987024, -37.912225], [145.4980964, -37.911139], [145.4980364, -37.910993], [145.4978314, -37.910781], [145.4977304, -37.910709], [145.4973064, -37.910501], [145.4972734, -37.910467], [145.4971684, -37.910187], [145.4970214, -37.910025], [145.4970364, -37.909855], [145.4973524, -37.909467], [145.4977224, -37.908661], [145.4980204, -37.908297], [145.4982284, -37.907707], [145.4982504, -37.907402], [145.4983564, -37.907045], [145.4984874, -37.906873], [145.4987044, -37.906661], [145.4990714, -37.9061], [145.4991744, -37.9060159], [145.4993324, -37.906011], [145.4994424, -37.9060379], [145.4997644, -37.906287], [145.5002754, -37.906215], [145.5003894, -37.9062269], [145.5007494, -37.9064369], [145.5010374, -37.9069069], [145.5013194, -37.9070059], [145.5016564, -37.9068139], [145.5019483, -37.9063569], [145.5024333, -37.9060919], [145.5027983, -37.9055209], [145.5035983, -37.9050469], [145.5043253, -37.9044769], [145.5046653, -37.9043099], [145.5051983, -37.9039079], [145.5054923, -37.9032228], [145.5054953, -37.9028218], [145.5054473, -37.9026698], [145.5050893, -37.9021338], [145.5050903, -37.9019818], [145.5052123, -37.9017908], [145.5057943, -37.9012208], [145.5066903, -37.9008238], [145.5075392, -37.9000828], [145.5077282, -37.8998348], [145.5081702, -37.8993608], [145.5084872, -37.8988658], [145.5091432, -37.8982588], [145.5092691, -37.8980257], [145.5096292, -37.8977448], [145.5097992, -37.8975928], [145.5101612, -37.8974418], [145.5111762, -37.8972358], [145.5116122, -37.8970077], [145.5120741, -37.8964757], [145.5125591, -37.8960387], [145.5136972, -37.8955277], [145.5137701, -37.8954327], [145.5137241, -37.8950507], [145.5138461, -37.8948227], [145.5140641, -37.8946327], [145.5144521, -37.8944247], [145.5150341, -37.8938917], [145.5156381, -37.8936467], [145.5161231, -37.8933427], [145.517066, -37.8930407], [145.517623, -37.8926996], [145.518084, -37.8923197], [145.51852, -37.8920536], [145.519104, -37.8912926], [145.519298, -37.8911606], [145.519757, -37.8909906], [145.52017, -37.8904766], [145.520413, -37.8902866], [145.520993, -37.8900216], [145.5211149, -37.8898126], [145.5211439, -37.8890876], [145.5212919, -37.8885926], [145.5215119, -37.8881736], [145.5219239, -37.8878126], [145.5225299, -37.8873946], [145.5233268, -37.8871686], [145.5240508, -37.8871526], [145.5251838, -37.8873085], [145.5255948, -37.8872905], [145.5259808, -37.8871205], [145.5264958, -37.8858065], [145.5269338, -37.8852735], [145.5268877, -37.8849115], [145.5265048, -37.8844135], [145.5258837, -37.8832675], [145.5259348, -37.8829435], [145.5260807, -37.8826965], [145.5263957, -37.8824875], [145.5266137, -37.8822595], [145.5266877, -37.8820885], [145.5266647, -37.8818965], [145.5265207, -37.8816484], [145.5265227, -37.8814195], [145.5267407, -37.8812104], [145.5270557, -37.8810974], [145.5272007, -37.8809074], [145.5271537, -37.8807544], [145.5268897, -37.8805814], [145.5268177, -37.8804474], [145.5269177, -37.8798954], [145.5267276, -37.8793604], [145.5268756, -37.8789034], [145.5270457, -37.8786374], [145.5276536, -37.8779334], [145.5282106, -37.8775534], [145.5284296, -37.8773064], [145.5285536, -37.8766774], [145.5287726, -37.8763734], [145.5289446, -37.8758584], [145.5289476, -37.8753814], [145.5288756, -37.8751914], [145.5287566, -37.8749994], [145.5283006, -37.8745784], [145.5282296, -37.8743684], [145.5282312, -37.8741663], [145.5282316, -37.8741204], [145.5284115, -37.8735043], [145.5284975, -37.8727413], [145.5285015, -37.8718113], [145.5283065, -37.8708663], [145.5280365, -37.8702534], [145.5277545, -37.8698394], [145.5272525, -37.8694204], [145.5267005, -37.8690864], [145.5264855, -37.8688174], [145.5263175, -37.8684694], [145.5262765, -37.8680804], [145.5263845, -37.8674884], [145.5263714, -37.8666884], [145.5265164, -37.8659774], [145.5265464, -37.8655494], [145.5265444, -37.8653974], [145.5264964, -37.8649294], [145.5264504, -37.8646264], [145.5265364, -37.8643764], [145.526654, -37.8640711], [145.5267964, -37.8638344], [145.5267874, -37.8636204], [145.5267354, -37.8634624], [145.5265205, -37.8632299], [145.5258942, -37.8627027], [145.5257746, -37.862602], [145.5255211, -37.8624553], [145.5252285, -37.8621378], [145.5250342, -37.8619195], [145.5249938, -37.8616573], [145.5250358, -37.8613967], [145.5252718, -37.8611724], [145.5255298, -37.8610338], [145.5257023, -37.8609203], [145.5257928, -37.8607853], [145.5257767, -37.860654], [145.5256534, -37.8605862], [145.5255675, -37.8605566], [145.5254441, -37.860402], [145.5251758, -37.8601336], [145.5247709, -37.8600441]]}}, {"type": "Feature", "properties": {"waterbody": "Cockatoo Creek", "name": "Cockatoo Creek", "city": "Melbourne", "country": "Australia", "osm_id": 256524982}, "geometry": {"type": "LineString", "coordinates": [[145.4900035, -37.9313758], [145.489976, -37.9310424], [145.489976, -37.9303823], [145.4897828, -37.9298407], [145.489976, -37.9294683], [145.4898687, -37.9289944], [145.4902764, -37.9288083], [145.4903622, -37.927962], [145.4906437, -37.927476], [145.4911776, -37.9271326], [145.4913717, -37.9270235]]}}, {"type": "Feature", "properties": {"waterbody": "Cockatoo Creek", "name": "Cockatoo Creek", "city": "Melbourne", "country": "Australia", "osm_id": 291052746}, "geometry": {"type": "LineString", "coordinates": [[145.51913, -37.85775], [145.5189234, -37.8574955], [145.5187484, -37.8573515], [145.5186074, -37.8572665], [145.5183514, -37.8572075], [145.5179214, -37.8572385], [145.5176444, -37.8572355], [145.5174354, -37.8572075], [145.5171692, -37.8571234], [145.5171064, -37.8571035], [145.5167964, -37.8566485], [145.5166634, -37.8562725], [145.5166605, -37.8561688], [145.5166534, -37.8559165], [145.5167154, -37.8557255], [145.5166944, -37.8555345], [145.5165474, -37.8553715], [145.5164584, -37.8550505], [145.5162234, -37.8547265], [145.5157824, -37.8542845], [145.5155864, -37.8541925], [145.5153254, -37.8541125], [145.5149564, -37.8541435], [145.5141414, -37.8543515], [145.5137724, -37.8543095], [145.5136281, -37.8542421], [145.5133574, -37.8541155], [145.5132224, -37.8539645], [145.5128024, -37.8533365], [145.5124504, -37.8530225], [145.5122074, -37.8529515], [145.5121014, -37.8529575], [145.5116874, -37.8531045], [145.5114814, -37.8532505], [145.5111904, -37.8534035], [145.5110914, -37.8534385], [145.5107034, -37.8534685], [145.5105324, -37.8533995], [145.5103934, -37.8533195], [145.5102984, -37.8532085], [145.5102224, -37.8530865], [145.5101624, -37.8529465], [145.5101064, -37.8527375], [145.5100144, -37.8524765], [145.5099794, -37.8524295], [145.5098494, -37.8523145], [145.5096154, -37.8522195], [145.5092484, -37.8522596], [145.5091405, -37.8522925], [145.5088935, -37.8524335], [145.5087635, -37.8525386], [145.5085005, -37.8526995], [145.5083565, -37.8527705], [145.5081205, -37.8527725], [145.5077795, -37.8527065], [145.5076865, -37.8526795], [145.5072715, -37.8524456], [145.5068619, -37.8520926], [145.5059845, -37.8513366], [145.5056005, -37.8510315], [145.5051075, -37.8507705], [145.5048935, -37.8506865], [145.5045595, -37.8506105], [145.5040625, -37.8506365], [145.5030526, -37.8508036], [145.5027926, -37.8508316], [145.5023446, -37.8507906], [145.5017786, -37.8506106], [145.5006906, -37.8500196], [145.5003536, -37.8496856], [145.5000646, -37.8492416], [145.4997006, -37.8489816], [145.4994566, -37.8488386], [145.4988846, -37.8483416], [145.4985269, -37.8478524], [145.4984959, -37.8475127], [145.4984316, -37.8471678], [145.4980796, -37.8467704], [145.4978266, -37.8467286], [145.4975588, -37.8464531], [145.4974096, -37.8462996], [145.4972667, -37.8461911], [145.496092, -37.8452995], [145.4958076, -37.8450836], [145.4955207, -37.8447221], [145.4954426, -37.8446236], [145.4946926, -37.8441476], [145.4946352, -37.8440885], [145.4945936, -37.8440456], [145.4945096, -37.8439096], [145.4944356, -37.8436736], [145.4944116, -37.8435106], [145.4944026, -37.8432436], [145.4944126, -37.8431806], [145.4941126, -37.8428136], [145.4934046, -37.8422036], [145.4933588, -37.8421353], [145.4932536, -37.8419786], [145.4932516, -37.8418716], [145.4933006, -37.8417036], [145.4933586, -37.8415946], [145.4937946, -37.8413606], [145.4939406, -37.8411976], [145.4942266, -37.8402966], [145.4945076, -37.8397966], [145.4946576, -37.8396506], [145.4948516, -37.8394936], [145.4955215, -37.8391086], [145.4958395, -37.8387316], [145.4958965, -37.8382816], [145.4956585, -37.8376996], [145.4956815, -37.8374236], [145.4958595, -37.8372346], [145.4963455, -37.8369086], [145.4965715, -37.8366496], [145.4967185, -37.8364086], [145.4968205, -37.8359806], [145.4970655, -37.8354346], [145.4970395, -37.8351646], [145.4970275, -37.8347416], [145.4970404, -37.8346076], [145.4973564, -37.8339376], [145.4974034, -37.8336616], [145.4973064, -37.8334186], [145.4971929, -37.8332765], [145.4968894, -37.8328966], [145.4968454, -37.8327636], [145.4968004, -37.8324706], [145.4967954, -37.8322666], [145.4969114, -37.8320196], [145.4973254, -37.8315096], [145.4973754, -37.8314006], [145.4973994, -37.8311906], [145.4974434, -37.8309736], [145.4979934, -37.8304746], [145.4980294, -37.8304096], [145.4980334, -37.8302896], [145.4979954, -37.8301536], [145.4976434, -37.8297466], [145.4976114, -37.8296116], [145.4976014, -37.8294866], [145.4976884, -37.8292846], [145.4980034, -37.8289366], [145.4989244, -37.8281965], [145.4990223, -37.8280146], [145.4990353, -37.8279566], [145.4990423, -37.8278856], [145.4990143, -37.8275206], [145.4990323, -37.8273746], [145.4991153, -37.8272336], [145.4992003, -37.8271326], [145.4994293, -37.8269816], [145.5003623, -37.8265796], [145.5013052, -37.8259615], [145.5014492, -37.8259035], [145.5013678, -37.8256456], [145.5014784, -37.8255019]]}}, {"type": "Feature", "properties": {"waterbody": "Cockatoo Creek", "name": "Cockatoo Creek", "city": "Melbourne", "country": "Australia", "osm_id": 1178281126}, "geometry": {"type": "LineString", "coordinates": [[145.5247709, -37.8600441], [145.5245134, -37.8598408], [145.5243579, -37.8596037], [145.524331, -37.8595105], [145.5243003, -37.8594625], [145.5240869, -37.8593707], [145.5240414, -37.8592204], [145.5239877, -37.8591568], [145.523799, -37.8591397], [145.5237524, -37.8589294]]}}, {"type": "Feature", "properties": {"waterbody": "Cockatoo Creek", "name": "Cockatoo Creek", "city": "Melbourne", "country": "Australia", "osm_id": 1178281127}, "geometry": {"type": "LineString", "coordinates": [[145.5237524, -37.8589294], [145.523698, -37.858962], [145.523635, -37.8589144], [145.5236283, -37.8588222], [145.5235889, -37.8587178], [145.5233896, -37.8586211], [145.5232684, -37.8585219], [145.5232099, -37.8584178], [145.5232447, -37.8583521], [145.5232716, -37.8582907], [145.5232152, -37.8582547], [145.5230469, -37.8582303], [145.5228884, -37.8581325], [145.5227183, -37.8579985], [145.5225693, -37.8579055], [145.5224073, -37.8578695], [145.5219253, -37.8578685], [145.5218044, -37.8578475], [145.5213553, -37.8576985], [145.5210783, -37.8577115], [145.5206693, -37.8577995], [145.5205044, -37.8578515], [145.5204334, -37.8578835], [145.5199234, -37.8582185], [145.5197394, -37.8580985], [145.5193914, -37.8580445], [145.51913, -37.85775]]}}, {"type": "Feature", "properties": {"waterbody": "Cockatoo Creek", "name": "Cockatoo Creek", "city": "Melbourne", "country": "Australia", "osm_id": 1178281175}, "geometry": {"type": "LineString", "coordinates": [[145.5137724, -37.8543095], [145.5135566, -37.854322], [145.5133447, -37.8543771], [145.5131596, -37.8544449], [145.5130309, -37.8544682], [145.5128807, -37.8544682], [145.5127707, -37.854519], [145.51265, -37.8546058], [145.512532, -37.8546651], [145.5121887, -37.8548579], [145.5118775, -37.8550675], [145.5116522, -37.8551649], [145.5115101, -37.8551861], [145.5113384, -37.8551946], [145.5112043, -37.8551819], [145.5109039, -37.8552327], [145.5107591, -37.8552433], [145.5106196, -37.8552263], [145.5104345, -37.8551734], [145.5102789, -37.855148], [145.5101985, -37.8551141], [145.5100831, -37.8550124], [145.5100375, -37.854968], [145.5100054, -37.8549256], [145.5099088, -37.8548473], [145.5097827, -37.8547541], [145.5096352, -37.8546736], [145.5094635, -37.8546884], [145.5093536, -37.8547265], [145.5092061, -37.8547689], [145.5091283, -37.8547774], [145.508911, -37.8547308], [145.5086428, -37.854699], [145.5083853, -37.8545677], [145.5082029, -37.8545126], [145.5078596, -37.8544957], [145.5076718, -37.8543136], [145.5075377, -37.8542373], [145.5074841, -37.8542119], [145.5072534, -37.854034], [145.5071193, -37.8538561], [145.5070174, -37.8535639], [145.5069905, -37.8533267], [145.506953, -37.85317], [145.5069154, -37.8529243], [145.5069101, -37.8526532], [145.5068403, -37.8524668], [145.5068242, -37.8523736], [145.5068619, -37.8520926]]}}, {"type": "Feature", "properties": {"waterbody": "Cockatoo Creek", "name": "Cockatoo Creek", "city": "Melbourne", "country": "Australia", "osm_id": 1499605391}, "geometry": {"type": "LineString", "coordinates": [[145.5014784, -37.8255019], [145.5014882, -37.825432], [145.5014415, -37.8253699], [145.5013875, -37.8253097], [145.501353, -37.825234], [145.5013875, -37.8251602], [145.5014169, -37.8250806], [145.5013875, -37.8250146], [145.5013235, -37.824999], [145.501326, -37.8249485], [145.5013801, -37.8248942], [145.5013506, -37.8248592], [145.5013137, -37.8248476], [145.5012056, -37.8248515], [145.5011564, -37.8248262], [145.5011195, -37.8247486], [145.5010974, -37.824667], [145.5010802, -37.8246437], [145.5009991, -37.8246825], [145.5009253, -37.8247], [145.5008909, -37.8246554], [145.5008909, -37.8245796], [145.5009204, -37.8245136], [145.5009868, -37.8244476], [145.5010212, -37.8243797], [145.5009548, -37.8243447], [145.5009131, -37.8243389], [145.5008811, -37.824302], [145.5008737, -37.8242399], [145.5009573, -37.8241234], [145.5010015, -37.8240807], [145.5009081, -37.8240146], [145.5008737, -37.8239603], [145.5008614, -37.8238846], [145.500859, -37.823836], [145.5008811, -37.8237914], [145.5009327, -37.8237506], [145.5009696, -37.8236807], [145.5008639, -37.8235526], [145.5008147, -37.8234535], [145.5008467, -37.8233662], [145.501004, -37.823306], [145.5010777, -37.8232535], [145.5011638, -37.8231079], [145.5011515, -37.8229778], [145.5011834, -37.8228963], [145.5012449, -37.8227779], [145.5012793, -37.8226652], [145.5012793, -37.8225856], [145.5013063, -37.8222187], [145.5013752, -37.8220711], [145.5014243, -37.8219158], [145.5015325, -37.8218459], [145.501621, -37.8217177], [145.501621, -37.8214187], [145.5017045, -37.8212478], [145.5018127, -37.8212051], [145.5018569, -37.821042], [145.5018127, -37.8208246], [145.5018569, -37.8207119], [145.5020044, -37.8206576], [145.5020978, -37.8205993], [145.5021371, -37.8204945], [145.5021027, -37.8203197], [145.5021126, -37.8201916], [145.5023387, -37.8200828], [145.5025206, -37.8199896], [145.5026042, -37.8198615], [145.5025894, -37.8197411], [145.5026632, -37.8196634], [145.5027861, -37.8195469], [145.5027664, -37.8194071], [145.5026927, -37.8191897], [145.5026386, -37.8190266], [145.5026386, -37.8188246], [145.5025403, -37.818545], [145.5023534, -37.8183353], [145.5022846, -37.8182227], [145.5022256, -37.8181334], [145.502147, -37.8180479], [145.5019995, -37.8180324], [145.5017439, -37.817978], [145.5016013, -37.8178693], [145.5015472, -37.8177373], [145.501616, -37.8175975], [145.50168, -37.8175159], [145.5016455, -37.8173722], [145.5015915, -37.8172751], [145.5016898, -37.8172169], [145.5016603, -37.8171314], [145.5014931, -37.8170771], [145.5014145, -37.8170382], [145.5014636, -37.8169683], [145.5015915, -37.816914], [145.501734, -37.8169062], [145.5018815, -37.8169994], [145.5020339, -37.8170693], [145.5022011, -37.8170538], [145.5022207, -37.8169528], [145.5021421, -37.8168712], [145.5020388, -37.8167974], [145.5019847, -37.8167042], [145.5021224, -37.8166576], [145.5022404, -37.8165489], [145.5022207, -37.816479], [145.5021224, -37.8163897], [145.5021273, -37.8163159], [145.5021863, -37.8162771], [145.5023584, -37.816312], [145.5025206, -37.8162382], [145.5025698, -37.816145], [145.5025108, -37.8160518], [145.5024616, -37.815978], [145.5024911, -37.815877], [145.5025599, -37.8158499], [145.5025992, -37.8157838], [145.5025796, -37.8157178], [145.5026189, -37.8156363], [145.50285, -37.8155431], [145.5029188, -37.8153566], [145.5029974, -37.8152596], [145.5031253, -37.8151858], [145.503258, -37.8151508], [145.5033711, -37.815077], [145.5035087, -37.8149955], [145.503784, -37.8148751], [145.5039413, -37.8148518], [145.5041429, -37.8148945], [145.5042215, -37.8148557], [145.5042363, -37.8147353], [145.5043346, -37.8146848], [145.5043911, -37.8146421], [145.5044424, -37.814611]]}}, {"type": "Feature", "properties": {"waterbody": "Cockatoo Creek", "name": "Cockatoo Creek", "city": "Melbourne", "country": "Australia", "osm_id": 1499605392}, "geometry": {"type": "LineString", "coordinates": [[145.5044424, -37.814611], [145.5044477, -37.8145353], [145.5045435, -37.8144809], [145.5046468, -37.814411], [145.5047082, -37.8142809], [145.5047421, -37.8141317], [145.5047598, -37.8140323], [145.5048803, -37.8139527], [145.5050523, -37.8138692], [145.5051802, -37.8137624], [145.5052146, -37.813675], [145.5051089, -37.813631], [145.505096, -37.8135571]]}}, {"type": "Feature", "properties": {"waterbody": "Watts River", "name": "Watts River", "city": "Melbourne", "country": "Australia", "osm_id": 146976716}, "geometry": {"type": "LineString", "coordinates": [[145.5499547, -37.6411138], [145.5492689, -37.6418019], [145.5495455, -37.6422078], [145.549574, -37.6423223], [145.5495583, -37.6424873], [145.5494712, -37.6428249], [145.549423, -37.6431377], [145.5493398, -37.6433798], [145.5491295, -37.6435502], [145.5487724, -37.6437711], [145.548287, -37.6439042], [145.5477617, -37.6439263], [145.5474992, -37.643917], [145.5473062, -37.6438106], [145.5472039, -37.6435874], [145.5472131, -37.6433258], [145.5473661, -37.6430776], [145.5474993, -37.6428269], [145.5475159, -37.6425876], [145.5474121, -37.6424306], [145.5471881, -37.6423056], [145.5468801, -37.6422656], [145.5465948, -37.642326], [145.546377, -37.6424605], [145.5462578, -37.6426025], [145.5461809, -37.6427179], [145.5461387, -37.6428421], [145.5460812, -37.6429481], [145.5459606, -37.6430293], [145.5457977, -37.6430863], [145.5455761, -37.643083], [145.5452504, -37.6430663], [145.5448307, -37.6430672], [145.5437619, -37.6427982], [145.543316, -37.6427758], [145.5432239, -37.6432914], [145.5428983, -37.6435156], [145.5427001, -37.6434035], [145.5426364, -37.6430896], [145.5423745, -37.6428318], [145.5420489, -37.6426917], [145.5417092, -37.6425852], [145.541603, -37.6423442], [145.5416313, -37.641638], [145.5411783, -37.641027], [145.5403647, -37.6406874], [145.5399328, -37.6406896], [145.5394016, -37.6407972], [145.5391029, -37.6409881], [145.5388169, -37.6413715], [145.5388063, -37.6416184], [145.5391593, -37.6420999], [145.5391959, -37.6422342], [145.5391263, -37.6423277], [145.5386934, -37.6424654], [145.5384177, -37.6424899], [145.5382167, -37.6424242], [145.5379547, -37.6422637], [145.5376815, -37.6419266], [145.5375276, -37.6416295], [145.5372354, -37.6409921], [145.537039, -37.6406883], [145.5367744, -37.64053], [145.5362712, -37.6403578], [145.5356297, -37.640214], [145.5348764, -37.6401645], [145.5344337, -37.6402217], [145.5340556, -37.6402706], [145.5338283, -37.640369], [145.5335508, -37.6406788], [145.5333819, -37.6409181], [145.5332298, -37.640983], [145.5328554, -37.6409747], [145.532548, -37.6410443], [145.5323093, -37.6409781], [145.5321512, -37.6408443], [145.5321281, -37.6406379], [145.532175, -37.640182], [145.5320837, -37.6399583], [145.5319627, -37.639856], [145.5316557, -37.6397632], [145.5315401, -37.6398526], [145.5314182, -37.6402217], [145.5312498, -37.6403776], [145.5309129, -37.6405829], [145.5300379, -37.6405146], [145.529673, -37.6404504], [145.5294793, -37.6403297], [145.5294693, -37.6401759], [145.5295696, -37.6398607], [145.5295972, -37.6397367], [145.5294823, -37.6395925], [145.5293477, -37.6395192], [145.5290966, -37.6395205], [145.5288548, -37.639568], [145.5285744, -37.6397384], [145.5284286, -37.6397804], [145.5282667, -37.6397126], [145.5280457, -37.6396069], [145.5279439, -37.6394278], [145.5279674, -37.6391581], [145.5278876, -37.6390417], [145.5276311, -37.6389492], [145.527231, -37.6389199], [145.5269819, -37.638845], [145.5267596, -37.6386799], [145.5265203, -37.6381608], [145.5265459, -37.6380603], [145.5267561, -37.6378338], [145.5267366, -37.6377531], [145.5266044, -37.6376794], [145.5263391, -37.6375869], [145.5254815, -37.6373925], [145.525014, -37.6372744], [145.5245493, -37.6370917], [145.52426, -37.6369192], [145.5242513, -37.6367837], [145.5242986, -37.6366173], [145.5242188, -37.636516], [145.5240519, -37.636528], [145.5239661, -37.6366547], [145.5238699, -37.6368969], [145.5236966, -37.636993], [145.5234874, -37.6369656], [145.5231554, -37.6369957], [145.5229466, -37.6370748], [145.5225585, -37.6370323], [145.522211, -37.6371822], [145.5219436, -37.6374376], [145.5216368, -37.6379086], [145.5214479, -37.638231], [145.5218423, -37.6384847], [145.5221134, -37.6387872], [145.5229515, -37.6386213], [145.5230008, -37.6391776], [145.5222983, -37.6392947], [145.5213616, -37.6390507], [145.5211028, -37.6386506], [145.5207701, -37.6389727], [145.5213986, -37.6396168], [145.5226187, -37.6402023], [145.5230994, -37.6404756], [145.5230377, -37.640905], [145.5220395, -37.6411782], [145.5218423, -37.6408757], [145.5218793, -37.6405048], [145.5213616, -37.6403585], [145.5206468, -37.6405439], [145.5201169, -37.6407098], [145.5205236, -37.640905], [145.5212507, -37.6407], [145.5214972, -37.6410904], [145.5213616, -37.6415686], [145.5209303, -37.641715], [145.5209426, -37.6420077], [145.5214972, -37.6425347], [145.5214602, -37.6427689], [145.520918, -37.6427299], [145.5203264, -37.6424664], [145.5193812, -37.6424243], [145.5190739, -37.6426075], [145.5189091, -37.6428762], [145.5196116, -37.6434032], [145.5200032, -37.6434816], [145.5200261, -37.6436333], [145.5199188, -37.6437374], [145.5196856, -37.6438131], [145.5189831, -37.6435984], [145.5185887, -37.6431007], [145.5183819, -37.6428092], [145.5183417, -37.642771], [145.5182236, -37.6428029], [145.5181771, -37.6428573], [145.5181943, -37.6435984], [145.5179848, -37.6441839], [145.5175411, -37.6442717], [145.5175288, -37.6445547], [145.5178857, -37.6446039], [145.5180957, -37.6445255], [145.5188968, -37.6439595], [145.519476, -37.6440668], [145.5197632, -37.6441749], [145.519833, -37.6442683], [145.519747, -37.6443929], [145.5190324, -37.6449158], [145.5182929, -37.6455989], [145.5179109, -37.6456965], [145.5174672, -37.6452768], [145.5173573, -37.6451285], [145.5172312, -37.6451093], [145.5169496, -37.6452183], [145.5171322, -37.6459429], [145.5174432, -37.6465786], [145.5178483, -37.6471829], [145.5179128, -37.6472425], [145.5179331, -37.6474195], [145.5177379, -37.6475612], [145.5176272, -37.647683], [145.5177771, -37.6480172], [145.5180876, -37.6481245], [145.518527, -37.6481176], [145.5186039, -37.6482854], [145.5184733, -37.6485084], [145.5182542, -37.6486982], [145.5181933, -37.648926], [145.5185136, -37.6492639], [145.5184733, -37.6497741], [145.5183465, -37.6499627]]}}, {"type": "Feature", "properties": {"waterbody": "Watts River", "name": "Watts River", "city": "Melbourne", "country": "Australia", "osm_id": 1156849759}, "geometry": {"type": "LineString", "coordinates": [[145.5183465, -37.6499627], [145.5181787, -37.6501033], [145.5181994, -37.6507672], [145.5180997, -37.6509028]]}}, {"type": "Feature", "properties": {"waterbody": "Watts River", "name": "Watts River", "city": "Melbourne", "country": "Australia", "osm_id": 1156849762}, "geometry": {"type": "LineString", "coordinates": [[145.5132148, -37.6536759], [145.5128836, -37.653707], [145.512272, -37.6532993], [145.5117141, -37.652968], [145.5113894, -37.6528226], [145.5111831, -37.6528066], [145.511078, -37.6528614], [145.5109978, -37.6529457], [145.5110031, -37.6531836], [145.5110597, -37.653329], [145.5109095, -37.6535371], [145.5104019, -37.6536978], [145.5103537, -37.6536841], [145.5102657, -37.6536136], [145.5104266, -37.6531591], [145.5108075, -37.6526112], [145.510987, -37.6523257], [145.5110522, -37.6521883], [145.5110353, -37.6520411], [145.510905, -37.6519993], [145.5107378, -37.6519997], [145.510295, -37.6523342], [145.5100214, -37.6523554], [145.5096596, -37.652365], [145.5094314, -37.6525253], [145.5091929, -37.6529425], [145.5088788, -37.652933], [145.5086857, -37.6526824], [145.5083853, -37.652589], [145.5082004, -37.6526622], [145.508042, -37.6534894], [145.5078864, -37.653621], [145.507527, -37.6535828], [145.5070442, -37.6533917], [145.5067813, -37.6534214], [145.5068135, -37.6535786], [145.5069905, -37.653689], [145.5070388, -37.6538037], [145.5068886, -37.6539905], [145.5066901, -37.654033], [145.5064999, -37.6539066], [145.5063361, -37.6528608], [145.5060869, -37.6526282], [145.50547, -37.6527047], [145.5051398, -37.6531793], [145.5049735, -37.6531708], [145.5046946, -37.6530137], [145.5045795, -37.6527642], [145.5042493, -37.6528735], [145.5040079, -37.6530349], [145.5035037, -37.6534851], [145.5032408, -37.6534554], [145.5028814, -37.6531539], [145.502474, -37.6531241], [145.5017373, -37.653114], [145.5016597, -37.6531187], [145.5016374, -37.6531258], [145.5014316, -37.6531912], [145.5013127, -37.6532827], [145.500977, -37.6534609], [145.500431, -37.6537984], [145.4998452, -37.6543612], [145.4995305, -37.6544879], [145.4993828, -37.6545054], [145.4990527, -37.6543784], [145.4986328, -37.6544067], [145.4984611, -37.6544705], [145.4982997, -37.6544654], [145.4981205, -37.6544981], [145.4979996, -37.6545971], [145.4979173, -37.6546462], [145.4978807, -37.6547584], [145.4978735, -37.6547803], [145.4977262, -37.6551861], [145.4976422, -37.6554236], [145.4975231, -37.6555897], [145.4974821, -37.6558019], [145.4974023, -37.6560203], [145.4972013, -37.6561677], [145.4970811, -37.6562341], [145.4969236, -37.656292], [145.4968169, -37.6563052], [145.4966976, -37.6562923], [145.4963636, -37.6562436], [145.4961377, -37.6562822], [145.4961079, -37.6563008], [145.4960015, -37.6564071], [145.4957494, -37.6566088], [145.4954858, -37.6570107], [145.4953176, -37.6570547], [145.4952022, -37.657059], [145.4951218, -37.6571036], [145.4950897, -37.6571784], [145.4950923, -37.6575007], [145.4949984, -37.6576366], [145.4949072, -37.657679], [145.4947343, -37.6576445], [145.4943976, -37.657781], [145.4942829, -37.6578556], [145.4942654, -37.6581223], [145.4942283, -37.658251], [145.4940955, -37.6583987], [145.4939845, -37.6585921], [145.4937888, -37.6587072], [145.4935071, -37.6587938], [145.4931825, -37.6589743], [145.4929005, -37.6590977], [145.4927348, -37.6591352], [145.4925858, -37.6591442], [145.4920581, -37.6591039], [145.4919384, -37.6591253], [145.4917088, -37.6592922], [145.491774, -37.6593587], [145.4913946, -37.6607082], [145.4911707, -37.6607997], [145.4910557, -37.6609621], [145.4908943, -37.6613145], [145.4906049, -37.6615115], [145.4904079, -37.6617502], [145.4902439, -37.661949], [145.4901825, -37.6620978], [145.4900413, -37.6622107], [145.4899507, -37.6623011], [145.489874, -37.6623972], [145.4898586, -37.6624682], [145.4899753, -37.6626428], [145.490299, -37.6629248], [145.4903957, -37.6630766], [145.4904081, -37.6633052], [145.4903313, -37.6634333], [145.4899748, -37.6637589], [145.4899773, -37.6639069], [145.4902166, -37.6639883], [145.4907587, -37.6638917], [145.4909389, -37.6640302], [145.4910092, -37.6643241], [145.4908444, -37.6645284], [145.4907042, -37.6646372], [145.490533, -37.6646783], [145.4902327, -37.6647144], [145.4900004, -37.6646584], [145.4897775, -37.664509], [145.4893989, -37.664216], [145.4891908, -37.6640983], [145.4889055, -37.663897], [145.4888105, -37.6637582], [145.4888025, -37.6636563], [145.4887623, -37.6635692], [145.4886364, -37.6636241], [145.4884218, -37.6638896], [145.488388, -37.6640863], [145.4884155, -37.6642893], [145.488446, -37.6643934], [145.4884753, -37.6645418], [145.4885396, -37.6646669], [145.4886416, -37.6647731], [145.4888884, -37.6649361], [145.4889983, -37.6650109], [145.4890546, -37.6651298], [145.4890278, -37.6652423], [145.4889805, -37.6653288]]}}, {"type": "Feature", "properties": {"waterbody": "Watts River", "name": "Watts River", "city": "Melbourne", "country": "Australia", "osm_id": 1156849763}, "geometry": {"type": "LineString", "coordinates": [[145.5180997, -37.6509028], [145.5178725, -37.6510058], [145.5172717, -37.650785], [145.5168626, -37.6506591], [145.5167138, -37.6507], [145.5167245, -37.6510483], [145.5166197, -37.651455], [145.5165162, -37.6517113], [145.5163515, -37.6517735], [145.51615, -37.6516912], [145.5160057, -37.6512776], [145.5158244, -37.6511089], [145.5155414, -37.6511025], [145.5153083, -37.6511927], [145.5152465, -37.6516881], [145.5151098, -37.6517534], [145.5149567, -37.6516801], [145.5148441, -37.6515471], [145.514769, -37.65137], [145.5144929, -37.6513116], [145.5142915, -37.6513318], [145.5142003, -37.6514206], [145.514093, -37.6515739], [145.5140638, -37.6521016], [145.5140018, -37.6525932], [145.5140578, -37.6527943], [145.5140662, -37.6529075], [145.5139436, -37.6529947], [145.5137551, -37.6528905], [145.5136049, -37.6527716], [145.5135673, -37.6526187], [145.5135434, -37.6523055], [145.5133313, -37.652194], [145.5130767, -37.6523777], [145.5129665, -37.6524828], [145.5129909, -37.6526197], [145.5131221, -37.6530795], [145.5133503, -37.6534013], [145.5133903, -37.6535828], [145.5132148, -37.6536759]]}}, {"type": "Feature", "properties": {"waterbody": "Watts River", "name": "Watts River", "city": "Melbourne", "country": "Australia", "osm_id": 1223190183}, "geometry": {"type": "LineString", "coordinates": [[145.5679895, -37.6291484], [145.5668306, -37.6297994], [145.5661447, -37.630495], [145.5655482, -37.6312357], [145.5648554, -37.6326481], [145.564899, -37.6341038], [145.564397, -37.6357841], [145.5635875, -37.6371435], [145.5630218, -37.6377227], [145.5622123, -37.6381244], [145.5600567, -37.6386187], [145.5572477, -37.6388658], [145.5561879, -37.6390555], [145.5555604, -37.6394374], [145.5535999, -37.6408662], [145.5523807, -37.6410825], [145.5510933, -37.6411288], [145.5503813, -37.6410979], [145.5499547, -37.6411138]]}}, {"type": "Feature", "properties": {"waterbody": "Watts River", "name": "Watts River", "city": "Melbourne", "country": "Australia", "osm_id": 1387134667}, "geometry": {"type": "LineString", "coordinates": [[145.5823097, -37.6249127], [145.5822022, -37.6248868], [145.5814039, -37.6246834], [145.5813508, -37.6246586], [145.5812623, -37.6246108], [145.581224, -37.6245895], [145.5810932, -37.6244752], [145.5806737, -37.6239272], [145.5805354, -37.623831]]}}, {"type": "Feature", "properties": {"waterbody": "Watts River", "name": "Watts River", "city": "Melbourne", "country": "Australia", "osm_id": 1387134672}, "geometry": {"type": "LineString", "coordinates": [[145.5739419, -37.6269384], [145.5732307, -37.6270207], [145.5727532, -37.6272002]]}}, {"type": "Feature", "properties": {"waterbody": "Watts River", "name": "Watts River", "city": "Melbourne", "country": "Australia", "osm_id": 1387134673}, "geometry": {"type": "LineString", "coordinates": [[145.5727532, -37.6272002], [145.5705083, -37.6280441], [145.5690878, -37.628578], [145.5679895, -37.6291484]]}}, {"type": "Feature", "properties": {"waterbody": "Watts River", "name": "Watts River", "city": "Melbourne", "country": "Australia", "osm_id": 1387134674}, "geometry": {"type": "LineString", "coordinates": [[145.5778056, -37.6247], [145.5776275, -37.6246978], [145.5774677, -37.6248615], [145.5776936, -37.6252024], [145.5777719, -37.6256566], [145.5779173, -37.6261697], [145.5780476, -37.6263284], [145.5790776, -37.6261159], [145.5784423, -37.6272756], [145.5750075, -37.6268166], [145.5739419, -37.6269384]]}}, {"type": "Feature", "properties": {"waterbody": "Watts River", "name": "Watts River", "city": "Melbourne", "country": "Australia", "osm_id": 1387134675}, "geometry": {"type": "LineString", "coordinates": [[145.5805354, -37.623831], [145.5805293, -37.6238268], [145.5804014, -37.6237971], [145.5801212, -37.6238466], [145.5800535, -37.6239092], [145.5798818, -37.6240834], [145.5797193, -37.6242365], [145.5795191, -37.6245091], [145.5793537, -37.6248173], [145.5790407, -37.6249616], [145.5785362, -37.6249203], [145.5778667, -37.6247007], [145.5778056, -37.6247]]}}, {"type": "Feature", "properties": {"waterbody": "Watts River", "name": "Watts River", "city": "Melbourne", "country": "Australia", "osm_id": 1387134677}, "geometry": {"type": "LineString", "coordinates": [[145.5851569, -37.6254739], [145.5847557, -37.6255556], [145.5845925, -37.6255184], [145.5841359, -37.6255199], [145.5838269, -37.6254528], [145.5834234, -37.6252294], [145.5826964, -37.6250056], [145.5823097, -37.6249127]]}}, {"type": "Feature", "properties": {"waterbody": "Watts River", "name": "Watts River", "city": "Melbourne", "country": "Australia", "osm_id": 1387134678}, "geometry": {"type": "LineString", "coordinates": [[145.5882172, -37.623323], [145.5878182, -37.6236922], [145.5875884, -37.6238904], [145.5875297, -37.6239461], [145.58752, -37.6239918], [145.5875543, -37.6242848], [145.5875583, -37.6243423], [145.5875564, -37.6244405], [145.5875277, -37.6244981], [145.5873922, -37.6246891], [145.5873596, -37.6247467], [145.5873156, -37.624779], [145.5872248, -37.624792], [145.5870143, -37.6247817], [145.5867838, -37.6247883], [145.5865959, -37.6248276], [145.5863503, -37.6249049], [145.5857226, -37.6252851], [145.5854631, -37.625416], [145.5851569, -37.6254739]]}}, {"type": "Feature", "properties": {"waterbody": "Watts River", "name": "Watts River", "city": "Melbourne", "country": "Australia", "osm_id": 1387134679}, "geometry": {"type": "LineString", "coordinates": [[145.5922309, -37.6240679], [145.5921157, -37.6240701], [145.5920442, -37.6240974], [145.5919584, -37.624181], [145.5918605, -37.6242045], [145.5917498, -37.6241961], [145.591666, -37.6241775], [145.5915922, -37.6240955], [145.5912956, -37.6238417], [145.5909976, -37.6236619], [145.5907501, -37.6236237], [145.5902646, -37.6235192], [145.5900229, -37.623407], [145.5899231, -37.6232965], [145.5897083, -37.6229344], [145.5896121, -37.6228698], [145.5894872, -37.6229106], [145.5892695, -37.6229362], [145.5888522, -37.6229735], [145.5886168, -37.6229989], [145.5884601, -37.6230852], [145.5882172, -37.623323]]}}, {"type": "Feature", "properties": {"waterbody": "Watts River", "name": "Watts River", "city": "Melbourne", "country": "Australia", "osm_id": 1387134680}, "geometry": {"type": "LineString", "coordinates": [[145.5929499, -37.623017], [145.5928892, -37.6230041], [145.5928401, -37.6230212], [145.5927993, -37.62307], [145.5928071, -37.6231265], [145.5927965, -37.6232216], [145.5926324, -37.6234593], [145.5926224, -37.6235191], [145.5926739, -37.6236114], [145.592752, -37.6236969], [145.5927817, -37.6237678], [145.5927838, -37.6238947], [145.5928213, -37.6240221], [145.592802, -37.6241029], [145.5927431, -37.6241727], [145.592596, -37.6242168], [145.5925206, -37.6242159], [145.5924291, -37.6241373], [145.5922928, -37.6240792], [145.5922309, -37.6240679]]}}, {"type": "Feature", "properties": {"waterbody": "Watts River", "name": "Watts River", "city": "Melbourne", "country": "Australia", "osm_id": 1387134681}, "geometry": {"type": "LineString", "coordinates": [[145.602247, -37.6165339], [145.602233, -37.616553], [145.6021289, -37.6167898], [145.6020291, -37.616912], [145.6015883, -37.6171376], [145.6013546, -37.6173111], [145.6011423, -37.6174108], [145.6008599, -37.617582], [145.6006217, -37.6177572], [145.6004142, -37.6179521], [145.6003631, -37.6180784], [145.600059, -37.6184573], [145.5999213, -37.6185949], [145.5996712, -37.6186977], [145.5994069, -37.6188479], [145.5990453, -37.619108], [145.5987182, -37.6194143], [145.5984658, -37.619993], [145.59835, -37.6201415], [145.5982684, -37.6202374], [145.598168, -37.6202768], [145.5979214, -37.6203073], [145.5977662, -37.6203125], [145.5976461, -37.6203375], [145.5974606, -37.6204199], [145.5973311, -37.6204713], [145.5972909, -37.620492], [145.5972567, -37.6205391], [145.5971869, -37.6206832], [145.5971449, -37.6208106], [145.5971208, -37.6209419], [145.5970915, -37.621034], [145.5970175, -37.6210926], [145.5969637, -37.6211264], [145.5968845, -37.6211506], [145.5968012, -37.621184], [145.5966759, -37.6212499], [145.5965787, -37.6212879], [145.5964321, -37.6213316], [145.5962753, -37.6213971], [145.5959776, -37.6217223], [145.5956076, -37.6219789], [145.5953367, -37.6222401], [145.5950163, -37.6224307], [145.5948567, -37.6225384], [145.5948106, -37.6225833], [145.5947208, -37.6226465], [145.5941646, -37.6228563], [145.5939632, -37.6229253], [145.5938552, -37.6230121], [145.5937261, -37.6230458], [145.5934726, -37.6230886], [145.5932996, -37.6231007], [145.5931937, -37.6230747], [145.5930704, -37.623031], [145.5929499, -37.623017]]}}, {"type": "Feature", "properties": {"waterbody": "Watts River", "name": "Watts River", "city": "Melbourne", "country": "Australia", "osm_id": 1387134686}, "geometry": {"type": "LineString", "coordinates": [[145.6892238, -37.6771981], [145.6892408, -37.6769868], [145.6892264, -37.6766676], [145.6892059, -37.6765775], [145.6891097, -37.6762415], [145.6890876, -37.676143]]}}, {"type": "Feature", "properties": {"waterbody": "Watts River", "name": "Watts River", "city": "Melbourne", "country": "Australia", "osm_id": 1387134692}, "geometry": {"type": "LineString", "coordinates": [[145.6964163, -37.6695812], [145.6962329, -37.6691335], [145.6961872, -37.6685795], [145.696135, -37.6683921], [145.696066, -37.6682821], [145.6960471, -37.6682219], [145.6960499, -37.6681867], [145.6960616, -37.6681516], [145.6961474, -37.6680662], [145.6963643, -37.6678958], [145.6964843, -37.6677535], [145.6965195, -37.6676963]]}}, {"type": "Feature", "properties": {"waterbody": "Watts River", "name": "Watts River", "city": "Melbourne", "country": "Australia", "osm_id": 1387134698}, "geometry": {"type": "LineString", "coordinates": [[145.688108, -37.6824988], [145.688112, -37.6824852], [145.688196, -37.6822998], [145.6881939, -37.6820852], [145.6882806, -37.6818606], [145.688302, -37.6817669], [145.6882797, -37.6816914], [145.6882068, -37.6815778], [145.6881737, -37.6814428], [145.688128, -37.6813483], [145.688152, -37.6808849], [145.6881436, -37.6806906], [145.6880812, -37.6804268], [145.6879802, -37.6801218], [145.6878803, -37.679875]]}}, {"type": "Feature", "properties": {"waterbody": "Watts River", "name": "Watts River", "city": "Melbourne", "country": "Australia", "osm_id": 1387134699}, "geometry": {"type": "LineString", "coordinates": [[145.6880485, -37.6833453], [145.6880881, -37.6832775], [145.6881296, -37.6831636], [145.6881215, -37.6831204]]}}, {"type": "Feature", "properties": {"waterbody": "Watts River", "name": "Watts River", "city": "Melbourne", "country": "Australia", "osm_id": 1387134708}, "geometry": {"type": "LineString", "coordinates": [[145.669175, -37.64146], [145.6691129, -37.641386], [145.6687843, -37.6411673], [145.6686613, -37.6411059], [145.6685459, -37.6411117], [145.6683628, -37.6411872], [145.66807, -37.6414518], [145.6677138, -37.6417827], [145.6676284, -37.6418522], [145.6675704, -37.6418692], [145.6674776, -37.641854], [145.6672808, -37.6417037], [145.6670266, -37.6415387], [145.6667535, -37.6414404], [145.6665822, -37.6413539], [145.6664825, -37.6412259], [145.6663966, -37.6410698], [145.6664196, -37.6410242], [145.6665707, -37.6410012], [145.6666916, -37.6409392], [145.6667959, -37.6408029], [145.6668456, -37.6407505], [145.6670024, -37.6406607], [145.6670399, -37.6405483], [145.6670332, -37.6404283], [145.6670073, -37.6403893], [145.6669379, -37.6403039], [145.6669183, -37.6401556], [145.6668769, -37.6399965], [145.6667291, -37.6398291], [145.6664314, -37.639371], [145.6663005, -37.6392532], [145.6662303, -37.6392136], [145.6661016, -37.6392228], [145.6658831, -37.6392978], [145.6653998, -37.6395497], [145.6651825, -37.6395508], [145.6646331, -37.639534], [145.6640455, -37.6394251], [145.663722, -37.6394179], [145.6633752, -37.6394774], [145.6630671, -37.6396009], [145.6628637, -37.6398206], [145.6626206, -37.6400259], [145.662478, -37.6400666], [145.6620475, -37.6400969], [145.6617647, -37.6400408], [145.6614639, -37.6400092], [145.6613092, -37.639736], [145.6612772, -37.6396207]]}}, {"type": "Feature", "properties": {"waterbody": "Watts River", "name": "Watts River", "city": "Melbourne", "country": "Australia", "osm_id": 1387134713}, "geometry": {"type": "LineString", "coordinates": [[145.6741917, -37.6837464], [145.6743688, -37.6838968], [145.6745306, -37.6840386], [145.6750026, -37.6844755]]}}, {"type": "Feature", "properties": {"waterbody": "Watts River", "name": "Watts River", "city": "Melbourne", "country": "Australia", "osm_id": 1387134724}, "geometry": {"type": "LineString", "coordinates": [[145.6750026, -37.6844755], [145.6752145, -37.6846694], [145.6754917, -37.6849078], [145.6755465, -37.6849492], [145.6756686, -37.6850282], [145.6757213, -37.6850553], [145.6757837, -37.6850807], [145.6758546, -37.6851024], [145.6759397, -37.6851148], [145.6759874, -37.6851153], [145.6766302, -37.6850927], [145.6789275, -37.6849772], [145.6801642, -37.6849284], [145.6802663, -37.6849202], [145.6803684, -37.684906], [145.6805248, -37.6848747], [145.6808813, -37.6847922], [145.6809834, -37.6847719], [145.6811647, -37.6847481], [145.6833364, -37.6846818]]}}, {"type": "Feature", "properties": {"waterbody": "Watts River", "name": "Watts River", "city": "Melbourne", "country": "Australia", "osm_id": 1387134743}, "geometry": {"type": "LineString", "coordinates": [[145.6609479, -37.63027], [145.6608089, -37.6300713], [145.6607029, -37.6298022], [145.6606217, -37.6293853], [145.660521, -37.6290704], [145.6604055, -37.6289616], [145.6601357, -37.6288069], [145.6600349, -37.6287441], [145.6599405, -37.6286936], [145.659875, -37.6286383], [145.6598319, -37.628569], [145.659806, -37.6284066], [145.6598117, -37.6282948]]}}, {"type": "Feature", "properties": {"waterbody": "Watts River", "name": "Watts River", "city": "Melbourne", "country": "Australia", "osm_id": 1387134745}, "geometry": {"type": "LineString", "coordinates": [[145.6965195, -37.6676963], [145.6965494, -37.6676476], [145.6965771, -37.6675836], [145.6965862, -37.6674435], [145.6965765, -37.6673668], [145.6964961, -37.6672733], [145.6961874, -37.6670452], [145.6959888, -37.6668614], [145.6959024, -37.6667472]]}}, {"type": "Feature", "properties": {"waterbody": "Watts River", "name": "Watts River", "city": "Melbourne", "country": "Australia", "osm_id": 1387134749}, "geometry": {"type": "LineString", "coordinates": [[145.684331, -37.6844924], [145.6845857, -37.6844303], [145.6850014, -37.6843193], [145.6854515, -37.6841875]]}}, {"type": "Feature", "properties": {"waterbody": "Watts River", "name": "Watts River", "city": "Melbourne", "country": "Australia", "osm_id": 1387134755}, "geometry": {"type": "LineString", "coordinates": [[145.6948252, -37.6727474], [145.6950332, -37.6728111], [145.6951748, -37.6728268], [145.6952957, -37.6727611], [145.6953949, -37.6726706], [145.6955038, -37.6725272], [145.6956249, -37.6724546], [145.6957423, -37.6723325], [145.6959672, -37.6721517], [145.6960862, -37.6719414], [145.6962789, -37.6715734], [145.6963883, -37.6714054], [145.6966879, -37.6710139], [145.6968127, -37.6707227], [145.6968205, -37.6705289], [145.6966771, -37.6701078], [145.6964838, -37.6697461], [145.6964163, -37.6695812]]}}, {"type": "Feature", "properties": {"waterbody": "Watts River", "name": "Watts River", "city": "Melbourne", "country": "Australia", "osm_id": 1387134757}, "geometry": {"type": "LineString", "coordinates": [[145.6881215, -37.6831204], [145.6880863, -37.6829329], [145.6880903, -37.6827059], [145.6880805, -37.682593], [145.688108, -37.6824988]]}}, {"type": "Feature", "properties": {"waterbody": "Watts River", "name": "Watts River", "city": "Melbourne", "country": "Australia", "osm_id": 1387134764}, "geometry": {"type": "LineString", "coordinates": [[145.6959024, -37.6667472], [145.6958415, -37.6666668], [145.6958141, -37.6665845], [145.6958259, -37.6664807], [145.6959181, -37.6663425], [145.6959177, -37.6662367], [145.6958924, -37.666039], [145.695904, -37.6660092], [145.6959337, -37.6659584], [145.6959524, -37.6659039], [145.6959555, -37.6658529], [145.6958568, -37.6655398], [145.6954981, -37.6651269], [145.6950605, -37.6645801]]}}, {"type": "Feature", "properties": {"waterbody": "Watts River", "name": "Watts River", "city": "Melbourne", "country": "Australia", "osm_id": 1387134768}, "geometry": {"type": "LineString", "coordinates": [[145.676482, -37.6489258], [145.6764719, -37.6488823], [145.6763581, -37.6486713], [145.6762516, -37.6484286], [145.6762003, -37.648324], [145.676148, -37.6482723], [145.6760977, -37.648233], [145.6760518, -37.6480721], [145.6759589, -37.6479336], [145.6758503, -37.6478072], [145.675758, -37.6477639], [145.6755837, -37.6477178], [145.6755245, -37.6476819], [145.6753946, -37.6475042], [145.6753716, -37.6474282], [145.6753539, -37.647301], [145.6753196, -37.6472337], [145.6751647, -37.6470962], [145.675066, -37.6470334], [145.6749562, -37.6469793], [145.6749098, -37.6469665], [145.6748789, -37.6469626], [145.6748123, -37.6469689], [145.6747085, -37.6469448], [145.6746625, -37.6469126], [145.6745841, -37.6468376], [145.6744478, -37.6466475], [145.6739194, -37.6463208], [145.6733287, -37.6461273], [145.6731653, -37.6460902], [145.6728835, -37.6461082], [145.6722718, -37.645826]]}}, {"type": "Feature", "properties": {"waterbody": "Watts River", "name": "Watts River", "city": "Melbourne", "country": "Australia", "osm_id": 1387134780}, "geometry": {"type": "LineString", "coordinates": [[145.6914486, -37.6730203], [145.691656, -37.6729332], [145.6917904, -37.6729179], [145.6921215, -37.6729428], [145.6922274, -37.6729721], [145.6923159, -37.6729872], [145.6923627, -37.6729701], [145.6924034, -37.6729283], [145.6924287, -37.6728739], [145.6924127, -37.6727786], [145.6924285, -37.6726342], [145.6924293, -37.6725884], [145.6924589, -37.6725429], [145.6925151, -37.672503], [145.6926264, -37.6724778], [145.6928255, -37.6725046], [145.6930326, -37.672581], [145.6932378, -37.6727665], [145.6935381, -37.6728404], [145.6938308, -37.6728401], [145.6941559, -37.6727626], [145.694392, -37.6727018], [145.6945961, -37.672697], [145.6947465, -37.6727233], [145.6948252, -37.6727474]]}}, {"type": "Feature", "properties": {"waterbody": "Watts River", "name": "Watts River", "city": "Melbourne", "country": "Australia", "osm_id": 1387134786}, "geometry": {"type": "LineString", "coordinates": [[145.686646, -37.6837974], [145.686774, -37.6837371], [145.6879604, -37.6833724]]}}, {"type": "Feature", "properties": {"waterbody": "Watts River", "name": "Watts River", "city": "Melbourne", "country": "Australia", "osm_id": 1387134791}, "geometry": {"type": "LineString", "coordinates": [[145.6693099, -37.6806267], [145.6694016, -37.6806731], [145.6696789, -37.6808104], [145.669839, -37.6808855], [145.6700251, -37.6809664], [145.670234, -37.6810472], [145.6704802, -37.6811248], [145.6709341, -37.6812491], [145.6713941, -37.68138]]}}, {"type": "Feature", "properties": {"waterbody": "Watts River", "name": "Watts River", "city": "Melbourne", "country": "Australia", "osm_id": 1387134802}, "geometry": {"type": "LineString", "coordinates": [[145.6614949, -37.6387191], [145.6615095, -37.6387019], [145.6615622, -37.6384839], [145.6615772, -37.6381422], [145.6616104, -37.6380192], [145.6617053, -37.637918], [145.6619124, -37.6377406], [145.6620344, -37.6376115], [145.6622096, -37.6374831], [145.6625008, -37.6373101], [145.6630421, -37.636791], [145.66312, -37.6366509], [145.6631256, -37.6365839], [145.6630259, -37.6362091], [145.6629498, -37.6357571], [145.6629701, -37.6356128], [145.6630801, -37.6354095], [145.6632296, -37.6352314], [145.6634227, -37.6350926], [145.6635496, -37.634939], [145.6635596, -37.6348756], [145.6635175, -37.6347518], [145.6634134, -37.6346237], [145.6632479, -37.6342129], [145.6630191, -37.6338683], [145.6629566, -37.6336455], [145.6629364, -37.6335873]]}}, {"type": "Feature", "properties": {"waterbody": "Watts River", "name": "Watts River", "city": "Melbourne", "country": "Australia", "osm_id": 1387134803}, "geometry": {"type": "LineString", "coordinates": [[145.6878803, -37.679875], [145.6878631, -37.6798323], [145.6878174, -37.679741], [145.6878226, -37.679669], [145.6878591, -37.6796099], [145.6879468, -37.6795513], [145.6882677, -37.6794609], [145.6883867, -37.6794184], [145.688483, -37.6793223], [145.6885828, -37.6790131], [145.6888063, -37.6788644], [145.6889947, -37.6787449], [145.6890379, -37.6786837], [145.6890647, -37.6785518], [145.689044, -37.6784634], [145.6889174, -37.6782223], [145.6888504, -37.6779995], [145.6888381, -37.6778178], [145.6888437, -37.6777509], [145.6889191, -37.6776213], [145.6891378, -37.6774228], [145.6892019, -37.6773036], [145.6892238, -37.6771981]]}}, {"type": "Feature", "properties": {"waterbody": "Watts River", "name": "Watts River", "city": "Melbourne", "country": "Australia", "osm_id": 1387134807}, "geometry": {"type": "LineString", "coordinates": [[145.6726447, -37.6819706], [145.6726805, -37.6820243], [145.6728267, -37.6822504], [145.6728713, -37.6823269], [145.6729299, -37.6824609], [145.6730073, -37.6826806], [145.6730336, -37.6827412], [145.6730899, -37.6828426], [145.673146, -37.6829137], [145.6731835, -37.6829499], [145.6732971, -37.6830457], [145.6734109, -37.6831299], [145.6738174, -37.6834338], [145.6741917, -37.6837464]]}}, {"type": "Feature", "properties": {"waterbody": "Watts River", "name": "Watts River", "city": "Melbourne", "country": "Australia", "osm_id": 1387134810}, "geometry": {"type": "LineString", "coordinates": [[145.6596764, -37.6773904], [145.659949, -37.6776417], [145.6602215, -37.677893], [145.6602812, -37.6779534], [145.6605062, -37.6782353], [145.6605959, -37.6783358], [145.660753, -37.6784967], [145.6608445, -37.6785781], [145.6609714, -37.6786754], [145.6610608, -37.6787326], [145.6612162, -37.678816], [145.6613873, -37.6788873]]}}, {"type": "Feature", "properties": {"waterbody": "Watts River", "name": "Watts River", "city": "Melbourne", "country": "Australia", "osm_id": 1387134813}, "geometry": {"type": "LineString", "coordinates": [[145.6890876, -37.676143], [145.6890624, -37.6760312], [145.6890425, -37.6759023], [145.6891483, -37.6756903], [145.6892671, -37.6754889], [145.6893002, -37.6753729], [145.6894086, -37.6752613], [145.6895086, -37.6751267], [145.6896034, -37.6750326], [145.6898077, -37.6748903], [145.6899535, -37.6746681], [145.6901727, -37.6743092], [145.6902495, -37.6741038], [145.6903537, -37.6738512], [145.6905051, -37.6736924], [145.6906822, -37.6735816], [145.6909241, -37.673445], [145.6910435, -37.6733406], [145.6911654, -37.6732168], [145.6914486, -37.6730203]]}}, {"type": "Feature", "properties": {"waterbody": "Watts River", "name": "Watts River", "city": "Melbourne", "country": "Australia", "osm_id": 1387134823}, "geometry": {"type": "LineString", "coordinates": [[145.6713941, -37.68138], [145.6717902, -37.6814895], [145.6719195, -37.681529], [145.6720901, -37.6815872], [145.6721878, -37.6816231], [145.6723518, -37.6816943], [145.6724335, -37.6817455], [145.6725211, -37.6818209], [145.6725799, -37.6818859], [145.6726447, -37.6819706]]}}, {"type": "Feature", "properties": {"waterbody": "Watts River", "name": "Watts River", "city": "Melbourne", "country": "Australia", "osm_id": 1387134826}, "geometry": {"type": "LineString", "coordinates": [[145.6722718, -37.645826], [145.6717473, -37.6455561], [145.6710783, -37.6454093], [145.6708644, -37.6452183], [145.6707041, -37.6451354], [145.6705365, -37.6449643], [145.6704347, -37.6449039]]}}, {"type": "Feature", "properties": {"waterbody": "Watts River", "name": "Watts River", "city": "Melbourne", "country": "Australia", "osm_id": 1387134832}, "geometry": {"type": "LineString", "coordinates": [[145.6854515, -37.6841875], [145.685591, -37.6841453], [145.6863448, -37.6839054], [145.6864768, -37.6838615], [145.686646, -37.6837974]]}}, {"type": "Feature", "properties": {"waterbody": "Watts River", "name": "Watts River", "city": "Melbourne", "country": "Australia", "osm_id": 1387134833}, "geometry": {"type": "LineString", "coordinates": [[145.6833364, -37.6846818], [145.6835303, -37.6846525], [145.6838797, -37.6845897], [145.684331, -37.6844924]]}}, {"type": "Feature", "properties": {"waterbody": "Watts River", "name": "Watts River", "city": "Melbourne", "country": "Australia", "osm_id": 1387134841}, "geometry": {"type": "LineString", "coordinates": [[145.6924052, -37.6631572], [145.6923434, -37.6630791], [145.6920222, -37.6628076], [145.6918948, -37.662741], [145.6916767, -37.6626628], [145.6915107, -37.6626451], [145.6913666, -37.6626417], [145.6912892, -37.6626303], [145.6912032, -37.6626046], [145.6911278, -37.6626038], [145.6910519, -37.6626347], [145.6908328, -37.6627415], [145.6907368, -37.6627757], [145.6905926, -37.6627812], [145.6904824, -37.6627464], [145.6903251, -37.6626448]]}}, {"type": "Feature", "properties": {"waterbody": "Watts River", "name": "Watts River", "city": "Melbourne", "country": "Australia", "osm_id": 1387134845}, "geometry": {"type": "LineString", "coordinates": [[145.6704347, -37.6449039], [145.6704202, -37.644896], [145.670327, -37.6448985], [145.6702158, -37.6449236], [145.6700787, -37.6449045], [145.6700172, -37.6448721], [145.6698645, -37.6447329], [145.6697445, -37.6445024], [145.6696859, -37.6443043], [145.6695648, -37.6441337], [145.6694189, -37.6438677], [145.6693378, -37.643687], [145.6693625, -37.6435462], [145.6694127, -37.6434657], [145.6695573, -37.6433123], [145.6697305, -37.6430498], [145.6698951, -37.6427697], [145.6699162, -37.6425795], [145.6698914, -37.6424528]]}}, {"type": "Feature", "properties": {"waterbody": "Watts River", "name": "Watts River", "city": "Melbourne", "country": "Australia", "osm_id": 1387134855}, "geometry": {"type": "LineString", "coordinates": [[145.6879604, -37.6833724], [145.6880485, -37.6833453]]}}, {"type": "Feature", "properties": {"waterbody": "Watts River", "name": "Watts River", "city": "Melbourne", "country": "Australia", "osm_id": 1387134857}, "geometry": {"type": "LineString", "coordinates": [[145.6950605, -37.6645801], [145.6949644, -37.66446], [145.6948217, -37.6641092]]}}, {"type": "Feature", "properties": {"waterbody": "Watts River", "name": "Watts River", "city": "Melbourne", "country": "Australia", "osm_id": 1387134866}, "geometry": {"type": "LineString", "coordinates": [[145.6613873, -37.6788873], [145.6614195, -37.6788999], [145.661568, -37.6789469], [145.6617661, -37.6789974], [145.6620312, -37.6790491], [145.6621947, -37.6790748], [145.6623946, -37.6791025], [145.6627312, -37.6791386], [145.6631507, -37.6791652], [145.663444, -37.6791711], [145.6636217, -37.6791701], [145.6638241, -37.6791645], [145.6641096, -37.6791469], [145.6642746, -37.6791202], [145.6646426, -37.6790377], [145.6647265, -37.679022], [145.6648744, -37.6790053], [145.6649823, -37.6790001], [145.6650912, -37.6789995], [145.6651648, -37.6790029], [145.6652613, -37.6790122], [145.665379, -37.6790321], [145.6654499, -37.6790499], [145.6655772, -37.6790894], [145.6656999, -37.6791328], [145.6658859, -37.6792069], [145.6661208, -37.6793157], [145.666403, -37.6794637], [145.6665296, -37.679526], [145.6667415, -37.6796152], [145.6671613, -37.679773], [145.668106, -37.6801041], [145.6685622, -37.6802754], [145.6687435, -37.6803518], [145.6689218, -37.6804336], [145.6693099, -37.6806267]]}}, {"type": "Feature", "properties": {"waterbody": "Watts River", "name": "Watts River", "city": "Melbourne", "country": "Australia", "osm_id": 1387134892}, "geometry": {"type": "LineString", "coordinates": [[145.6944509, -37.6634163], [145.6944264, -37.6634018], [145.694345, -37.6633639], [145.6942323, -37.6633397], [145.6939681, -37.6633615], [145.6938629, -37.6634202], [145.6934662, -37.6637878], [145.6933566, -37.6638429], [145.6932058, -37.6638448], [145.6930625, -37.6638234]]}}, {"type": "Feature", "properties": {"waterbody": "Watts River", "name": "Watts River", "city": "Melbourne", "country": "Australia", "osm_id": 1387134900}, "geometry": {"type": "LineString", "coordinates": [[145.6409222, -37.6209215], [145.6408762, -37.6208981], [145.6405856, -37.6206379], [145.6401293, -37.6201784], [145.6398891, -37.6199563], [145.6396263, -37.6197935], [145.6394955, -37.6197174], [145.6392342, -37.6196048], [145.6389146, -37.6193896], [145.6384929, -37.6191803], [145.6382246, -37.6190669]]}}, {"type": "Feature", "properties": {"waterbody": "Watts River", "name": "Watts River", "city": "Melbourne", "country": "Australia", "osm_id": 1387134903}, "geometry": {"type": "LineString", "coordinates": [[145.6846108, -37.6617102], [145.6845417, -37.661658], [145.6843643, -37.6615344], [145.6840115, -37.6612996], [145.6835929, -37.6609001], [145.6832933, -37.6605337], [145.6832761, -37.6604951]]}}, {"type": "Feature", "properties": {"waterbody": "Watts River", "name": "Watts River", "city": "Melbourne", "country": "Australia", "osm_id": 1387134920}, "geometry": {"type": "LineString", "coordinates": [[145.6930625, -37.6638234], [145.6929891, -37.6638124], [145.6928089, -37.663717], [145.692624, -37.663514], [145.6925245, -37.6633595], [145.6924052, -37.6631572]]}}, {"type": "Feature", "properties": {"waterbody": "Watts River", "name": "Watts River", "city": "Melbourne", "country": "Australia", "osm_id": 1387134934}, "geometry": {"type": "LineString", "coordinates": [[145.677241, -37.652205], [145.6772269, -37.6521833], [145.6772194, -37.6521039], [145.6772184, -37.6520352], [145.6772311, -37.6519437], [145.6773399, -37.6518109], [145.6774362, -37.6516287], [145.6774503, -37.6514632], [145.6773887, -37.651184], [145.6773291, -37.6510441], [145.6773083, -37.650968], [145.6771024, -37.65083], [145.6768019, -37.6506451], [145.676726, -37.6505526], [145.6766985, -37.6501028], [145.6766768, -37.6499527], [145.676623, -37.6498623], [145.6765386, -37.649745], [145.6764764, -37.6496279], [145.6764716, -37.6495239], [145.6765131, -37.649059], [145.676482, -37.6489258]]}}, {"type": "Feature", "properties": {"waterbody": "Watts River", "name": "Watts River", "city": "Melbourne", "country": "Australia", "osm_id": 1387134936}, "geometry": {"type": "LineString", "coordinates": [[145.6698914, -37.6424528], [145.6698837, -37.6424135], [145.6697596, -37.6421653], [145.6695725, -37.6419623], [145.6694173, -37.6417208], [145.6693039, -37.6416138], [145.669175, -37.64146]]}}, {"type": "Feature", "properties": {"waterbody": "Watts River", "name": "Watts River", "city": "Melbourne", "country": "Australia", "osm_id": 1387134954}, "geometry": {"type": "LineString", "coordinates": [[145.6612772, -37.6396207], [145.6612051, -37.6393612], [145.6612083, -37.6391814], [145.6612792, -37.638939], [145.6614144, -37.6388136], [145.6614949, -37.6387191]]}}, {"type": "Feature", "properties": {"waterbody": "Watts River", "name": "Watts River", "city": "Melbourne", "country": "Australia", "osm_id": 1387134955}, "geometry": {"type": "LineString", "coordinates": [[145.6211122, -37.610481], [145.6208434, -37.6104161], [145.6206335, -37.6102656], [145.6205458, -37.610217], [145.620484, -37.6102039], [145.6204172, -37.6102225], [145.6203879, -37.6102469], [145.6203454, -37.6102711], [145.6203031, -37.6102794], [145.6202192, -37.6102643], [145.6198021, -37.6100585], [145.6196509, -37.6099633], [145.6194201, -37.6098636], [145.6192985, -37.6098516], [145.6191605, -37.609887], [145.6189679, -37.609876], [145.6187589, -37.609796], [145.6186156, -37.6097573], [145.6185227, -37.6097509], [145.6184936, -37.6097664], [145.6184484, -37.6098135], [145.6183635, -37.609853], [145.6182229, -37.609906], [145.6181459, -37.6099968], [145.6180964, -37.6100385], [145.6180028, -37.6100656], [145.6179297, -37.6100683], [145.6177773, -37.6100383], [145.6174988, -37.6100068], [145.6168703, -37.609966], [145.6165198, -37.6099901], [145.6162299, -37.6100889], [145.6160098, -37.6102485], [145.6158375, -37.6103399], [145.6157776, -37.6103445], [145.6155494, -37.6102237], [145.6154129, -37.6101798], [145.6148907, -37.6101419], [145.6146491, -37.6100245], [145.6144776, -37.6099538], [145.6142657, -37.6099125], [145.6140324, -37.6098304], [145.6138888, -37.6098094], [145.6137534, -37.6098201], [145.6136711, -37.6098368], [145.6136138, -37.6098202], [145.6135562, -37.6098196], [145.6134909, -37.609877], [145.6134792, -37.6099086], [145.6134754, -37.6099931], [145.6134437, -37.6100315], [145.6133831, -37.6100749], [145.6132736, -37.6101229], [145.6130868, -37.6101595], [145.6128566, -37.6101498], [145.6127595, -37.610131], [145.6126606, -37.6101582]]}}, {"type": "Feature", "properties": {"waterbody": "Watts River", "name": "Watts River", "city": "Melbourne", "country": "Australia", "osm_id": 1387134962}, "geometry": {"type": "LineString", "coordinates": [[145.661451, -37.6326869], [145.6612858, -37.6326395], [145.6611458, -37.6325392], [145.6609587, -37.6323432], [145.6608827, -37.6321308], [145.6609341, -37.6317366], [145.6610506, -37.6314207], [145.6612473, -37.6308307], [145.6612492, -37.6307249], [145.6611373, -37.6305403], [145.6609479, -37.63027]]}}, {"type": "Feature", "properties": {"waterbody": "Watts River", "name": "Watts River", "city": "Melbourne", "country": "Australia", "osm_id": 1387134975}, "geometry": {"type": "LineString", "coordinates": [[145.6832761, -37.6604951], [145.6831824, -37.6602857], [145.6831253, -37.6601334], [145.6831052, -37.6600151], [145.6831239, -37.6598338], [145.6832271, -37.6596375], [145.6834256, -37.6594459], [145.6836751, -37.6592583], [145.6839956, -37.6590574], [145.6841376, -37.6589303], [145.6841994, -37.6588199], [145.6842054, -37.6587319], [145.684187, -37.65864], [145.684114, -37.6585053], [145.6838971, -37.6582367], [145.6835429, -37.6579507], [145.683194, -37.6577494], [145.68267, -37.6575409], [145.682208, -37.6574652], [145.6818287, -37.6573499], [145.6815668, -37.6572412], [145.681288, -37.657083], [145.681113, -37.6569524], [145.6809704, -37.6567393], [145.6807973, -37.6565011], [145.6807023, -37.6563538], [145.6806475, -37.6563232], [145.6805461, -37.6562886], [145.6803307, -37.6561839], [145.6796116, -37.6559767], [145.6794774, -37.6559153], [145.6794407, -37.655862], [145.6794063, -37.6557999], [145.6793949, -37.6556958], [145.6794825, -37.6555047], [145.6795498, -37.6553362], [145.679597, -37.6545488], [145.6795429, -37.6542204], [145.6794375, -37.6537891], [145.6793606, -37.6536226], [145.6792673, -37.6535105], [145.6791378, -37.653435], [145.6789486, -37.6533536], [145.6786982, -37.6533508], [145.67853, -37.653333], [145.6783046, -37.65329], [145.6780211, -37.6531546], [145.6778798, -37.6529961], [145.6777845, -37.6526161], [145.6776199, -37.6525226], [145.6774489, -37.652415], [145.6773588, -37.6523681], [145.6772895, -37.6522792], [145.677241, -37.652205]]}}, {"type": "Feature", "properties": {"waterbody": "Watts River", "name": "Watts River", "city": "Melbourne", "country": "Australia", "osm_id": 1387134988}, "geometry": {"type": "LineString", "coordinates": [[145.6629364, -37.6335873], [145.6628976, -37.6334757], [145.6628359, -37.6332106], [145.6627888, -37.6331184], [145.6625515, -37.6330029], [145.6622574, -37.6328374], [145.6618238, -37.6327937], [145.661451, -37.6326869]]}}, {"type": "Feature", "properties": {"waterbody": "Watts River", "name": "Watts River", "city": "Melbourne", "country": "Australia", "osm_id": 1387134993}, "geometry": {"type": "LineString", "coordinates": [[145.6598117, -37.6282948], [145.659813, -37.6282639], [145.6598399, -37.6281249], [145.6598032, -37.6279483], [145.6597145, -37.627704], [145.659701, -37.6274642], [145.6596724, -37.6273334], [145.6594324, -37.6271192], [145.6587804, -37.6266535], [145.6586466, -37.6265156]]}}, {"type": "Feature", "properties": {"waterbody": "Watts River", "name": "Watts River", "city": "Melbourne", "country": "Australia", "osm_id": 1387134994}, "geometry": {"type": "LineString", "coordinates": [[145.6243891, -37.612746], [145.6243564, -37.6127556], [145.6242899, -37.6127583], [145.6241553, -37.6127268], [145.6239504, -37.6125464], [145.6237581, -37.6123978], [145.6233398, -37.6121339], [145.6232041, -37.6120424], [145.6231434, -37.6119712], [145.6231004, -37.6118984], [145.6230696, -37.6117676], [145.6230397, -37.6117073], [145.6229607, -37.6116676], [145.6227867, -37.611611], [145.6225589, -37.6115889], [145.6223979, -37.6115482], [145.6219762, -37.6113441], [145.6217982, -37.611268], [145.6216393, -37.610993], [145.6215185, -37.6108153], [145.6213858, -37.6106816], [145.6211964, -37.6105013], [145.6211122, -37.610481]]}}, {"type": "Feature", "properties": {"waterbody": "Watts River", "name": "Watts River", "city": "Melbourne", "country": "Australia", "osm_id": 1387135004}, "geometry": {"type": "LineString", "coordinates": [[145.6469358, -37.6240984], [145.6468752, -37.6240966], [145.646755, -37.6240644], [145.6467176, -37.6240507], [145.6466861, -37.624016], [145.6466731, -37.6239956], [145.6466776, -37.6239322], [145.646669, -37.6237963], [145.6465632, -37.6235792], [145.6465348, -37.6234978], [145.6465079, -37.6233318], [145.6464547, -37.6232713], [145.6462781, -37.6231714], [145.6462154, -37.6231469], [145.6460968, -37.6231473], [145.6459996, -37.6231339], [145.6459248, -37.6231013], [145.6457623, -37.6230201], [145.6455931, -37.6229441], [145.6453583, -37.6228145], [145.6452632, -37.6226812], [145.6451651, -37.6225902], [145.6448723, -37.6224846], [145.6447119, -37.6224123], [145.6443021, -37.622159], [145.6441065, -37.6220687], [145.6440472, -37.6220513]]}}, {"type": "Feature", "properties": {"waterbody": "Watts River", "name": "Watts River", "city": "Melbourne", "country": "Australia", "osm_id": 1387135017}, "geometry": {"type": "LineString", "coordinates": [[145.6126606, -37.6101582], [145.6126303, -37.6101665], [145.6125136, -37.6102462], [145.6124644, -37.6102685], [145.6124419, -37.6102912], [145.6124234, -37.6103297], [145.6124248, -37.6103738], [145.6124392, -37.6104374], [145.6124435, -37.6105626], [145.6124292, -37.6106171], [145.6123908, -37.6106519], [145.6122078, -37.6107273], [145.6120578, -37.6108066], [145.612008, -37.6108677], [145.6119186, -37.6110271], [145.6119172, -37.6111011], [145.6119007, -37.6111538], [145.611858, -37.6111868], [145.611769, -37.6112069], [145.6116979, -37.6112166], [145.6114817, -37.61117], [145.6114023, -37.6111497], [145.6113049, -37.611145], [145.6112225, -37.6111669], [145.6111042, -37.6112131], [145.6109003, -37.611216], [145.610717, -37.6111821], [145.6105804, -37.6111435], [145.6104395, -37.6110925], [145.6103688, -37.6110811], [145.6103085, -37.6111068], [145.6102725, -37.6111399], [145.6101882, -37.6112605], [145.6098981, -37.6114933], [145.6097589, -37.611712], [145.6097094, -37.6118683], [145.6097086, -37.6119141], [145.6095509, -37.612055], [145.6094528, -37.6120873], [145.6093839, -37.6120953], [145.6092021, -37.6121038], [145.6088638, -37.6121826], [145.6085172, -37.6122367], [145.6084012, -37.6122794], [145.6082802, -37.6123485], [145.6081404, -37.6125989], [145.6079352, -37.612912], [145.60774, -37.6131617], [145.6073545, -37.6135114], [145.6071392, -37.6136534], [145.6070386, -37.6137016], [145.6069161, -37.6137319], [145.606793, -37.6137392], [145.6065261, -37.6137343], [145.606471, -37.6137187], [145.6064002, -37.6137126], [145.6062985, -37.6137634], [145.6061717, -37.6138509], [145.6060817, -37.6139221], [145.605716, -37.6140447], [145.605518, -37.6141463], [145.6054417, -37.6142018], [145.6054223, -37.6142298], [145.6054246, -37.6142831], [145.6054485, -37.6143702], [145.6054516, -37.6144121], [145.6054303, -37.6144542], [145.605379, -37.6145029], [145.605347, -37.6145255], [145.6053091, -37.6145351], [145.6052548, -37.6145393], [145.6051825, -37.6145213], [145.6051337, -37.6145256], [145.6050698, -37.6145394], [145.6050478, -37.6145594], [145.6050278, -37.6145935], [145.6050053, -37.6148162], [145.6049935, -37.6148584], [145.6049671, -37.6149021], [145.6049129, -37.6149588], [145.6048004, -37.6150517], [145.6046243, -37.6152277], [145.6043779, -37.6153675], [145.6041211, -37.6154773], [145.6039632, -37.6156253], [145.6037904, -37.6157413], [145.6035338, -37.6158387], [145.6032663, -37.6159237], [145.6031707, -37.6159384], [145.6030122, -37.616], [145.6026078, -37.6161821], [145.6023991, -37.6163241], [145.602247, -37.6165339]]}}, {"type": "Feature", "properties": {"waterbody": "Watts River", "name": "Watts River", "city": "Melbourne", "country": "Australia", "osm_id": 1387135019}, "geometry": {"type": "LineString", "coordinates": [[145.6382246, -37.6190669], [145.6381499, -37.6190353], [145.6378814, -37.6190534], [145.637704, -37.6190602], [145.6371779, -37.6189924], [145.6364172, -37.6189078], [145.635943, -37.6189059], [145.6357312, -37.6188558], [145.6356729, -37.6187723], [145.6356662, -37.6186559], [145.6356771, -37.6185432], [145.6357457, -37.6183025], [145.6357335, -37.6181208], [145.6356106, -37.6179361], [145.6352934, -37.617594], [145.6350584, -37.6172335], [145.634927, -37.6171491], [145.6346569, -37.6170138], [145.6344256, -37.6169424], [145.6338715, -37.6168267], [145.6336429, -37.6167289], [145.6335048, -37.6166462], [145.6333809, -37.6165161], [145.6332126, -37.6162656], [145.6331255, -37.6161853], [145.6328774, -37.6160555], [145.6326387, -37.6159029], [145.6325568, -37.6158305], [145.6322649, -37.6156454], [145.632092, -37.6156215], [145.6316895, -37.6156701], [145.6312602, -37.6156682], [145.6308002, -37.6156316], [145.6303353, -37.6156387], [145.6299768, -37.6156783], [145.6299283, -37.6156804]]}}, {"type": "Feature", "properties": {"waterbody": "Watts River", "name": "Watts River", "city": "Melbourne", "country": "Australia", "osm_id": 1387135037}, "geometry": {"type": "LineString", "coordinates": [[145.6948217, -37.6641092], [145.6946965, -37.6638014], [145.6945963, -37.6635711], [145.6944812, -37.6634341], [145.6944509, -37.6634163]]}}, {"type": "Feature", "properties": {"waterbody": "Watts River", "name": "Watts River", "city": "Melbourne", "country": "Australia", "osm_id": 1387135048}, "geometry": {"type": "LineString", "coordinates": [[145.6903251, -37.6626448], [145.6902105, -37.6625707], [145.6900304, -37.662477], [145.6897148, -37.6623889], [145.6894515, -37.6623578], [145.6892746, -37.6623312], [145.6889896, -37.6622734], [145.688789, -37.6622077], [145.688499, -37.6620546], [145.6879861, -37.6619731], [145.6877512, -37.661967], [145.6875895, -37.6619581], [145.6874319, -37.6619652], [145.6873027, -37.6620008], [145.6871938, -37.6620154], [145.6870387, -37.6620102], [145.686866, -37.6619942], [145.6867092, -37.6619589], [145.6866183, -37.6619614], [145.6863403, -37.6620112], [145.6856662, -37.6620143], [145.6853362, -37.661993], [145.6849319, -37.6619127], [145.6848283, -37.6618745], [145.6846108, -37.6617102]]}}, {"type": "Feature", "properties": {"waterbody": "Watts River", "name": "Watts River", "city": "Melbourne", "country": "Australia", "osm_id": 1387135058}, "geometry": {"type": "LineString", "coordinates": [[145.6586466, -37.6265156], [145.6583757, -37.6262364], [145.6581961, -37.6260944], [145.6580695, -37.6260162], [145.6576971, -37.6259196], [145.6574718, -37.6258528], [145.6571699, -37.6257773], [145.6570247, -37.6256976], [145.6569809, -37.6256671], [145.6565142, -37.6254961], [145.6562271, -37.6254399], [145.655646, -37.6254651], [145.6553986, -37.6254235], [145.6551049, -37.6252403], [145.6549516, -37.6251399], [145.65458, -37.6251039], [145.6540984, -37.6250208], [145.6537214, -37.6250342], [145.6533233, -37.6249909], [145.6533051, -37.6249848]]}}, {"type": "Feature", "properties": {"waterbody": "Watts River", "name": "Watts River", "city": "Melbourne", "country": "Australia", "osm_id": 1387135065}, "geometry": {"type": "LineString", "coordinates": [[145.6533051, -37.6249848], [145.6529708, -37.624874], [145.6526658, -37.6248282], [145.6524543, -37.6247624], [145.6522493, -37.6245767], [145.6520341, -37.6244685], [145.6517254, -37.6243839], [145.6514599, -37.6243562], [145.6512291, -37.6243747], [145.6509764, -37.6243824], [145.6508824, -37.6244307], [145.650673, -37.6244917], [145.6503405, -37.624495], [145.6499157, -37.6244584], [145.6495938, -37.6243701], [145.6491559, -37.6243651]]}}, {"type": "Feature", "properties": {"waterbody": "Watts River", "name": "Watts River", "city": "Melbourne", "country": "Australia", "osm_id": 1387135067}, "geometry": {"type": "LineString", "coordinates": [[145.6491559, -37.6243651], [145.6491418, -37.6243649], [145.6487216, -37.6243143], [145.6482254, -37.6243086], [145.6478759, -37.6242729], [145.6470634, -37.6241023], [145.6469358, -37.6240984]]}}, {"type": "Feature", "properties": {"waterbody": "Watts River", "name": "Watts River", "city": "Melbourne", "country": "Australia", "osm_id": 1387135084}, "geometry": {"type": "LineString", "coordinates": [[145.6440472, -37.6220513], [145.6437935, -37.6219769], [145.6434582, -37.621892], [145.6432692, -37.6218052], [145.6430686, -37.6216266], [145.6428389, -37.6214636], [145.6420426, -37.6212641], [145.6417456, -37.621229], [145.6412469, -37.6210872], [145.6409222, -37.6209215]]}}, {"type": "Feature", "properties": {"waterbody": "Watts River", "name": "Watts River", "city": "Melbourne", "country": "Australia", "osm_id": 1387135088}, "geometry": {"type": "LineString", "coordinates": [[145.6299283, -37.6156804], [145.6298819, -37.6156823], [145.6298044, -37.6156779], [145.6297255, -37.6156329], [145.629704, -37.6155974], [145.6296948, -37.6154933], [145.6296501, -37.6153906], [145.6296024, -37.6153371], [145.6295213, -37.6152868], [145.6292026, -37.6151474], [145.6290974, -37.6150845], [145.6290148, -37.6149989], [145.6289719, -37.614801], [145.6288448, -37.6143607], [145.6287655, -37.6139755], [145.6286981, -37.6139024], [145.6285993, -37.6138519], [145.6285067, -37.6138297], [145.6283292, -37.6138418], [145.6280188, -37.6138505], [145.6277781, -37.6138089], [145.627593, -37.6137504], [145.6275184, -37.6137107], [145.6274623, -37.6136307], [145.6273434, -37.6133456], [145.6272381, -37.6131681], [145.6270568, -37.6130303], [145.6268479, -37.6129397], [145.6264709, -37.6128384], [145.626021, -37.6127238], [145.6256574, -37.6124975], [145.6253548, -37.6124464], [145.6252177, -37.6124289], [145.6249627, -37.6124401], [145.6248243, -37.6124984], [145.6245514, -37.6126345], [145.6244574, -37.612688], [145.6244255, -37.6127352], [145.6243891, -37.612746]]}}, {"type": "Feature", "properties": {"waterbody": "Werribee River", "name": "Werribee River", "city": "Melbourne", "country": "Australia", "osm_id": 19690973}, "geometry": {"type": "LineString", "coordinates": [[144.6563651, -37.8986955], [144.6564783, -37.8987528], [144.6566253, -37.8988368], [144.6570298, -37.899152], [144.657482, -37.8994146], [144.6580599, -37.8996755], [144.6583437, -37.8998581], [144.6584603, -37.8999328], [144.6586096, -37.9000561], [144.6587406, -37.9001691], [144.6589132, -37.9003488], [144.6590855, -37.9005528], [144.6591565, -37.9006808], [144.6592241, -37.9008448], [144.6592562, -37.9009594], [144.6592629, -37.9011421], [144.6592291, -37.9013741], [144.6591193, -37.9015594], [144.6589723, -37.9017101], [144.6588101, -37.9018194], [144.6583114, -37.9020316], [144.6581275, -37.9021047], [144.6577106, -37.9023093], [144.6575276, -37.9024087], [144.6569725, -37.9027698], [144.6564766, -37.9029993], [144.6561978, -37.9031206], [144.6559089, -37.903238], [144.6557889, -37.9032806], [144.655582, -37.9033252], [144.6552473, -37.9033252], [144.6546121, -37.9033049], [144.6541661, -37.9033551], [144.6540776, -37.9033667], [144.6539314, -37.9033773], [144.6537222, -37.9033752], [144.6535519, -37.9033762], [144.6534258, -37.903372], [144.6532837, -37.9033667], [144.6531992, -37.9033783], [144.6531107, -37.9034122], [144.6530141, -37.9034619], [144.6529296, -37.9034969], [144.6528304, -37.9035424], [144.6526305, -37.9036291], [144.6524884, -37.9037], [144.6523221, -37.9037953], [144.6522081, -37.9038207], [144.6520901, -37.9038196], [144.6520056, -37.9038122], [144.6519063, -37.903808], [144.6518084, -37.9038143], [144.6517092, -37.9038238], [144.6516019, -37.9038503], [144.6515067, -37.9038757], [144.6514088, -37.9039138], [144.6513209, -37.90395], [144.6509952, -37.9041113], [144.6505993, -37.9043011], [144.650381, -37.9044221], [144.6500787, -37.9045741], [144.649934, -37.904711], [144.649769, -37.9048951], [144.6495739, -37.9051537], [144.649591, -37.905384], [144.6495838, -37.9055811], [144.6495071, -37.9056651], [144.6493879, -37.9057339], [144.6493445, -37.9057711], [144.6492786, -37.9058738], [144.6492532, -37.9059764], [144.6492448, -37.9060831], [144.6492431, -37.9061897], [144.6492566, -37.906355], [144.649282, -37.9064937], [144.6493174, -37.906615], [144.6493665, -37.906731], [144.6494056, -37.9067785], [144.6494586, -37.9068362], [144.649694, -37.9069533], [144.649919, -37.9070523], [144.650104, -37.9071124], [144.650218, -37.9071349], [144.650348, -37.9071415], [144.6504878, -37.9071444], [144.6506437, -37.9071645], [144.6508377, -37.9072054], [144.6511528, -37.9072961], [144.6515338, -37.9074345], [144.6516964, -37.9074777], [144.651857, -37.9076789], [144.6519044, -37.9077802], [144.6519483, -37.9079029], [144.6519753, -37.9081282], [144.6519855, -37.9084268], [144.6519943, -37.908682], [144.6520192, -37.9091135], [144.6520107, -37.9092445], [144.6519596, -37.9093906], [144.6519043, -37.9095233], [144.6518489, -37.9096157], [144.6517829, -37.9097148], [144.6517552, -37.909834], [144.651751, -37.9099617], [144.6517531, -37.9101095], [144.6517808, -37.910264], [144.6519305, -37.9108667], [144.6519985, -37.9112298], [144.6521832, -37.9118569], [144.6522169, -37.9120222], [144.6522795, -37.9121528], [144.6523471, -37.9122622], [144.6523745, -37.9122861], [144.6526292, -37.9124821], [144.6528526, -37.9125893], [144.653256, -37.9128331], [144.6533727, -37.912922], [144.6535298, -37.9130793], [144.6536422, -37.9132326], [144.6538188, -37.9135966], [144.6539554, -37.9138852], [144.6541229, -37.9140926], [144.6544541, -37.9145244], [144.6547937, -37.9149269], [144.655184, -37.9153748], [144.6553327, -37.9155201], [144.6557079, -37.9158699], [144.6558024, -37.9159743], [144.656041, -37.9161923], [144.6561359, -37.9163223], [144.6561959, -37.9164391], [144.6562672, -37.9166033], [144.6563178, -37.9167394], [144.6563835, -37.9169347], [144.6564285, -37.9171477], [144.6565229, -37.9176871], [144.6565702, -37.9178809], [144.656615, -37.918071], [144.6566883, -37.9182276], [144.6567733, -37.9183002], [144.6568466, -37.9184195], [144.6569458, -37.9187233], [144.6570056, -37.9188897], [144.6570476, -37.9190723], [144.6570923, -37.9192125], [144.65715, -37.9193309], [144.6572409, -37.9195358], [144.6572877, -37.9196198], [144.6573971, -37.9197683], [144.6575906, -37.9199395]]}}, {"type": "Feature", "properties": {"waterbody": "Werribee River", "name": "Werribee River", "city": "Melbourne", "country": "Australia", "osm_id": 24557020}, "geometry": {"type": "LineString", "coordinates": [[144.6446342, -37.8789424], [144.6445757, -37.8789294], [144.6445385, -37.8789034], [144.6444816, -37.8788609], [144.6443937, -37.8788155], [144.6443177, -37.8787826], [144.6442009, -37.8787694], [144.6440913, -37.8787702], [144.6439263, -37.8787744], [144.6436155, -37.8787963], [144.6435016, -37.8788005], [144.6433952, -37.878787], [144.6432941, -37.8787691], [144.643211, -37.8787341], [144.6431184, -37.878687], [144.6430631, -37.8786669], [144.6429609, -37.8786492], [144.6428587, -37.8786518], [144.6427618, -37.8786568], [144.6426373, -37.878682], [144.642493, -37.878723], [144.6424127, -37.8787811], [144.6423616, -37.8788433], [144.6423446, -37.8788971], [144.6423754, -37.8790517], [144.6423978, -37.8791349], [144.6424137, -37.8792205], [144.6424958, -37.879345], [144.64255, -37.8795726], [144.6426032, -37.8798288], [144.6426437, -37.8799893], [144.6426564, -37.8800489], [144.6426543, -37.8801145], [144.6426383, -37.8801825], [144.6426128, -37.8802422], [144.6425936, -37.8802783], [144.6425636, -37.880324], [144.6425223, -37.8803657], [144.6423541, -37.8804741], [144.6420712, -37.880676], [144.6419997, -37.8807303], [144.6417708, -37.8809449]]}}, {"type": "Feature", "properties": {"waterbody": "Werribee River", "name": "Werribee River", "city": "Melbourne", "country": "Australia", "osm_id": 25847339}, "geometry": {"type": "LineString", "coordinates": [[144.5813417, -37.8204795], [144.5816097, -37.8205311], [144.5822185, -37.8205672], [144.5828515, -37.820577], [144.5832378, -37.8205248], [144.5837142, -37.8202336], [144.5840659, -37.8198019], [144.5841232, -37.8194931], [144.5845256, -37.8190345], [144.5846774, -37.8189104], [144.584882, -37.8188742], [144.5850797, -37.8190435], [144.5851636, -37.8191995], [144.5854318, -37.819245], [144.585641, -37.8192302], [144.5860029, -37.8190228], [144.5865801, -37.8185862], [144.586799, -37.8182739], [144.5868856, -37.817872], [144.5868848, -37.8175755], [144.5869277, -37.8173043], [144.586958, -37.8167999], [144.586968, -37.8164844], [144.5869254, -37.8162671], [144.5869526, -37.8162055], [144.5870492, -37.8161531], [144.5872573, -37.8161854], [144.5874279, -37.8162627], [144.5876775, -37.8162728], [144.5878565, -37.8161822], [144.58805, -37.8160859], [144.5883118, -37.8160245], [144.5886615, -37.816389], [144.5890049, -37.8171009], [144.589228, -37.8174738], [144.5895456, -37.8178467], [144.5900302, -37.8186621], [144.590631, -37.8198486], [144.5911374, -37.8210622], [144.5913262, -37.8217673], [144.5915494, -37.8221538], [144.5915322, -37.8223572], [144.5914035, -37.8227301], [144.5912576, -37.8228996], [144.5907769, -37.8236386], [144.5905881, -37.8240522], [144.5904508, -37.8242284], [144.590219, -37.8243166], [144.5898757, -37.8242013], [144.5894895, -37.8240522], [144.5891547, -37.8240657], [144.5889831, -37.8241878], [144.58882, -37.8244996], [144.58882, -37.8247505], [144.5890174, -37.824981], [144.5893178, -37.8251844], [144.589747, -37.8252047], [144.5902362, -37.8253674], [144.5906092, -37.8255057], [144.5912047, -37.8255539], [144.5918141, -37.8255369], [144.5927547, -37.8254371], [144.5935836, -37.8253403], [144.594193, -37.8252183], [144.5944226, -37.8250652], [144.5944783, -37.8248954], [144.5944548, -37.8246753], [144.5944911, -37.8245478], [144.5945106, -37.8244793], [144.5946736, -37.8243505], [144.5949483, -37.8242149], [144.5953345, -37.8242149], [144.5955389, -37.8243009], [144.595702, -37.824544], [144.5957465, -37.8247098], [144.5958924, -37.8248046], [144.5960898, -37.8247369], [144.5962378, -37.8246253], [144.5964675, -37.824425], [144.5966805, -37.8243505], [144.5970254, -37.8243572], [144.5973859, -37.8245606], [144.5976707, -37.824633], [144.598012, -37.8247843], [144.5983359, -37.8252092], [144.59877, -37.82568], [144.5994802, -37.8259911], [144.6000177, -37.8261075], [144.6004999, -37.8263365], [144.6013051, -37.8266393], [144.6019006, -37.826764], [144.6023297, -37.8268957], [144.6026918, -37.8270651], [144.60317, -37.82713], [144.6035485, -37.8273809], [144.604012, -37.8278352], [144.6043296, -37.8283504], [144.60442, -37.82865], [144.6043811, -37.8289266], [144.6040635, -37.8292588], [144.6035609, -37.829707], [144.6032138, -37.8300045], [144.6028608, -37.8301476], [144.6027846, -37.8302825], [144.6027803, -37.8306243], [144.6028501, -37.831048], [144.6030335, -37.8314824], [144.6029761, -37.8318551], [144.602981, -37.8319286], [144.6029906, -37.8320722], [144.60313, -37.83246], [144.6033511, -37.8326755], [144.6038327, -37.8329388], [144.6045544, -37.8333122], [144.6048081, -37.833356], [144.6050656, -37.8333825], [144.605366, -37.8333867], [144.6055571, -37.8334393], [144.6058676, -37.8336282], [144.606235, -37.8340109], [144.6065183, -37.8342889], [144.6068788, -37.8345736], [144.6071738, -37.8347827], [144.6076169, -37.83496], [144.6077666, -37.8352001], [144.6080031, -37.8354887], [144.6083722, -37.8356853], [144.6088475, -37.8357], [144.6092219, -37.8356717], [144.6095824, -37.8356174], [144.6098775, -37.8355326], [144.6101427, -37.8354441], [144.6104112, -37.8356068], [144.6105781, -37.8358886], [144.610717, -37.8362825], [144.6106553, -37.8366207], [144.6104059, -37.8370599], [144.6100288, -37.8375901], [144.60973, -37.83809], [144.6094027, -37.8382758], [144.6091619, -37.8383967], [144.60897, -37.83855], [144.6089044, -37.8387356], [144.60901, -37.83916], [144.6092305, -37.8395694], [144.6095567, -37.8399015], [144.6099821, -37.8401229], [144.61045, -37.8403], [144.611728, -37.8409415], [144.6121037, -37.8410878], [144.6128453, -37.8413036], [144.6133303, -37.8414413], [144.6136079, -37.8415961]]}}, {"type": "Feature", "properties": {"waterbody": "Werribee River", "name": "Werribee River", "city": "Melbourne", "country": "Australia", "osm_id": 26488692}, "geometry": {"type": "LineString", "coordinates": [[144.6136079, -37.8415961], [144.6139175, -37.8418387], [144.6141803, -37.8420478], [144.6144035, -37.842163], [144.6145419, -37.8422192], [144.6146786, -37.8422751], [144.6148841, -37.8423528], [144.6151673, -37.8424003], [144.6152961, -37.8424206], [144.6154935, -37.8424816], [144.6157424, -37.8426307], [144.61606, -37.8427527], [144.6161887, -37.8427798], [144.6164376, -37.8428273], [144.6168925, -37.8428612], [144.6171758, -37.8428951], [144.6174075, -37.842929], [144.6176049, -37.8429764], [144.6177337, -37.8430916], [144.6177852, -37.8432475], [144.6178109, -37.843478], [144.6177852, -37.8439185], [144.6176479, -37.8444675], [144.6175964, -37.8447387], [144.6174848, -37.8449013], [144.6174247, -37.8450301], [144.6173045, -37.845125], [144.6170385, -37.8451792], [144.6168239, -37.8452131], [144.6167552, -37.845247], [144.6167123, -37.8453419], [144.6167981, -37.8454164], [144.6169269, -37.8455113], [144.6170728, -37.8456265], [144.6170728, -37.8457079], [144.6169955, -37.8458299], [144.6169097, -37.8460603], [144.6168668, -37.8462772], [144.616884, -37.846528], [144.6169097, -37.8467381], [144.6169011, -37.846955], [144.6169183, -37.8471854], [144.6172444, -37.8476734], [144.6176049, -37.8481207], [144.6180341, -37.8484935], [144.6183087, -37.8486426], [144.6185319, -37.8487171], [144.6186349, -37.8488391], [144.6187379, -37.8489882], [144.6187196, -37.8490254], [144.6186778, -37.8491102], [144.6185662, -37.8493407], [144.6186006, -37.8494898], [144.6187379, -37.849727], [144.6188201, -37.8499], [144.6189782, -37.8504183], [144.6190297, -37.8507571], [144.6190317, -37.8510119], [144.6190555, -37.8512383], [144.619107, -37.8514891], [144.6192357, -37.8516653], [144.6194503, -37.8518754], [144.6197507, -37.8519974], [144.6200389, -37.8519594], [144.6200597, -37.8519567], [144.6204202, -37.8518279], [144.6207635, -37.8516585], [144.6210725, -37.8514281], [144.6212785, -37.8513197], [144.6215188, -37.8512993], [144.6220166, -37.851462], [144.6225831, -37.8517534], [144.6229779, -37.8519635], [144.6233041, -37.8521736], [144.6235616, -37.8523904], [144.6238019, -37.8529191], [144.6238919, -37.8532033], [144.6239822, -37.8534883], [144.6241367, -37.8541525], [144.6242225, -37.8545252], [144.6242396, -37.8547217], [144.6241624, -37.8549454], [144.624068, -37.8551419], [144.6240522, -37.8552552], [144.6240766, -37.8553317], [144.6242396, -37.8554672], [144.6243941, -37.8555214], [144.6246688, -37.8555621], [144.624995, -37.8555621], [144.6252267, -37.8556434], [144.6253297, -37.8557451], [144.6253812, -37.8558941], [144.625364, -37.8560907], [144.6251924, -37.8563075], [144.6250207, -37.8564973], [144.6249005, -37.8566464], [144.6248834, -37.8567819], [144.6250121, -37.8569581], [144.6251752, -37.8570733], [144.6252267, -37.8572156], [144.6251323, -37.8573376], [144.6249263, -37.8575341], [144.6247289, -37.8576222], [144.6244113, -37.8576425], [144.6242396, -37.8577035], [144.624068, -37.8578797], [144.6238877, -37.8580491], [144.6235788, -37.8581643], [144.623038, -37.8582321], [144.6227719, -37.8582457], [144.6226089, -37.8583134], [144.6226003, -37.8584828], [144.6226604, -37.8587471], [144.6228921, -37.8592079], [144.6232869, -37.8598043], [144.623553, -37.8601024], [144.6236742, -37.8601837], [144.6237247, -37.8602176], [144.6239907, -37.8602854], [144.6242654, -37.8602786], [144.6246087, -37.8602718], [144.624746, -37.8603057], [144.6248748, -37.8604819], [144.6249692, -37.8607259], [144.6251237, -37.8608749], [144.6256086, -37.86105], [144.6260078, -37.8611189], [144.626807, -37.8612733], [144.6268956, -37.8612904], [144.6272008, -37.8613493], [144.6275613, -37.8612951], [144.6281106, -37.861085], [144.6284883, -37.8609495], [144.6289603, -37.860902], [144.6291737, -37.8609316], [144.6294035, -37.8609634], [144.6294496, -37.8609698], [144.6298701, -37.861146], [144.630368, -37.8615119], [144.6306855, -37.8619592], [144.6310804, -37.8625758], [144.6312863, -37.8627994], [144.6314923, -37.8629146], [144.6317069, -37.8630908], [144.6317842, -37.8632602], [144.6319215, -37.8634499], [144.6320932, -37.8635922], [144.6323506, -37.8636939], [144.6326339, -37.8637548], [144.6329944, -37.863931], [144.6332519, -37.864114], [144.6335179, -37.8644257], [144.6337669, -37.8648797], [144.6341874, -37.8659435], [144.6343677, -37.8665398], [144.6345651, -37.8668379], [144.6347797, -37.8670547], [144.6349419, -37.8672333], [144.6350543, -37.8674748], [144.6352431, -37.8676239], [144.635595, -37.8677459], [144.6360242, -37.8678001], [144.6364483, -37.8677749], [144.6367073, -37.8676525], [144.6369626, -37.8674031], [144.6372961, -37.8669301], [144.6377705, -37.8661806], [144.6379614, -37.8659312], [144.638075, -37.8657691], [144.6382377, -37.8656516], [144.6383254, -37.8656073], [144.6384756, -37.8655852], [144.6390327, -37.865598], [144.6393955, -37.8656122], [144.639698, -37.8656431], [144.6400555, -37.8657172], [144.6407878, -37.8659638], [144.6415915, -37.8662463], [144.6420277, -37.8663707], [144.6423794, -37.8664446], [144.6427823, -37.8665053], [144.6433215, -37.8666133], [144.6438611, -37.866684], [144.6440249, -37.8666923], [144.6442277, -37.8666979], [144.6444374, -37.8666846], [144.6450918, -37.8665968], [144.6455824, -37.8665095], [144.6460294, -37.866404], [144.6463389, -37.8663124], [144.646473, -37.8662818], [144.6465859, -37.8662879], [144.6466969, -37.8663164], [144.64681, -37.8663822], [144.6469584, -37.8665262], [144.6470292, -37.8666821], [144.6470544, -37.8667847], [144.6470454, -37.8668654], [144.6469974, -37.8669993], [144.6469864, -37.8670909], [144.6470037, -37.8671742], [144.6470652, -37.8672889], [144.6470838, -37.8673728], [144.6470575, -37.8676939], [144.6469879, -37.8680505], [144.6468306, -37.8685324], [144.6466105, -37.8690977], [144.6463941, -37.8696158], [144.6463341, -37.8697887], [144.6463207, -37.8698997], [144.646329, -37.8700352], [144.6463811, -37.8701389], [144.6464907, -37.8702552], [144.6466308, -37.870353], [144.646925, -37.8704427], [144.6471244, -37.8705077], [144.6473153, -37.8705274], [144.6476638, -37.8704984], [144.6480266, -37.8704041], [144.6482791, -37.8702693], [144.6485436, -37.8700771], [144.6488704, -37.8697669], [144.6491146, -37.8695637], [144.6496156, -37.8691682], [144.650021, -37.868904], [144.6506301, -37.8684582], [144.6513223, -37.8679942], [144.6518504, -37.867624], [144.651974, -37.8675487], [144.6521086, -37.8674909], [144.6521878, -37.8674797], [144.6522871, -37.867489], [144.6524578, -37.8675213], [144.6526545, -37.8675747], [144.6527593, -37.8675897], [144.6528933, -37.8675988], [144.6531472, -37.8676198]]}}, {"type": "Feature", "properties": {"waterbody": "Werribee River", "name": "Werribee River", "city": "Melbourne", "country": "Australia", "osm_id": 35203578}, "geometry": {"type": "LineString", "coordinates": [[144.5751622, -37.7481836], [144.5754747, -37.748397], [144.5757032, -37.7485977], [144.5758792, -37.7488623], [144.5760016, -37.7493536], [144.5761166, -37.7496438], [144.5763059, -37.7498388], [144.5766726, -37.7500932], [144.5767998, -37.7502339], [144.5768361, -37.7503333], [144.5768276, -37.7504476], [144.5766914, -37.7508663], [144.5765394, -37.7513606], [144.5762745, -37.7523546], [144.5761711, -37.752848], [144.576093, -37.7532368], [144.5760803, -37.7534152], [144.5761016, -37.7535196], [144.576225, -37.7536408], [144.5765188, -37.7537956], [144.5769361, -37.7540683], [144.5774768, -37.7545733], [144.5780729, -37.7551085], [144.5783156, -37.755425], [144.5784646, -37.7557145], [144.5786307, -37.7559299], [144.5790181, -37.7563069], [144.5792352, -37.7565089], [144.5794333, -37.7566234], [144.579665, -37.7567078], [144.5800145, -37.7567804], [144.5806055, -37.7568668], [144.5807633, -37.7569124], [144.5812953, -37.7571182], [144.581509, -37.7572263], [144.5815981, -37.7573026], [144.5818133, -37.7575894], [144.5820052, -37.7577439], [144.5820715, -37.7578386], [144.5821371, -37.7579572], [144.5821562, -37.7580234], [144.5821444, -37.7581074], [144.5820984, -37.758236], [144.5819815, -37.7583862], [144.5816402, -37.7587181], [144.5813058, -37.758948], [144.5810904, -37.7591798], [144.5809084, -37.7592889], [144.5806477, -37.7593588], [144.5804099, -37.7594383], [144.5802182, -37.7595497], [144.579942, -37.759843], [144.5795405, -37.7605806], [144.5794522, -37.7608508], [144.5794362, -37.7610036], [144.5793715, -37.7611036], [144.579276, -37.7612911], [144.5792225, -37.761447], [144.5792015, -37.7616248], [144.5792537, -37.7619238], [144.5794484, -37.7624262], [144.5796216, -37.7629652], [144.5797841, -37.7636065], [144.5799414, -37.7640421], [144.5799883, -37.76427], [144.5800203, -37.7645798], [144.5800228, -37.7648515], [144.5799891, -37.7650166], [144.5798995, -37.765279], [144.5795295, -37.7660047], [144.5790524, -37.7671306], [144.5788975, -37.7676293], [144.5787348, -37.7681973], [144.578688, -37.7684634], [144.578608, -37.7686564], [144.5784646, -37.7688856], [144.57829, -37.7692121], [144.5782276, -37.7693926], [144.5781899, -37.7695682], [144.5781729, -37.7698089], [144.5781939, -37.7700407], [144.5782695, -37.7703172], [144.5785853, -37.7710822], [144.5788337, -37.7714962], [144.5790267, -37.7720018], [144.5792337, -37.7724393], [144.5795254, -37.7730148], [144.5797527, -37.7733317], [144.580183, -37.7736919], [144.5806002, -37.7740321], [144.5811573, -37.774389], [144.5816871, -37.7746739], [144.5823155, -37.7750001], [144.5825455, -37.7751637], [144.5827373, -37.7753212], [144.5829466, -37.7755545], [144.5830118, -37.7756727], [144.5831364, -37.7761944], [144.5832238, -37.7763812], [144.5834257, -37.7768024], [144.5837171, -37.7775578], [144.5837506, -37.777795], [144.5837711, -37.7780867], [144.5837452, -37.7782425], [144.5837019, -37.7784321], [144.5837566, -37.7786239], [144.5839077, -37.778827], [144.5841201, -37.7789947], [144.5844068, -37.77918], [144.5848661, -37.7794275], [144.5857312, -37.7799724], [144.5865412, -37.780494], [144.5868627, -37.7806392], [144.5872508, -37.7807406], [144.5874048, -37.7807465], [144.5876543, -37.7807258], [144.587883, -37.78075], [144.5881991, -37.780878], [144.5886193, -37.7811232], [144.5888672, -37.7813808], [144.5891949, -37.7817935], [144.5894924, -37.7822527], [144.5901345, -37.7832466], [144.5903007, -37.7836181], [144.5904011, -37.7839958], [144.5904289, -37.7842681], [144.5904145, -37.7844862], [144.5903348, -37.7847177], [144.5902302, -37.7848972], [144.5900673, -37.7850606], [144.5896559, -37.7854202], [144.5893013, -37.785751], [144.5890819, -37.785885], [144.5888618, -37.7860078], [144.5882782, -37.7862601], [144.5880099, -37.78637], [144.5878872, -37.7864732], [144.5878513, -37.7865679], [144.5878648, -37.7867251], [144.588054, -37.7871667], [144.5881964, -37.7873647], [144.5884855, -37.7876306], [144.5889577, -37.7879533], [144.5893397, -37.7881377], [144.5895295, -37.7881794], [144.5896441, -37.7881604], [144.5897729, -37.7881077], [144.589991, -37.7880086], [144.5901202, -37.7879825], [144.5902286, -37.7879969], [144.5903876, -37.7880499], [144.59068, -37.7882586], [144.5907983, -37.7884247], [144.5908711, -37.7886152], [144.5908947, -37.7889099], [144.5909168, -37.7893561], [144.5908754, -37.7896586], [144.5907558, -37.7899723], [144.5904673, -37.7906467], [144.5902425, -37.7911417], [144.5901059, -37.7913551], [144.5897531, -37.7917097], [144.5893258, -37.7921349], [144.5890229, -37.7925854], [144.5887629, -37.7931302]]}}, {"type": "Feature", "properties": {"waterbody": "Werribee River", "name": "Werribee River", "city": "Melbourne", "country": "Australia", "osm_id": 183008563}, "geometry": {"type": "LineString", "coordinates": [[144.5887629, -37.7931302], [144.5887096, -37.7933794], [144.5884062, -37.7935829], [144.5883325, -37.7937386], [144.5883454, -37.7940619], [144.58829, -37.79427], [144.5881619, -37.794348], [144.5879556, -37.7943378], [144.5877842, -37.7943855], [144.5875632, -37.7946208], [144.5872829, -37.7947414], [144.58572, -37.79491], [144.5853214, -37.7949837], [144.5850669, -37.7949843], [144.5849674, -37.7948652], [144.5848649, -37.7946905], [144.5847112, -37.7946299], [144.5845326, -37.794674], [144.5842427, -37.7949688], [144.5835965, -37.7951903], [144.5832194, -37.7954357], [144.5825293, -37.7962089], [144.58163, -37.79706], [144.5810996, -37.7974575], [144.5803859, -37.7977135], [144.5802783, -37.797885], [144.5802255, -37.7980425], [144.5800158, -37.7981395], [144.5799023, -37.7982747], [144.5797561, -37.7984655], [144.5788605, -37.7988796], [144.57819, -37.7994], [144.5781, -37.79968], [144.578135, -37.7997499], [144.57823, -37.79994], [144.58008, -37.80084], [144.5806289, -37.8009683], [144.5809827, -37.8010015], [144.581326, -37.8009146], [144.5816034, -37.8008729], [144.5819435, -37.8009384], [144.5822415, -37.8009897], [144.5824322, -37.801148], [144.5824096, -37.8013385], [144.5823587, -37.8015884], [144.5822436, -37.8018827], [144.5821575, -37.8021474], [144.5820395, -37.8023085], [144.5818311, -37.8024477], [144.5818271, -37.8026728], [144.5817935, -37.8028271], [144.581628, -37.8031024], [144.58137, -37.8033084], [144.581123, -37.8035428], [144.580777, -37.8039556], [144.5805254, -37.8041694], [144.5803972, -37.8042523], [144.5802046, -37.8043665], [144.5799852, -37.8043879], [144.5797937, -37.8043413], [144.5795303, -37.8042], [144.5792049, -37.8040234], [144.5790681, -37.8040082], [144.5789466, -37.8040927], [144.578831, -37.8042657], [144.5786694, -37.8045365], [144.5786261, -37.804609], [144.5783716, -37.8049078], [144.5781739, -37.8052591], [144.5779703, -37.8055457], [144.5777504, -37.8058657], [144.5775752, -37.806228], [144.577506, -37.8065796], [144.5774895, -37.8066364], [144.5774154, -37.8069143]]}}, {"type": "Feature", "properties": {"waterbody": "Werribee River", "name": "Werribee River", "city": "Melbourne", "country": "Australia", "osm_id": 217703458}, "geometry": {"type": "LineString", "coordinates": [[144.6492431, -37.9061897], [144.6492955, -37.9062404], [144.6493732, -37.9062844], [144.6494348, -37.9063], [144.6495506, -37.906315], [144.6496723, -37.9063137], [144.6497928, -37.9062926], [144.6499944, -37.9062494], [144.6501353, -37.9062071], [144.6502449, -37.9061981], [144.6503279, -37.9062071], [144.6504702, -37.9062658], [144.6506847, -37.9063504], [144.6508753, -37.9064164], [144.6509615, -37.9064457], [144.6510281, -37.9064859], [144.651073, -37.9065244], [144.6511246, -37.9066044], [144.6511783, -37.9067144], [144.6512133, -37.9068363], [144.6512443, -37.9069049], [144.6513606, -37.9070615], [144.6514787, -37.9072224], [144.6516964, -37.9074777]]}}, {"type": "Feature", "properties": {"waterbody": "Werribee River", "name": "Werribee River", "city": "Melbourne", "country": "Australia", "osm_id": 251701300}, "geometry": {"type": "LineString", "coordinates": [[144.4647147, -37.6919442], [144.4650891, -37.6920177], [144.4656643, -37.6922381], [144.4661042, -37.6924758], [144.4663015, -37.6924889], [144.4665494, -37.6924801], [144.4668713, -37.6924376], [144.4673916, -37.6922891], [144.4677365, -37.6922045], [144.4678798, -37.6921999], [144.468179, -37.6922406], [144.4683963, -37.6922469], [144.4691404, -37.692132], [144.4697037, -37.6920301], [144.4699359, -37.6920071], [144.4701022, -37.6920156], [144.4702551, -37.6920368], [144.4705084, -37.692098], [144.4709697, -37.6922424], [144.4713238, -37.6923485], [144.4715211, -37.6923721], [144.4717625, -37.6923488], [144.4722238, -37.6922957], [144.47283, -37.6922639], [144.4731787, -37.6922618], [144.4736078, -37.692317], [144.4739056, -37.6924401], [144.4741738, -37.6926035], [144.4745895, -37.6928773], [144.4748214, -37.693138], [144.4750091, -37.693346], [144.4751152, -37.6934206], [144.4752505, -37.6934861], [144.4754237, -37.6935055], [144.4755885, -37.6935158], [144.4757375, -37.6934928], [144.4759318, -37.6934479], [144.4762429, -37.6932611], [144.4765272, -37.6930828], [144.4767594, -37.6929749], [144.476951, -37.6929215], [144.4771001, -37.6929155], [144.4773534, -37.69293], [144.4779435, -37.6930531], [144.4784102, -37.6932951], [144.4785765, -37.6934139], [144.4786879, -37.6934461], [144.4788339, -37.6934606], [144.4789401, -37.6934461], [144.4791183, -37.6933842], [144.4793811, -37.6931295], [144.4795087, -37.6930131], [144.4796708, -37.6929258], [144.4799122, -37.6928451], [144.4801229, -37.6928476], [144.4804272, -37.6929046], [144.4808295, -37.6928112], [144.481146, -37.6926668], [144.4813514, -37.692629], [144.4814928, -37.6926365], [144.481627, -37.692676], [144.4817897, -37.6927848], [144.4819495, -37.6928433], [144.482176, -37.6928791], [144.482325, -37.6928476], [144.4825289, -37.6927818], [144.4827676, -37.6927584], [144.4830289, -37.6927645], [144.4833228, -37.692786], [144.4841848, -37.6929765], [144.484526, -37.6930514], [144.4848411, -37.6932232], [144.4850572, -37.6933905], [144.485335, -37.6935736], [144.485731, -37.6939138], [144.4859141, -37.6941194], [144.4860686, -37.6943196], [144.4864378, -37.6946662], [144.4867483, -37.6949313], [144.4867745, -37.6949823], [144.4869211, -37.6952683], [144.4870551, -37.6956557], [144.487251, -37.6961778], [144.4873787, -37.6964339], [144.4874298, -37.6965922], [144.4874469, -37.6967169], [144.4874298, -37.6970437], [144.4872723, -37.6978927], [144.4871695, -37.6986854], [144.4871629, -37.6990678], [144.4871105, -37.6993817], [144.4870977, -37.6999072], [144.4871531, -37.7002269], [144.4872171, -37.7010083], [144.4870723, -37.7013565], [144.4865364, -37.7024025], [144.4862157, -37.7028229], [144.4858089, -37.7032443], [144.4854795, -37.7037383], [144.4853435, -37.7040542], [144.4852869, -37.7043898], [144.4853571, -37.7046222], [144.485748, -37.7049974], [144.4860596, -37.7051283], [144.4871546, -37.7053], [144.4883555, -37.7054372], [144.4896524, -37.7056071], [144.490182, -37.7056396], [144.4906615, -37.7056071], [144.4910136, -37.7055458], [144.4919192, -37.7052523], [144.4929901, -37.7047549], [144.4945418, -37.7042548], [144.4949618, -37.7041485], [144.49536, -37.7041168], [144.4955834, -37.7041788], [144.4958389, -37.7043236], [144.4962269, -37.7046025], [144.4970056, -37.7054705], [144.4980742, -37.7073183], [144.4984536, -37.7077599], [144.4992659, -37.7082178], [144.4997708, -37.7084371], [144.500909, -37.7088075], [144.5013569, -37.7088914], [144.5018555, -37.7089053], [144.5029532, -37.7088216], [144.5056785, -37.7085242], [144.5067046, -37.7084737], [144.507454, -37.7084703], [144.5082545, -37.7085], [144.5092465, -37.7087251], [144.5098157, -37.7087637], [144.5105718, -37.708693], [144.5115557, -37.7084807], [144.5128485, -37.7082491], [144.5137348, -37.7081655], [144.5151089, -37.7080626], [144.5165806, -37.7079854], [144.5192293, -37.7081152], [144.5206427, -37.7083267], [144.5213245, -37.7084288], [144.5232498, -37.7089999], [144.5239868, -37.7090699], [144.5247221, -37.7090671], [144.5255792, -37.708925], [144.5263926, -37.7087199], [144.5282613, -37.707992], [144.530583, -37.70732], [144.5324375, -37.7070623], [144.5333113, -37.7069713], [144.5337824, -37.7069503], [144.534133, -37.7069646], [144.5345327, -37.7070399], [144.5349207, -37.7071566], [144.5352972, -37.7073312], [144.5357219, -37.707768], [144.5369252, -37.7094927], [144.5376897, -37.7105903], [144.537867, -37.7108248], [144.5380011, -37.7111951], [144.537982, -37.7115086], [144.5379162, -37.7118334], [144.5376755, -37.7126398], [144.5376371, -37.7128862], [144.5376189, -37.713211], [144.5376882, -37.7135666], [144.5378459, -37.713873], [144.5380586, -37.7141392], [144.5383608, -37.7143992], [144.5396912, -37.7151546], [144.5400683, -37.7153214], [144.5403993, -37.7155959], [144.5407105, -37.7162579], [144.5409465, -37.7173358], [144.5415968, -37.7185648], [144.541955, -37.7189737], [144.5423206, -37.7192687], [144.5428668, -37.7195134], [144.5433893, -37.7196459], [144.543962, -37.7197041], [144.545003, -37.7197436], [144.5461426, -37.7198529], [144.5470941, -37.7198903], [144.5481878, -37.7200602], [144.5488307, -37.7203061], [144.5494866, -37.7206116], [144.5516861, -37.7218761], [144.5532739, -37.7225635], [144.5535185, -37.7226636], [144.5538634, -37.7227073], [144.5541859, -37.7227078], [144.5544595, -37.7225962], [144.5547438, -37.7223683], [144.5550555, -37.7219294], [144.5552373, -37.7217149], [144.555311, -37.7216263], [144.5555367, -37.7214848], [144.555763, -37.7213924], [144.5560518, -37.7213905], [144.5563853, -37.7214348], [144.5567586, -37.7215185], [144.5570397, -37.7216555], [144.5573164, -37.7219024], [144.5574904, -37.7221901], [144.5575804, -37.722512], [144.5577478, -37.7228096], [144.5583701, -37.7233188], [144.5595932, -37.7240232], [144.5609236, -37.7249651], [144.5611909, -37.7252197], [144.5615459, -37.725644], [144.5617444, -37.725937], [144.5619535, -37.7263229], [144.5620638, -37.7266981], [144.5621038, -37.727129], [144.5622003, -37.7285292], [144.5622554, -37.7290082], [144.5624578, -37.7295814], [144.5629942, -37.7304384], [144.5632815, -37.7307963], [144.5637345, -37.7311342], [144.5645499, -37.7315924], [144.5649548, -37.7319244], [144.5652688, -37.7323391], [144.5655155, -37.7331876], [144.5655692, -37.7341974], [144.5657945, -37.7353768], [144.5659769, -37.7367428], [144.5663416, -37.7378034], [144.5668781, -37.7386434], [144.5678866, -37.7399924], [144.5688093, -37.741282], [144.5693028, -37.7423425], [144.5702515, -37.7442593]]}}, {"type": "Feature", "properties": {"waterbody": "Werribee River", "name": "Werribee River", "city": "Melbourne", "country": "Australia", "osm_id": 258852596}, "geometry": {"type": "LineString", "coordinates": [[144.6575906, -37.9199395], [144.6577304, -37.9201416], [144.6578199, -37.9202789], [144.6579658, -37.9204892], [144.6582778, -37.9208712], [144.6583353, -37.9209547], [144.658416, -37.9211205], [144.6586708, -37.9217359], [144.6588796, -37.9220589], [144.6589607, -37.9221215], [144.6593238, -37.9226395], [144.6600098, -37.9234099], [144.6601703, -37.9235405], [144.660346, -37.9236791], [144.6606859, -37.9239049], [144.6612922, -37.9242909], [144.6621446, -37.9247697], [144.6624345, -37.9249227], [144.6627183, -37.9250586], [144.6629887, -37.9251573], [144.6632696, -37.9252613], [144.6634753, -37.9253079], [144.6637305, -37.9253492], [144.6639712, -37.9253762], [144.6641867, -37.9253825], [144.6644063, -37.9253719], [144.6661046, -37.9252588], [144.6664171, -37.9252719], [144.6666891, -37.9253039], [144.6669242, -37.9253477], [144.6670896, -37.9253732], [144.6673329, -37.9254518], [144.6674985, -37.9255251], [144.6676843, -37.9256211], [144.6678381, -37.9257331], [144.6679648, -37.925841], [144.668051, -37.9259503], [144.6681169, -37.9261076], [144.6681726, -37.9263821], [144.6682402, -37.9269406], [144.66822, -37.9272205], [144.668176, -37.9274244], [144.6677032, -37.928996], [144.6675839, -37.9291748], [144.667372, -37.9293609], [144.6671695, -37.9295884], [144.6669093, -37.9298211], [144.6648628, -37.9313316], [144.6646696, -37.9314776], [144.6645315, -37.9316162], [144.6642794, -37.931888], [144.6641949, -37.9319875], [144.6641667, -37.9320361], [144.6641506, -37.9321028], [144.6640676, -37.9322032], [144.6639744, -37.9322889], [144.6639635, -37.9323697], [144.6638193, -37.9324212], [144.6636222, -37.9325766], [144.6634047, -37.9326592], [144.6631574, -37.9328091], [144.6629423, -37.9329786], [144.6628225, -37.933005], [144.6626532, -37.9330012], [144.6624961, -37.9329402], [144.6621575, -37.9328234], [144.6619109, -37.9328343], [144.661801, -37.9328587], [144.6616887, -37.9329434], [144.6616065, -37.9330333], [144.6615542, -37.9331447], [144.6613316, -37.9334387], [144.6612538, -37.9335868], [144.6611693, -37.9337751], [144.6611653, -37.9340882], [144.6612243, -37.9342849], [144.6612766, -37.9344298], [144.6613161, -37.9345164], [144.6614134, -37.934561], [144.6615719, -37.9346076], [144.6618718, -37.9346026], [144.6620695, -37.9346552], [144.6621996, -37.9347278], [144.6625077, -37.9350359], [144.66304, -37.935595], [144.6633107, -37.9358131], [144.6634792, -37.9361858], [144.6635248, -37.9364416], [144.6635526, -37.9379008], [144.6637211, -37.9387395], [144.6640294, -37.9397645], [144.664393, -37.9405526], [144.664917, -37.9418162], [144.6649321, -37.942087], [144.6651753, -37.9426436], [144.6655162, -37.9430949], [144.6660478, -37.9435613], [144.6661826, -37.9436574], [144.666421, -37.9437514], [144.6666126, -37.943775], [144.6668383, -37.9437716], [144.667115, -37.9437447], [144.6674046, -37.9436138], [144.6676123, -37.9434409], [144.667809, -37.9432109], [144.6679132, -37.9429194], [144.6679382, -37.9423879], [144.6679031, -37.9416808], [144.6678516, -37.9411962], [144.6679081, -37.9408585], [144.6681071, -37.9405448], [144.6687756, -37.9399809], [144.6690608, -37.9397456], [144.6694125, -37.9395948], [144.670666, -37.9391647], [144.6709513, -37.9390371], [144.6712152, -37.9388792], [144.6714208, -37.9387875], [144.6716197, -37.9387617], [144.6718119, -37.9388226], [144.6719646, -37.9389262], [144.6720626, -37.9390984], [144.6721519, -37.9392352], [144.672193, -37.9394795], [144.6720625, -37.9399638], [144.6719263, -37.9402761], [144.6716793, -37.9405582], [144.6713132, -37.9408067], [144.6709172, -37.9410854], [144.670649, -37.9413909], [144.6704105, -37.9417737], [144.6702449, -37.942082], [144.6701295, -37.942358], [144.6701095, -37.9426637], [144.6700656, -37.9437279], [144.6700188, -37.9440268], [144.6699507, -37.9442551], [144.6698187, -37.9444431], [144.6696228, -37.9446379], [144.6692993, -37.9448964], [144.6683695, -37.9455821], [144.6670557, -37.9463343], [144.6649707, -37.9475817], [144.6646889, -37.9478286], [144.6645246, -37.948072], [144.6643052, -37.9489769], [144.6640921, -37.9497136], [144.6640946, -37.9501503], [144.6641934, -37.9504224], [144.664398, -37.9506517], [144.6650549, -37.9511983], [144.6682656, -37.9537089], [144.6688705, -37.9542596], [144.6689921, -37.9544834], [144.6690462, -37.9547019], [144.6690462, -37.9550643], [144.6686841, -37.9564864], [144.6684812, -37.9588199], [144.6684717, -37.9594448], [144.6684051, -37.9598472], [144.6682825, -37.9601695], [144.667771, -37.961293], [144.6674285, -37.9618383], [144.6673903, -37.9622637], [144.6675173, -37.9626754], [144.6680797, -37.9642779], [144.6681324, -37.9648314], [144.6680309, -37.9666196], [144.6680256, -37.9671446], [144.6680944, -37.9675834], [144.6682093, -37.9679398], [144.6686397, -37.9684078], [144.6700145, -37.9699672], [144.6703074, -37.9705258], [144.6708576, -37.971773], [144.6710684, -37.9721998], [144.6716069, -37.9725248], [144.6722542, -37.9727452], [144.6753233, -37.9735949], [144.6759556, -37.9737194], [144.6770824, -37.9739412], [144.6778788, -37.9739627], [144.6786663, -37.9739009], [144.6793475, -37.9736928], [144.6817976, -37.9731003], [144.6829921, -37.9729141], [144.6839483, -37.9728406], [144.6845171, -37.9728404], [144.6847123, -37.9728403], [144.6858023, -37.9729141], [144.6865144, -37.9730558], [144.6876385, -37.9737957]]}}, {"type": "Feature", "properties": {"waterbody": "Werribee River", "name": "Werribee River", "city": "Melbourne", "country": "Australia", "osm_id": 258859408}, "geometry": {"type": "LineString", "coordinates": [[144.6417708, -37.8809449], [144.6417062, -37.8810115], [144.6416348, -37.8810936], [144.6414256, -37.8813392], [144.6413411, -37.8814397], [144.6412271, -37.8816663], [144.6411856, -37.8818219], [144.6411037, -37.882095], [144.6409924, -37.8823575], [144.6409374, -37.8824612], [144.6407621, -37.8827187], [144.6405981, -37.8829513], [144.6405389, -37.8830574], [144.6404895, -37.8831365], [144.6404451, -37.8833314], [144.6404344, -37.8835244], [144.6404605, -37.8836912], [144.6404935, -37.8838072], [144.6405566, -37.8839335], [144.6407355, -37.8841879], [144.6408547, -37.8844852], [144.6411163, -37.8851992], [144.6412647, -37.8856293], [144.6412926, -37.8857517], [144.6413279, -37.8859209], [144.6414132, -37.8860898], [144.6417008, -37.8865295], [144.6418129, -37.886692], [144.6420234, -37.8870337], [144.6421874, -37.8873215], [144.642514, -37.8878121]]}}, {"type": "Feature", "properties": {"waterbody": "Werribee River", "name": "Werribee River", "city": "Melbourne", "country": "Australia", "osm_id": 258863063}, "geometry": {"type": "LineString", "coordinates": [[144.6531472, -37.8676198], [144.6532327, -37.8676337], [144.6532858, -37.8676678], [144.6533232, -37.8677188], [144.6533539, -37.8677697], [144.6534146, -37.8678638], [144.6534573, -37.867958], [144.6535816, -37.8684762], [144.6535946, -37.868606], [144.6535849, -37.8687221], [144.6535535, -37.8688317], [144.6534837, -37.868945], [144.6534153, -37.8690119], [144.6532884, -37.8690997], [144.6528777, -37.8693073], [144.6525758, -37.8694619], [144.6517261, -37.8698399], [144.6513712, -37.8699775], [144.6511044, -37.8701337], [144.650826, -37.8703569]]}}, {"type": "Feature", "properties": {"waterbody": "Werribee River", "name": "Werribee River", "city": "Melbourne", "country": "Australia", "osm_id": 270276568}, "geometry": {"type": "LineString", "coordinates": [[144.4214859, -37.680312], [144.4215741, -37.6802623], [144.421955, -37.6801179], [144.4222823, -37.6797273], [144.4225558, -37.6794896], [144.4228592, -37.6792743], [144.422867, -37.6792688], [144.4232318, -37.679065], [144.4235053, -37.6788994], [144.4238808, -37.6787678], [144.4241491, -37.6787508], [144.4243958, -37.6788443], [144.4245407, -37.6789844], [144.4247177, -37.6792476], [144.4250235, -37.6794301], [144.4252195, -37.6795414], [144.425517, -37.6797104], [144.4258545, -37.6799618], [144.4262333, -37.6802014], [144.4266515, -37.6804087], [144.4272014, -37.6805775], [144.4277432, -37.6807548], [144.4281563, -37.6808524], [144.4287625, -37.6809373], [144.4293955, -37.6810435], [144.430345, -37.6811963], [144.4312247, -37.6813024], [144.4316056, -37.6814553], [144.4318309, -37.6817397], [144.432024, -37.6820072], [144.4321635, -37.6822662], [144.4324907, -37.6824572], [144.4331827, -37.6825719], [144.4335904, -37.6826143], [144.4339713, -37.6826865], [144.4346741, -37.6828775], [144.4353822, -37.6829497], [144.4358489, -37.6828138], [144.4363263, -37.6825931], [144.4368075, -37.6823274], [144.4373402, -37.682228], [144.4377425, -37.6822322], [144.4381824, -37.6822449], [144.438889, -37.6823647], [144.4390715, -37.6823719], [144.4399678, -37.6824083], [144.4406951, -37.6823887], [144.4412301, -37.682162], [144.4415485, -37.6819409], [144.4419723, -37.6816562], [144.4423778, -37.6814635], [144.4428408, -37.6814076], [144.4433757, -37.6815808], [144.4434795, -37.6815967], [144.4436135, -37.6816373], [144.4439861, -37.6817115], [144.4447592, -37.6816659], [144.4451641, -37.6816141], [144.4453858, -37.6816648], [144.4455853, -37.6820497], [144.4456913, -37.6823328], [144.4457735, -37.6824877], [144.4461231, -37.68278], [144.4463723, -37.6831317], [144.4465401, -37.6835101], [144.4469264, -37.6837988], [144.4473149, -37.6839326], [144.4477096, -37.6839676], [144.4482053, -37.6835031], [144.4484333, -37.683432], [144.4487181, -37.6834507], [144.4491258, -37.683561], [144.4494369, -37.6837988], [144.4496086, -37.684045], [144.4498446, -37.6843846], [144.44997, -37.684496], [144.4502094, -37.684529], [144.4506171, -37.6844865], [144.4510463, -37.6843677], [144.4513842, -37.6843252], [144.4516685, -37.6843464], [144.4519743, -37.6843719], [144.4523176, -37.6844356], [144.4525966, -37.6845544], [144.4529935, -37.6847328], [144.4532671, -37.684928], [144.4534763, -37.6850681], [144.4536963, -37.6851106], [144.453986, -37.6850129], [144.4541576, -37.6849111], [144.4542971, -37.6848516], [144.4544312, -37.6848177], [144.4546351, -37.6848262], [144.4548657, -37.6849408], [144.4550857, -37.6851615], [144.455252, -37.6852252], [144.4556007, -37.6853144], [144.4560083, -37.6853271], [144.4564214, -37.6852634], [144.4568184, -37.6851743], [144.4572636, -37.6851445], [144.4577679, -37.6851573], [144.4582346, -37.6852762], [144.4584599, -37.6853526], [144.4585779, -37.6855181], [144.4587388, -37.6857771], [144.4589105, -37.6860063], [144.45905, -37.6862313], [144.4593397, -37.6863332], [144.4597473, -37.6864266], [144.4601765, -37.6865837], [144.4604608, -37.6868172], [144.4604876, -37.6870592], [144.4602945, -37.6872757], [144.4599405, -37.6874624], [144.4596776, -37.6875983], [144.4592753, -37.6875856], [144.4590124, -37.6876492], [144.4588515, -37.6878106], [144.4586208, -37.6880738], [144.4581863, -37.6883539], [144.4580254, -37.688528], [144.4579664, -37.6887742], [144.4581541, -37.6889482], [144.458417, -37.6890077], [144.4588783, -37.6892072], [144.4592914, -37.6894067], [144.4596186, -37.6897675], [144.4598922, -37.6901029], [144.4602462, -37.6903364], [144.4609973, -37.6907694], [144.4614371, -37.6910835], [144.4615712, -37.6912703], [144.4617483, -37.6914868], [144.4621291, -37.6916099], [144.4625261, -37.6916396], [144.4629928, -37.6916523], [144.4634756, -37.6917754], [144.4638887, -37.6918773], [144.4642856, -37.6919495], [144.4646612, -37.6919367], [144.4647147, -37.6919442]]}}, {"type": "Feature", "properties": {"waterbody": "Werribee River", "name": "Werribee River", "city": "Melbourne", "country": "Australia", "osm_id": 274194692}, "geometry": {"type": "LineString", "coordinates": [[144.5774154, -37.8069143], [144.5773032, -37.8075307], [144.577147, -37.8086063], [144.5769925, -37.8091488], [144.5768895, -37.809854], [144.5768981, -37.810444], [144.5767743, -37.8109212], [144.5767615, -37.8112341], [144.5767658, -37.8116175], [144.576902, -37.8120952], [144.5770783, -37.8122951], [144.5773273, -37.8124104], [144.5775418, -37.8124511], [144.5776706, -37.8125935], [144.5777478, -37.8130003], [144.5777049, -37.8132987], [144.5776105, -37.8134614], [144.5776019, -37.8137327], [144.5776963, -37.8139496], [144.5778508, -37.8140446], [144.578074, -37.8140988], [144.5781856, -37.814248], [144.578177, -37.8144582], [144.5782456, -37.8147837], [144.5784087, -37.8150684], [144.5784563, -37.815338], [144.5783704, -37.8156974], [144.5781301, -37.816016], [144.5778297, -37.8162669], [144.5774435, -37.8164229], [144.5769456, -37.8166602], [144.5763277, -37.8167415], [144.5751689, -37.8166737], [144.574508, -37.8166602], [144.5738214, -37.8167144], [144.5731519, -37.8169992], [144.5729373, -37.8175077], [144.5727517, -37.8181213], [144.5727202, -37.8183923], [144.5728773, -37.8186807], [144.5732534, -37.8188836], [144.5738902, -37.8189538], [144.5749973, -37.8195439], [144.5761567, -37.8198341], [144.5770315, -37.8199486], [144.5778117, -37.8199336], [144.57882, -37.81998], [144.5791206, -37.8200841], [144.5793566, -37.82019], [144.5797246, -37.8202594], [144.5802904, -37.8202948], [144.580705, -37.8203215], [144.5810491, -37.8203786], [144.5812983, -37.8204748], [144.5813417, -37.8204795]]}}, {"type": "Feature", "properties": {"waterbody": "Werribee River", "name": "Werribee River", "city": "Melbourne", "country": "Australia", "osm_id": 293135055}, "geometry": {"type": "LineString", "coordinates": [[144.650826, -37.8703569], [144.6506563, -37.8705249], [144.6505607, -37.8706905], [144.6505249, -37.870802], [144.6505248, -37.8708998], [144.6505623, -37.870993], [144.6506409, -37.8710853], [144.6507356, -37.8712291], [144.6508677, -37.8715168], [144.651085, -37.8719626], [144.6513188, -37.8725508], [144.6514779, -37.8728534], [144.6516958, -37.8731069], [144.6519795, -37.8734114], [144.6520814, -37.8735784], [144.6521432, -37.8737447], [144.6521616, -37.8738798], [144.6521383, -37.8740068], [144.6520631, -37.8741197], [144.6519356, -37.874206], [144.6518506, -37.8742339], [144.6517249, -37.8742584], [144.6514911, -37.8743087], [144.651399, -37.8743647], [144.6513636, -37.8744653], [144.651345, -37.8745629], [144.651363, -37.874678], [144.6514406, -37.8747796], [144.6516368, -37.8749335], [144.6519855, -37.8751287], [144.6521558, -37.8752688], [144.6523187, -37.8754702], [144.6524681, -37.875757], [144.6525107, -37.8759555], [144.6525175, -37.8761576], [144.6524588, -37.8764796], [144.6523476, -37.8769191], [144.6522098, -37.8772247], [144.6520628, -37.8774], [144.6516196, -37.8778231], [144.6512077, -37.878173], [144.6506339, -37.8786668], [144.6500369, -37.8791229], [144.6494026, -37.8796449], [144.6492063, -37.8797918], [144.6490536, -37.8798928], [144.6488934, -37.8799448], [144.6486353, -37.8799793], [144.6482576, -37.8800059], [144.6478731, -37.8800007], [144.6474304, -37.8799678], [144.6471069, -37.8799437], [144.6466668, -37.8798507], [144.6463572, -37.8797445], [144.6460018, -37.8795679], [144.6455046, -37.8792922], [144.6450965, -37.879074], [144.6446342, -37.8789424]]}}, {"type": "Feature", "properties": {"waterbody": "Werribee River", "name": "Werribee River", "city": "Melbourne", "country": "Australia", "osm_id": 386756048}, "geometry": {"type": "LineString", "coordinates": [[144.642514, -37.8878121], [144.6425465, -37.8878662], [144.6425706, -37.8879112], [144.642678, -37.8881122], [144.6429671, -37.8886181], [144.6433444, -37.8893002], [144.6434086, -37.8894043], [144.643461, -37.8895469], [144.6436012, -37.890039], [144.6436823, -37.8903457], [144.6437584, -37.8906324], [144.6438175, -37.8907817], [144.6438936, -37.8909231], [144.6439713, -37.8910618], [144.6441048, -37.8912205], [144.644321, -37.8914138], [144.6444258, -37.8914885], [144.644512, -37.8915311], [144.6445982, -37.8915525], [144.6446928, -37.8915712], [144.6450184, -37.8916121], [144.6453489, -37.8916461], [144.6456107, -37.891673], [144.6461525, -37.8917311], [144.6462894, -37.891747], [144.6473253, -37.8918778], [144.647586, -37.8918903], [144.6478204, -37.8919139], [144.6485774, -37.8919299], [144.6488916, -37.8919325], [144.6495219, -37.8919112], [144.6497496, -37.891911], [144.6498932, -37.8919253], [144.6500778, -37.8919565], [144.650218, -37.8919925], [144.6503718, -37.8920485], [144.6506117, -37.8921592], [144.6507723, -37.8922672], [144.6509801, -37.8924032], [144.6511001, -37.8925166], [144.6512994, -37.8927006], [144.6515225, -37.8929859], [144.651607, -37.8931339], [144.6516543, -37.8932193], [144.6516881, -37.8933233], [144.651726, -37.8934788], [144.6517371, -37.8936086], [144.6517123, -37.8937134], [144.6516931, -37.893766], [144.6516482, -37.8938168], [144.6515985, -37.8938473], [144.6515073, -37.893874], [144.6513328, -37.8939086], [144.6509526, -37.8940347], [144.6508314, -37.8940993], [144.6507426, -37.8941881], [144.6505864, -37.8943287], [144.6504631, -37.8944594], [144.6504073, -37.89455], [144.6503701, -37.8946554], [144.6503803, -37.8948154], [144.6504124, -37.8949834], [144.6504445, -37.8950594], [144.6504968, -37.8951221], [144.6506185, -37.8951941], [144.6507148, -37.8952287], [144.6509004, -37.8952764], [144.6510156, -37.8953234], [144.651121, -37.8953984], [144.6511727, -37.8954634], [144.6512234, -37.8955461], [144.6512167, -37.8956074], [144.6512048, -37.8956754], [144.6511812, -37.8957168], [144.6511677, -37.8957834], [144.6512082, -37.8958808], [144.6513527, -37.896096], [144.6517046, -37.8965566], [144.6519719, -37.8969328], [144.6522102, -37.8972715], [144.6523055, -37.8973829], [144.6523842, -37.8974288], [144.6524974, -37.8974795], [144.6527346, -37.8975725], [144.6528759, -37.8976115], [144.653055, -37.8976341], [144.6532153, -37.897647], [144.6533457, -37.8976488], [144.6535924, -37.8976341], [144.6537303, -37.8976403], [144.6539049, -37.8976741], [144.654168, -37.8977554], [144.6542632, -37.8977968], [144.6544186, -37.8978715], [144.654477, -37.8979315], [144.6545386, -37.8980008], [144.6545994, -37.8980941], [144.6547087, -37.8982227], [144.6547734, -37.8982888], [144.6548804, -37.898365], [144.6549914, -37.8984501], [144.655095, -37.8985004], [144.6552601, -37.8985328], [144.6555241, -37.8985614], [144.6560048, -37.8985817], [144.6561066, -37.8985941], [144.6562249, -37.8986341], [144.6563651, -37.8986955]]}}, {"type": "Feature", "properties": {"waterbody": "Werribee River", "name": "Werribee River", "city": "Melbourne", "country": "Australia", "osm_id": 579050966}, "geometry": {"type": "LineString", "coordinates": [[144.5702515, -37.7442593], [144.5710292, -37.7448544]]}}, {"type": "Feature", "properties": {"waterbody": "Werribee River", "name": "Werribee River", "city": "Melbourne", "country": "Australia", "osm_id": 597530431}, "geometry": {"type": "LineString", "coordinates": [[144.6519855, -37.9084268], [144.6520873, -37.9085038], [144.6521767, -37.9085978], [144.6522406, -37.9086801], [144.6522768, -37.9087523], [144.6524045, -37.909179], [144.652479, -37.9096459], [144.6525089, -37.9099516], [144.6524769, -37.9101095], [144.6523769, -37.9103127], [144.6521363, -37.9106184], [144.6519305, -37.9108667]]}}, {"type": "Feature", "properties": {"waterbody": "Werribee River", "name": "Werribee River", "city": "Melbourne", "country": "Australia", "osm_id": 1546225306}, "geometry": {"type": "LineString", "coordinates": [[144.5710292, -37.7448544], [144.5713995, -37.7451926], [144.5715598, -37.7454238], [144.5715803, -37.7454862], [144.5715997, -37.7455801], [144.57165, -37.7457101], [144.5717496, -37.7458961], [144.5718335, -37.7460086], [144.5719033, -37.7460676], [144.5720502, -37.746119], [144.5721761, -37.7461519], [144.5723088, -37.7462343], [144.5725022, -37.7463736], [144.5729137, -37.7467102], [144.5738771, -37.7473988], [144.5744623, -37.7477116], [144.5751622, -37.7481836]]}}, {"type": "Feature", "properties": {"waterbody": "Yarra River", "name": "Yarra River", "city": "Melbourne", "country": "Australia", "osm_id": 8065317}, "geometry": {"type": "LineString", "coordinates": [[145.1366714, -37.7402434], [145.1363829, -37.7405064], [145.1357641, -37.7408621]]}}, {"type": "Feature", "properties": {"waterbody": "Yarra River", "name": "Yarra River", "city": "Melbourne", "country": "Australia", "osm_id": 8065892}, "geometry": {"type": "LineString", "coordinates": [[145.5966579, -37.7672108], [145.5962676, -37.7673122], [145.5958532, -37.7678418], [145.5955469, -37.7685704], [145.5950397, -37.768856], [145.5944024, -37.76909], [145.5937836, -37.7691144], [145.5931693, -37.7689799], [145.5928062, -37.7687114], [145.5925192, -37.7686702], [145.592315, -37.7687929], [145.5919297, -37.7687086], [145.591401, -37.7689836], [145.5911521, -37.7695044], [145.5908254, -37.7699568], [145.5910507, -37.7704474], [145.5915805, -37.7705146], [145.5919286, -37.770578], [145.5919723, -37.7709302], [145.5917028, -37.7711413], [145.591346, -37.7711988], [145.5910097, -37.7709548], [145.5906725, -37.7709929], [145.5902857, -37.7711435], [145.5895406, -37.7718495], [145.5894374, -37.7721631], [145.5895216, -37.7723259], [145.589011, -37.7727645], [145.5882543, -37.7729173], [145.5876537, -37.7733945], [145.5876609, -37.7736595], [145.5879267, -37.7737805], [145.5883886, -37.7738754], [145.5886563, -37.7740665], [145.5887084, -37.7744347], [145.5885491, -37.7746898], [145.5881505, -37.7747993], [145.5870143, -37.7749381], [145.5868989, -37.7748766], [145.5868885, -37.7747156], [145.5870258, -37.7742783], [145.5869024, -37.7740091], [145.586337, -37.7738242], [145.5857918, -37.7739496], [145.5855027, -37.7741443], [145.5854539, -37.7744794], [145.5854666, -37.7747512], [145.585595, -37.7749166], [145.5853043, -37.7751495], [145.5847809, -37.7752873], [145.5842359, -37.7753004], [145.5836985, -37.7748455], [145.583231, -37.7743203], [145.5822622, -37.7735514], [145.5814007, -37.7722596], [145.5809719, -37.7720246], [145.5798129, -37.771685], [145.5791386, -37.7716464], [145.5789128, -37.7715349], [145.5789992, -37.7713125], [145.5792347, -37.7711219], [145.5797668, -37.7710831], [145.5809531, -37.7711481], [145.5817034, -37.7707981], [145.5821687, -37.770673], [145.5827167, -37.7706281], [145.5831295, -37.7703543], [145.5831343, -37.769675], [145.5831673, -37.7696272], [145.5832961, -37.7694405], [145.5833752, -37.769385], [145.5838054, -37.7691382], [145.5838059, -37.768945], [145.5836534, -37.7688193], [145.5834013, -37.7687641], [145.5831196, -37.7688352], [145.5824777, -37.7692944], [145.5817232, -37.7700611], [145.5810088, -37.7700829], [145.5805474, -37.7699642], [145.5803142, -37.7698018], [145.5801402, -37.7695862], [145.5802305, -37.7694392], [145.5804738, -37.769043], [145.5808874, -37.7688172], [145.5814274, -37.7687343], [145.5817347, -37.7684413], [145.5817879, -37.7681264], [145.5814386, -37.7676358], [145.5808217, -37.76758], [145.5800325, -37.7676828], [145.579775, -37.7677803], [145.5796194, -37.7679245], [145.5794692, -37.7685394], [145.5792332, -37.7687132], [145.5789345, -37.76875], [145.5782157, -37.7685536], [145.576538, -37.7686526], [145.5760519, -37.769226], [145.575666, -37.7692383], [145.5748326, -37.7689342], [145.5745204, -37.7687201], [145.5743753, -37.7683634], [145.5744134, -37.7680369], [145.5740526, -37.7677874], [145.572781, -37.7679614], [145.5719833, -37.7678166], [145.5714697, -37.7675261], [145.571267, -37.7675937], [145.5712503, -37.767742], [145.5741419, -37.7692728], [145.5743214, -37.7697806], [145.5741489, -37.7701173], [145.5737461, -37.770256], [145.5729274, -37.7701536], [145.5721252, -37.7695993], [145.5714689, -37.7694876], [145.5710716, -37.7696873], [145.5706339, -37.7701671], [145.5706468, -37.7705441], [145.5704268, -37.770917], [145.5701541, -37.7710471], [145.5699655, -37.7711371], [145.5694953, -37.7710131], [145.5689736, -37.7704243], [145.5692837, -37.7695222], [145.567949, -37.7679481], [145.5674801, -37.7680384], [145.566864, -37.7683887], [145.5665121, -37.7681476], [145.5667267, -37.7673752], [145.5664765, -37.7671949], [145.56573, -37.7671994], [145.565454, -37.7676514], [145.5654859, -37.7679532], [145.5662646, -37.768504], [145.5666594, -37.768878], [145.5664724, -37.7693275], [145.5657214, -37.7696082], [145.5650544, -37.7702441], [145.5644922, -37.7700745], [145.563279, -37.7686772], [145.5627184, -37.7686359], [145.5622938, -37.7689915], [145.5625256, -37.7696326], [145.5626304, -37.7698769], [145.5625948, -37.7703408], [145.5629821, -37.7709312], [145.562672, -37.7712408], [145.5622185, -37.7711467], [145.5612684, -37.7699781], [145.5608771, -37.7697058], [145.5606046, -37.7691615], [145.5609412, -37.7685125], [145.5615372, -37.7683268], [145.5620873, -37.7674316], [145.5620581, -37.7668462], [145.5611512, -37.7665203], [145.5604423, -37.7665203], [145.5591253, -37.7673548], [145.5578376, -37.7670065], [145.55643, -37.766995], [145.5556127, -37.7664628], [145.554648, -37.7662028], [145.5542618, -37.7661138], [145.5541009, -37.7659187], [145.5541244, -37.7656342], [145.5545052, -37.7652392], [145.554564, -37.7650065], [145.5543505, -37.7643397], [145.5540794, -37.7641418], [145.5538219, -37.7641121], [145.553543, -37.7641503], [145.5533338, -37.764303], [145.553312, -37.7646397], [145.5529049, -37.7650677], [145.5527544, -37.7653165], [145.5524272, -37.7654183], [145.552116, -37.7653971], [145.5518746, -37.7652995], [145.5511256, -37.7647725], [145.5496008, -37.7633484], [145.5489249, -37.762865], [145.5487068, -37.7624572], [145.5487791, -37.7621807], [145.5489834, -37.7618134], [145.5486134, -37.7614036], [145.5481283, -37.7611887], [145.5476447, -37.7612943], [145.5474891, -37.7615405], [145.5474119, -37.7620889], [145.5471808, -37.7621486], [145.5469186, -37.7621099], [145.5468276, -37.7611915], [145.5466359, -37.7611673], [145.5464197, -37.7610045], [145.5462581, -37.7610078], [145.5461314, -37.7611253], [145.5461113, -37.7615914], [145.5461222, -37.7620153], [145.5456942, -37.7623119], [145.5450746, -37.7622102], [145.5445805, -37.7623469], [145.5445223, -37.7626436], [145.5445454, -37.763016], [145.5443644, -37.7632682], [145.5440694, -37.7632555], [145.5434762, -37.7629241], [145.5429697, -37.7626363], [145.5428463, -37.762454], [145.5427927, -37.7623225], [145.5428731, -37.7622462], [145.5433559, -37.7620214], [145.5439518, -37.7610085], [145.5438767, -37.760296], [145.5431721, -37.7598993], [145.5427068, -37.759884], [145.5424087, -37.7600153], [145.5419646, -37.7611162], [145.5414987, -37.7614303], [145.5408209, -37.7616213], [145.540312, -37.7614339], [145.5400982, -37.7608361], [145.5397212, -37.7604264], [145.5390576, -37.760455], [145.5386944, -37.7606896], [145.5379895, -37.7614939], [145.53757, -37.7623675], [145.5367387, -37.7626791], [145.5363491, -37.7627544], [145.535996, -37.7630671], [145.5357104, -37.7636924], [145.5355321, -37.7644792], [145.5357237, -37.7648423], [145.5360666, -37.7649734], [145.5364254, -37.764932], [145.5367971, -37.7646145], [145.5372857, -37.7644398], [145.5377575, -37.7645859], [145.5379235, -37.7648106], [145.5379413, -37.7655057], [145.5379863, -37.7658396], [145.5376867, -37.7662446], [145.5367235, -37.7664683], [145.5356935, -37.7670108], [145.5352987, -37.7671962], [145.5346985, -37.7671767], [145.5345638, -37.7674949], [145.5345739, -37.7681001], [145.533783, -37.7700278], [145.5328276, -37.7710069], [145.5324427, -37.7717043], [145.5318874, -37.7718506], [145.5313531, -37.7714749], [145.5314472, -37.7709027], [145.5314121, -37.770302], [145.5309937, -37.76985], [145.530792, -37.7690994], [145.5304787, -37.7689926], [145.5302534, -37.7690944], [145.5298564, -37.7698958], [145.5294101, -37.7701443], [145.5290196, -37.7700171], [145.5286634, -37.768912], [145.5289542, -37.7684235], [145.5294445, -37.7682768], [145.5305721, -37.7682904], [145.5308671, -37.7678646], [145.5308167, -37.7674176], [145.531219, -37.7673498], [145.5315044, -37.7676373], [145.5315709, -37.7680012], [145.5318724, -37.7681182], [145.5321696, -37.7679486], [145.5321606, -37.7672894], [145.5313714, -37.7656595], [145.5313671, -37.7652117], [145.5318413, -37.7643347], [145.5318981, -37.763534], [145.5314626, -37.7628903], [145.5315816, -37.7620616], [145.5312759, -37.7613347], [145.5307276, -37.7606706], [145.5304251, -37.7601031], [145.5302191, -37.7594903], [145.5304465, -37.7588342], [145.5302255, -37.7585195], [145.529762, -37.7582807], [145.529011, -37.7580347], [145.5283946, -37.7576382], [145.5276018, -37.757226], [145.5264892, -37.7569058], [145.5261287, -37.756714], [145.5260853, -37.7564248], [145.5264275, -37.7561792], [145.5264661, -37.7558798], [145.5257092, -37.7554052], [145.5245956, -37.7549717], [145.523542, -37.7552737], [145.5228081, -37.7552814], [145.5226311, -37.755571], [145.5232942, -37.7560592], [145.5231541, -37.7564019], [145.5221, -37.7564625], [145.5214016, -37.7562106], [145.5210974, -37.7556508], [145.5216548, -37.75499], [145.5220727, -37.7547283], [145.522622, -37.7547041], [145.5229304, -37.7543283], [145.5230109, -37.7532739], [145.5233821, -37.7530631], [145.5237587, -37.7531793], [145.5241128, -37.7535975], [145.5243896, -37.7539347], [145.5246395, -37.7540022], [145.5248584, -37.7538045], [145.5248171, -37.7529685], [145.5251213, -37.7522657], [145.5250456, -37.7508741], [145.5246658, -37.7498264], [145.5245296, -37.7493208], [145.5236144, -37.748976], [145.5230109, -37.7485204], [145.5213978, -37.7481361], [145.5208968, -37.7476394], [145.5209767, -37.7471974], [145.5210776, -37.746671], [145.5200868, -37.7460623], [145.5189484, -37.7456335], [145.5185515, -37.7451771], [145.5183814, -37.7447805], [145.517242, -37.7445875], [145.5165613, -37.7443418], [145.5162668, -37.7440284], [145.5166251, -37.7437726], [145.5176057, -37.7437081], [145.5177554, -37.7433306], [145.5174587, -37.7428483], [145.5164175, -37.7425929], [145.5154739, -37.7422323], [145.5141645, -37.741929], [145.5138329, -37.7416062], [145.513937, -37.7408418], [145.5143608, -37.7406564], [145.5148135, -37.740927], [145.5151944, -37.7407904], [145.5150346, -37.7396612], [145.5143029, -37.7392047], [145.5141001, -37.7387398], [145.514438, -37.7383826], [145.5143039, -37.7382171], [145.5133297, -37.7383359], [145.5126227, -37.7380296], [145.5126892, -37.7374552], [145.5127879, -37.7370199], [145.5122236, -37.7370233], [145.5117065, -37.7372533], [145.5110434, -37.7374917], [145.5104587, -37.7376834], [145.5100124, -37.7374196], [145.5100446, -37.7369139], [145.5096734, -37.7367366], [145.5094416, -37.7369249], [145.5095382, -37.7377666], [145.5094502, -37.7383537], [145.5089921, -37.738358], [145.5084138, -37.737568], [145.5076681, -37.7373839], [145.5074579, -37.7370556], [145.5078645, -37.7367713], [145.5079685, -37.7363412], [145.5077089, -37.7357523], [145.5071617, -37.7354698], [145.5065277, -37.7354583], [145.5061961, -37.7358202], [145.5059054, -37.7361634], [145.5055637, -37.7361676], [145.5053958, -37.7358427], [145.5058593, -37.7349692], [145.5055985, -37.7347859], [145.5047708, -37.7350027], [145.5041679, -37.7353056], [145.5037709, -37.7352861], [145.5032479, -37.7344944], [145.5027822, -37.7342878], [145.5022908, -37.7344741], [145.5019647, -37.7344376], [145.5018794, -37.7341635], [145.5022887, -37.7337651], [145.5022029, -37.7333638], [145.5016487, -37.7329455], [145.499849, -37.7320134], [145.4997326, -37.731615], [145.5001842, -37.7308585], [145.5000673, -37.7305586], [145.4997181, -37.7305081], [145.4989671, -37.7308874], [145.4985701, -37.7309192], [145.4983818, -37.7307504], [145.4981195, -37.7295526], [145.498664, -37.7283481], [145.4992428, -37.7273048], [145.4996709, -37.726054], [145.5003924, -37.7248952], [145.5007545, -37.7241705], [145.5007346, -37.7227007], [145.500976, -37.7218945], [145.5016772, -37.7214943], [145.5020521, -37.721275], [145.5021991, -37.720857], [145.5020173, -37.7203733], [145.5014819, -37.7199082], [145.5015752, -37.719214], [145.5023482, -37.7185266], [145.5032886, -37.7184557], [145.5036228, -37.7181277], [145.5034748, -37.717422], [145.5040858, -37.716648], [145.5050101, -37.7161367], [145.5052912, -37.7157021], [145.5052692, -37.7148233], [145.5060127, -37.7141944], [145.5064054, -37.7131063], [145.5062755, -37.7120954], [145.5066527, -37.7116231], [145.5066827, -37.711312], [145.5063619, -37.7110196], [145.5061763, -37.710302], [145.5064316, -37.7094906], [145.5070051, -37.7085993], [145.5075083, -37.7082148], [145.508409, -37.7076754], [145.5083677, -37.7072302], [145.507328, -37.7067192], [145.5073114, -37.7064417], [145.5084052, -37.7057295], [145.5092254, -37.7045352], [145.5090463, -37.7037755], [145.5082729, -37.7034328], [145.5069847, -37.7033897], [145.506319, -37.7036303], [145.5056452, -37.7043379], [145.5052273, -37.7043103], [145.5045847, -37.7025128], [145.5045536, -37.7017306], [145.5042934, -37.7014127], [145.5036733, -37.7013274], [145.5032409, -37.701116], [145.5032393, -37.7006763], [145.5035134, -37.6994522], [145.5039511, -37.6990799], [145.5039672, -37.6986551], [145.5035397, -37.6984793], [145.5029002, -37.6983359], [145.5024561, -37.698526], [145.502168, -37.6988711], [145.501734, -37.6987633], [145.5016198, -37.69779], [145.5017329, -37.6967234], [145.5012174, -37.6960574], [145.5008419, -37.6960179], [145.5003119, -37.6964852], [145.5000356, -37.6963685], [145.500085, -37.6960349], [145.5001202, -37.6956658], [145.5001338, -37.695523], [145.4989805, -37.6949903], [145.49851, -37.6950879], [145.4979258, -37.6956478], [145.497119, -37.6956978], [145.4964372, -37.6951749], [145.4961475, -37.6924693], [145.4962494, -37.6913601], [145.4965627, -37.6905832], [145.4965016, -37.6903799], [145.496133, -37.6903022], [145.4954045, -37.6908897], [145.4948542, -37.6909491], [145.4946219, -37.6906189], [145.4948424, -37.6901018], [145.4956899, -37.689412], [145.4959233, -37.6891565], [145.4958906, -37.6886585], [145.495389, -37.6884853], [145.4947919, -37.6882709], [145.4947555, -37.6878957], [145.4952597, -37.6877717], [145.4967451, -37.6868166], [145.4969484, -37.686485], [145.4966309, -37.6855464], [145.4961457, -37.6851586], [145.4956535, -37.6851702], [145.4955183, -37.6855438], [145.4955488, -37.6868467], [145.4950575, -37.6872729], [145.4944229, -37.6870547], [145.4932228, -37.685689], [145.4932497, -37.6847181], [145.4929428, -37.6844451], [145.4924976, -37.6845118], [145.4921789, -37.6842753], [145.4918892, -37.6834437], [145.4928887, -37.6831747], [145.4935308, -37.6831023], [145.493564, -37.6826133], [145.4929423, -37.682173], [145.492644, -37.6815633], [145.4919601, -37.681498], [145.4916768, -37.6812959], [145.491672, -37.68091], [145.4912841, -37.6801942], [145.4907761, -37.6801874], [145.4906426, -37.6805703], [145.4903829, -37.6806599], [145.490105, -37.6804243], [145.4895868, -37.67939], [145.489781, -37.6787379], [145.4905058, -37.6785447], [145.4905782, -37.6783248], [145.4903947, -37.6781754], [145.4897972, -37.6782306], [145.4890692, -37.6779079], [145.4889699, -37.6775801], [145.4900514, -37.6769288], [145.4910315, -37.6763815], [145.4914284, -37.6759633], [145.4913104, -37.6757981], [145.4906855, -37.6757247], [145.4900535, -37.6753948], [145.4894597, -37.6750305], [145.4890327, -37.6750708], [145.4888326, -37.6748348], [145.4889436, -37.6738242], [145.4892499, -37.6736582], [145.4904489, -37.6738934], [145.4916441, -37.6737843], [145.4928371, -37.6732982], [145.4929809, -37.6725547], [145.4924448, -37.6720314], [145.4912219, -37.672198], [145.4907638, -37.6720906], [145.4899473, -37.6702461], [145.4899602, -37.669751], [145.4901415, -37.6692342], [145.4899082, -37.6690954], [145.4895618, -37.669335], [145.4890976, -37.6696949], [145.488522, -37.669621], [145.4881744, -37.6691968], [145.4880867, -37.6683657], [145.4875902, -37.6681361], [145.4871036, -37.6682478], [145.4867367, -37.668055], [145.4868333, -37.6677361], [145.4874234, -37.667317], [145.4873365, -37.666472], [145.487676, -37.6662529], [145.4884024, -37.6662049], [145.4888283, -37.665942], [145.489449, -37.6659675], [145.4896555, -37.6657837], [145.4894978, -37.6655276], [145.4889805, -37.6653288], [145.4886411, -37.6652903], [145.4884136, -37.6652933], [145.4877496, -37.6651882], [145.4876599, -37.6651829], [145.4875601, -37.6652083], [145.4871831, -37.6653603], [145.4866481, -37.6656823], [145.4863201, -37.6657993], [145.4858112, -37.6658123], [145.4850582, -37.6657263], [145.4845332, -37.6653964], [145.4843202, -37.6650674], [145.4843632, -37.6647414], [145.4847341, -37.6641604], [145.4850011, -37.6638214], [145.4850011, -37.6636734], [145.4849411, -37.6635654], [145.4848721, -37.6635398], [145.4847537, -37.6635403], [145.4843979, -37.6635932], [145.4837445, -37.6637273], [145.4810902, -37.6641224], [145.4798392, -37.6644625], [145.4797032, -37.6645705], [145.4796102, -37.6648225], [145.4795452, -37.6653085], [145.4793003, -37.6659075], [145.4788083, -37.6669054], [145.4787323, -37.6669704], [145.4785793, -37.6669745], [145.4782003, -37.6668625], [145.4778823, -37.6666715], [145.4761653, -37.6648715], [145.4758923, -37.6644035], [145.4755483, -37.6640345], [145.4751543, -37.6639045], [145.4748433, -37.6638525], [145.4743513, -37.6640045], [145.4737063, -37.6643046], [145.4730843, -37.6647085], [145.4728663, -37.6649775], [145.4727084, -37.6653725], [145.4726324, -37.6662445], [145.4726042, -37.6664078], [145.4724524, -37.6672855], [145.4723384, -37.6678495], [145.4722954, -37.6691125], [145.4722084, -37.6695855], [145.4718814, -37.6707915], [145.4715215, -37.6712255], [145.4711495, -37.6713815], [145.4700625, -37.6714515], [145.4697565, -37.6714995], [145.4696365, -37.6716085], [145.4696635, -37.6717475], [145.4697455, -37.6718725], [145.4700625, -37.6719555], [145.4720085, -37.6720885], [145.4721395, -37.6722055], [145.4720905, -37.6724875], [145.4718285, -37.6727575], [145.4714955, -37.6728565], [145.4711345, -37.6728395], [145.4698235, -37.6726145], [145.4694076, -37.6726625], [145.4689986, -37.6729055], [145.4686866, -37.6733395], [145.4680046, -37.6736615], [145.4677966, -37.6738395], [145.4677976, -37.6739955], [145.4680046, -37.6741205], [145.4685786, -37.6740555], [145.4689176, -37.6741125], [145.4690206, -37.6741985], [145.4689776, -37.6743245], [145.4687916, -37.6744635], [145.4686606, -37.6745935], [145.4686176, -37.6748675], [145.4686116, -37.6756005], [145.4684206, -37.6757655], [145.4680336, -37.6759255], [145.4676996, -37.6759955], [145.4674437, -37.6760125], [145.4663286, -37.6759135], [145.4656616, -37.6758835], [145.4654309, -37.6758312], [145.4652246, -37.6757845], [145.4644427, -37.6753455], [145.4632187, -37.6740275], [145.4627487, -37.6737805], [145.4624367, -37.6737106], [145.4620597, -37.6737065], [145.4615077, -37.6738026], [145.4611147, -37.6738286], [145.4607487, -37.6737556], [145.4603877, -37.6734776], [145.4601367, -37.6732046], [145.4598247, -37.6730916], [145.4590377, -37.6729966], [145.4586287, -37.6728106], [145.4583107, -37.6725156], [145.4579777, -37.6717176], [145.4577747, -37.6714746], [145.4576057, -37.6714086], [145.4573597, -37.6714226], [145.4571687, -37.6715396], [145.4568967, -37.6727366], [145.4567657, -37.6728626], [145.4564537, -37.6728286], [145.4563277, -37.6726726], [145.4563607, -37.6721256], [145.4563217, -37.6716176], [145.4561957, -37.6713056], [145.4560537, -37.6712016], [145.4557757, -37.6711706], [145.4553167, -37.6712666], [145.4545517, -37.6713886], [145.4530487, -37.6716886], [145.4520548, -37.6720356], [145.4514378, -37.6720926], [145.4509788, -37.6722057], [145.4506348, -37.6726087], [145.4503728, -37.6728387], [145.4499958, -37.6729127], [145.4497608, -37.6728957], [145.4493998, -37.6727917], [145.4491598, -37.6727657], [145.4487989, -37.6728787], [145.4484328, -37.6732167], [145.4479088, -37.6735947], [145.4472589, -37.6737117], [145.4465539, -37.6741547], [145.4462429, -37.6742637], [145.4460679, -37.6742377], [145.4458819, -37.6741117], [145.4457349, -37.6738507], [145.4456689, -37.6736647], [145.4455319, -37.6735737], [145.4448549, -37.6732397], [145.4442099, -37.6730797], [145.4437669, -37.6731007], [145.4434779, -37.6732267], [145.4429589, -37.6735787], [145.4420139, -37.6739567], [145.4417949, -37.6739737], [145.4416089, -37.6739387], [145.4414559, -37.6737827], [145.4413249, -37.6733447], [145.4411829, -37.6730407], [145.4410569, -37.6729157], [145.4406719, -37.6727338], [145.4403219, -37.6726598], [145.4400599, -37.6725338], [145.439699, -37.6724348], [145.439202, -37.6723958], [145.438847, -37.6723088], [145.438191, -37.6719058], [145.437912, -37.6717748], [145.437634, -37.6717628], [145.437262, -37.6717888], [145.437044, -37.6717018], [145.436869, -37.6715718], [145.436841, -37.6713808], [145.43686, -37.6705348], [145.436991, -37.6703308], [145.437101, -37.6702698], [145.437314, -37.6702438], [145.437499, -37.6702828], [145.437767, -37.6702658], [145.4380619, -37.6701608], [145.4385399, -37.6697528], [145.4385779, -37.6696708], [145.4385509, -37.6695708], [145.4384089, -37.6693888], [145.4379279, -37.6691328], [145.4374419, -37.6689288], [145.4371899, -37.6688508], [145.4369169, -37.6688298], [145.436644, -37.6690158], [145.436371, -37.6693328], [145.436196, -37.6693978], [145.436076, -37.6693768], [145.435912, -37.6693068], [145.435814, -37.6690298], [145.435737, -37.6686218], [145.435452, -37.6681528], [145.435294, -37.6681268], [145.43507, -37.6681748], [145.434912, -37.6683098], [145.43483, -37.6688478], [145.434743, -37.6690688], [145.434595, -37.6691598], [145.434371, -37.6691688], [145.434071, -37.6690778], [145.433907, -37.6689388], [145.43365, -37.6688178], [145.433169, -37.6688348], [145.432727, -37.6688258], [145.432443, -37.6687478], [145.432076, -37.6684619], [145.431754, -37.6681148], [145.431519, -37.6680628], [145.431333, -37.6680408], [145.430978, -37.6681979], [145.430618, -37.6684449], [145.430191, -37.6685619], [145.4298691, -37.6685359], [145.4297111, -37.6684279], [145.429738, -37.6683319], [145.430224, -37.6679849], [145.430388, -37.6677978], [145.430426, -37.6676079], [145.430202, -37.6670179], [145.430049, -37.6666879], [145.430032, -37.6665659], [145.430125, -37.6664099], [145.430317, -37.6663839], [145.430781, -37.6664449], [145.431114, -37.6664358], [145.431262, -37.6663578], [145.431311, -37.6662278], [145.431218, -37.6660889], [145.430688, -37.6655949], [145.4303, -37.6651338], [145.429863, -37.6647528], [145.429685, -37.6644839], [145.429679, -37.6643058], [145.429805, -37.6641059], [145.430056, -37.6639148], [145.430624, -37.6637108], [145.430848, -37.6635719], [145.430889, -37.6633859], [145.430873, -37.6633078], [145.430736, -37.6631999], [145.430589, -37.6631388], [145.430338, -37.6630818], [145.429939, -37.6628778], [145.429359, -37.6624059], [145.428676, -37.6619499], [145.427846, -37.6614469], [145.426906, -37.6612259], [145.42666, -37.6611179], [145.426573, -37.6609309], [145.4266319, -37.6603579], [145.4265509, -37.6600199], [145.4263919, -37.6599109], [145.4261959, -37.6599239], [145.425988, -37.6602189], [145.425841, -37.6605009], [145.425666, -37.6605489], [145.42554, -37.6605359], [145.425376, -37.6603759], [145.425392, -37.6601809], [145.4257639, -37.6596679], [145.4260699, -37.6590779], [145.4261349, -37.6588049], [145.4259579, -37.6584539], [145.4254219, -37.6581798], [145.4249249, -37.6581109], [145.4237719, -37.6582239], [145.4234436, -37.6582331], [145.4231389, -37.6582459], [145.4227671, -37.6581981], [145.4225496, -37.6579433], [145.4220072, -37.657593], [145.4214194, -37.6575487], [145.42086, -37.6576079], [145.420358, -37.6577859], [145.420101, -37.6581119], [145.420145, -37.6584279], [145.420402, -37.6588409], [145.420642, -37.6590919], [145.421325, -37.6595739], [145.421571, -37.6598119], [145.422473, -37.6610399], [145.423283, -37.6615989], [145.423484, -37.6616819], [145.423702, -37.6618639], [145.42374, -37.6620729], [145.423724, -37.6621979], [145.423527, -37.6622029], [145.423205, -37.6620989], [145.422342, -37.6617079], [145.421954, -37.6616039], [145.421517, -37.6616559], [145.420626, -37.6619129], [145.420484, -37.6620119], [145.4204511, -37.6621599], [145.4206701, -37.6623809], [145.4208511, -37.6625979], [145.4210691, -37.6630489], [145.4213371, -37.6633139], [145.4215011, -37.6634349], [145.4218391, -37.6633959], [145.422539, -37.6631139], [145.423325, -37.6629399], [145.423768, -37.6629449], [145.42391, -37.6629969], [145.423937, -37.6630709], [145.423798, -37.6632049], [145.422913, -37.6634049], [145.4222581, -37.6636089], [145.4216511, -37.6639519], [145.4210341, -37.6644939], [145.4206351, -37.6648059], [145.4198981, -37.6652929], [145.4197611, -37.6653439], [145.4195641, -37.6653189], [145.4195371, -37.6651319], [145.4195921, -37.6649189], [145.4202741, -37.6642689], [145.4203671, -37.6641379], [145.4203781, -37.6640429], [145.4202141, -37.6639299], [145.4197551, -37.6638039], [145.4190721, -37.6635699], [145.4188871, -37.6635609], [145.4187831, -37.6636529], [145.4188211, -37.6638909], [145.4190011, -37.6642949], [145.4188871, -37.6645029], [145.4186791, -37.6646199], [145.4170181, -37.6647159], [145.4162642, -37.6648679], [145.4150301, -37.665466], [145.4145492, -37.66584], [145.4143742, -37.665892], [145.4141502, -37.665892], [145.4140142, -37.665731], [145.4138502, -37.665432], [145.4137022, -37.665328], [145.4134892, -37.665336], [145.4132322, -37.66541], [145.4130902, -37.665579], [145.4129322, -37.666], [145.4125832, -37.666395], [145.4120962, -37.666781], [145.4114193, -37.667419], [145.4111563, -37.667814], [145.4110253, -37.667927], [145.4108073, -37.667949], [145.4106593, -37.667927], [145.4106213, -37.667762], [145.4107253, -37.667142], [145.4107793, -37.667007], [145.4106653, -37.666903], [145.4105283, -37.666847], [145.4101622, -37.666825], [145.4096103, -37.666868], [145.4093213, -37.666946], [145.4091903, -37.667042], [145.4091763, -37.667241], [145.4094223, -37.668287], [145.4093513, -37.668365], [145.4092523, -37.668396], [145.4091273, -37.668365], [145.4088873, -37.668222], [145.4087173, -37.668153], [145.4084223, -37.668148], [145.4082203, -37.668231], [145.4081053, -37.6684781], [145.4075154, -37.6702921], [145.4073194, -37.6707821], [145.4073084, -37.6713241], [145.4071874, -37.6720491], [145.4069365, -37.6730431], [145.4065435, -37.6740581], [145.4065984, -37.6742361], [145.4071115, -37.6744961], [145.4071995, -37.6747171], [145.4069122, -37.6754516], [145.4067735, -37.6758061], [145.4066145, -37.6758711], [145.4064285, -37.6758411], [145.4059915, -37.6753511], [145.4051725, -37.6743701], [145.4049755, -37.6742701], [145.4046805, -37.6743011], [145.4040525, -37.6749391], [145.4038445, -37.6749691], [145.4037185, -37.6748911], [145.4036535, -37.6746701], [145.4036315, -37.6744181], [145.4035715, -37.6742451], [145.4034295, -37.6741441], [145.4031725, -37.6741191], [145.4027845, -37.6741971], [145.4019756, -37.6748081], [145.4012056, -37.6757542], [145.4010196, -37.6758412], [145.4008556, -37.6758152], [145.4007846, -37.6755942], [145.4007956, -37.6751732], [145.4006045, -37.6747352], [145.4001565, -37.6740932], [145.3993865, -37.6728132], [145.3994955, -37.6727002], [145.3997085, -37.6726912], [145.4004785, -37.6728952], [145.4010365, -37.6731081], [145.4012715, -37.6731471], [145.4013805, -37.6730642], [145.4012765, -37.6727951], [145.4006485, -37.6722832], [145.3999385, -37.6715812], [145.3996105, -37.6712081], [145.3994575, -37.6708432], [145.3994465, -37.6703481], [145.3995615, -37.6700011], [145.3995494, -37.6698061], [145.3993805, -37.6696201], [145.3987195, -37.6692251], [145.3983374, -37.6688652], [145.3980475, -37.6684782], [145.3977035, -37.6682751], [145.3963815, -37.6681792], [145.3959985, -37.6679922], [145.3957745, -37.6678322], [145.3952845, -37.6676582], [145.3947815, -37.6675672], [145.3945845, -37.6674882], [145.3943375, -37.6672852], [145.3941895, -37.6670302], [145.3941155, -37.6666762], [145.3939795, -37.6665252], [145.3938565, -37.6664802], [145.3936505, -37.6665252], [145.3933705, -37.6666762], [145.3927695, -37.6672522], [145.3925715, -37.6673312], [145.3923985, -37.6673242], [145.3922675, -37.6671612], [145.3922175, -37.6663882], [145.3921195, -37.6662112], [145.3918965, -37.6661322], [145.3916335, -37.6661522], [145.3911975, -37.6663482], [145.3908515, -37.6664332], [145.3903905, -37.6665122], [145.3895676, -37.6669382], [145.3892705, -37.6669842], [145.3890156, -37.6669252], [145.3889585, -37.6668262], [145.3890815, -37.6666172], [145.3893785, -37.6664142], [145.3896985, -37.6661062], [145.3898635, -37.6656212], [145.3900115, -37.6653262], [145.3900615, -37.6651302], [145.3899215, -37.6648552], [145.3897815, -37.6647242], [145.3894685, -37.6646522], [145.3887035, -37.6646192], [145.3883985, -37.6644362], [145.3881435, -37.6644162], [145.3878305, -37.6645142], [145.3877395, -37.6646712], [145.3876745, -37.6650772], [145.3873855, -37.6652742], [145.3870895, -37.6653072], [145.3868166, -37.6651336], [145.3866423, -37.6649672], [145.386474, -37.6648398], [145.3863129, -37.6647614], [145.3861111, -37.6646986], [145.385915, -37.6646397], [145.3858108, -37.6645687], [145.3857671, -37.6644672], [145.3857797, -37.6643848], [145.3858431, -37.6642975], [145.3859575, -37.6641866], [145.3860919, -37.6640982], [145.386234, -37.6640589], [145.3864584, -37.6639544], [145.3865658, -37.6638401], [145.3866479, -37.6637115], [145.3866757, -37.6635988], [145.3866555, -37.6634913], [145.3865929, -37.6634344], [145.3864909, -37.6634037], [145.3863016, -37.6634044], [145.3858845, -37.6633964], [145.385186, -37.6633171], [145.3845927, -37.6632978], [145.3843439, -37.6632777], [145.3842086, -37.663217], [145.3840948, -37.6631227], [145.3840742, -37.6630528], [145.3841147, -37.6629299], [145.3842135, -37.6628384], [145.3843585, -37.6627743], [145.3845381, -37.6627119], [145.3846746, -37.6627008], [145.384806, -37.6626982], [145.3850321, -37.6627341], [145.3852546, -37.6627623], [145.3853695, -37.6627332], [145.3854999, -37.6626603], [145.3855707, -37.6625398], [145.3855459, -37.6624003], [145.3853206, -37.6620863], [145.3851583, -37.6618859], [145.3850383, -37.6617539], [145.3848151, -37.6616847], [145.3844654, -37.66167]]}}, {"type": "Feature", "properties": {"waterbody": "Yarra River", "name": "Yarra River", "city": "Melbourne", "country": "Australia", "osm_id": 25564198}, "geometry": {"type": "LineString", "coordinates": [[145.2227778, -37.7362391], [145.2225175, -37.7362497], [145.22228, -37.7362667], [145.2221565, -37.7362811], [145.2220285, -37.7362673], [145.2211213, -37.7361848], [145.2205065, -37.7361538], [145.2202317, -37.7361994], [145.2200957, -37.736239], [145.2198447, -37.7363174], [145.2194991, -37.7365717], [145.2187781, -37.7368771], [145.2184691, -37.7370468], [145.2180829, -37.7374405], [145.217937, -37.7376984], [145.2177304, -37.7379164], [145.2174048, -37.7381668], [145.2171966, -37.7383661], [145.2169472, -37.7385082], [145.2166468, -37.7386334], [145.2163812, -37.7387755], [145.215774, -37.7390492], [145.2143625, -37.7394097], [145.2140006, -37.7394383], [145.2133449, -37.7393861], [145.2130341, -37.7393895], [145.2127212, -37.7394198], [145.2124976, -37.7394619], [145.2121949, -37.739565], [145.2119717, -37.7397211], [145.2117743, -37.7398094], [145.211534, -37.7398637], [145.2110534, -37.7401012], [145.2109976, -37.740138], [145.2106007, -37.7403462], [145.2104587, -37.7404277], [145.2100481, -37.7405961], [145.2094075, -37.7408393], [145.2086927, -37.7410514], [145.2076429, -37.7413332], [145.2061855, -37.7417245], [145.2059705, -37.7417498], [145.2054277, -37.7417902], [145.2049402, -37.7417161], [145.2045804, -37.7416605], [145.2041887, -37.7414972], [145.2038607, -37.741323], [145.2034244, -37.7409501], [145.2026305, -37.7403911], [145.2023501, -37.7402166], [145.2019725, -37.7400537], [145.2016976, -37.7397684], [145.2015535, -37.7396105], [145.2013189, -37.7388626], [145.201534, -37.7386403], [145.2017298, -37.7384333], [145.2021556, -37.7380258], [145.2022815, -37.737841], [145.2024962, -37.7376948], [145.2026334, -37.7375966], [145.2027751, -37.7375056], [145.2028943, -37.7373676], [145.2030625, -37.7372783], [145.2032434, -37.7372245], [145.2034265, -37.7372127], [145.2036117, -37.737206], [145.2038715, -37.7372295], [145.2041343, -37.7372356], [145.2044974, -37.7372464], [145.2049104, -37.7372868], [145.2052467, -37.7373188], [145.2057319, -37.7373048], [145.2063303, -37.7372868], [145.2067454, -37.7372464], [145.2072266, -37.7371824], [145.2078823, -37.7370292], [145.2082995, -37.7369096], [145.209266, -37.7365729], [145.2107615, -37.7360355], [145.2120833, -37.7354517], [145.2124438, -37.7351928], [145.21277, -37.7350376], [145.2138085, -37.7346032], [145.2145724, -37.7342638], [145.2149844, -37.7339855], [145.2151555, -37.7337504], [145.2152591, -37.7334085], [145.2153835, -37.7331161], [145.2154307, -37.7328247], [145.2154639, -37.7323928], [145.2154307, -37.7321188], [145.2154022, -37.731924], [145.2153277, -37.7317115], [145.215067, -37.7313152], [145.2148792, -37.7311115], [145.2146405, -37.7309312], [145.2139646, -37.730403], [145.2136534, -37.7302121], [145.2130151, -37.7299023], [145.2125001, -37.7297538], [145.2121729, -37.7296669], [145.211802, -37.7296573], [145.2110484, -37.7296439], [145.2101563, -37.7296573], [145.2098335, -37.7296947], [145.2094905, -37.7298096], [145.2089853, -37.7301023], [145.2087403, -37.7302319], [145.2081713, -37.7305699], [145.2080665, -37.7306321], [145.2073798, -37.7308901], [145.206779, -37.7310598], [145.2062125, -37.7310666], [145.2055859, -37.7310259], [145.2045646, -37.7308019], [145.2039208, -37.7306254], [145.2034144, -37.7304556], [145.202436, -37.7303946], [145.2017321, -37.7304149], [145.2012944, -37.7305643], [145.2008309, -37.7308358], [145.199758, -37.7317929], [145.1987882, -37.7330623], [145.1987173, -37.7332006], [145.1984019, -37.7338158], [145.1981873, -37.7350784], [145.198153, -37.7357571], [145.1982388, -37.7362798], [145.198462, -37.7370468], [145.1986518, -37.7379838], [145.1986728, -37.7381021], [145.198675, -37.7382548], [145.1986737, -37.7386103], [145.1987195, -37.7399383], [145.1987023, -37.7404135], [145.1985307, -37.7407189], [145.1983161, -37.7409632], [145.1980157, -37.7412144], [145.1976638, -37.7413162], [145.197432, -37.7413298], [145.1970973, -37.7412551], [145.1965308, -37.7410175], [145.1934667, -37.7394836], [145.1924882, -37.7388591], [145.1922221, -37.7386284], [145.1920075, -37.7383433], [145.1919303, -37.7380582], [145.1919818, -37.7377256], [145.1920161, -37.7371351], [145.1920848, -37.7367957], [145.1920934, -37.7361237], [145.1918015, -37.7353431], [145.1918101, -37.7350105], [145.1919818, -37.734705], [145.1922908, -37.7344267], [145.1928916, -37.7340194], [145.1935696, -37.7335239], [145.1940074, -37.7332388], [145.1942477, -37.7328926], [145.1943765, -37.7325736], [145.1942563, -37.732112], [145.193913, -37.7317047], [145.1934667, -37.7316029], [145.1926427, -37.7316436], [145.1920419, -37.7318201], [145.1915097, -37.7320509], [145.1911664, -37.7321799], [145.1906857, -37.7322817], [145.1901107, -37.7322342], [145.1893554, -37.7320373], [145.1891665, -37.7319559], [145.1890635, -37.7317929], [145.1889262, -37.7314196], [145.188703, -37.7310259], [145.1884971, -37.7307883], [145.1882396, -37.7305982], [145.1878705, -37.7304081], [145.1876044, -37.7303538], [145.1868577, -37.7303946], [145.1864285, -37.7304828], [145.1858363, -37.7306932], [145.1852355, -37.7308494], [145.1848836, -37.7309173], [145.1844458, -37.7308562], [145.1841712, -37.7307204], [145.1837764, -37.7304828], [145.1833386, -37.7301773], [145.1827721, -37.7300008], [145.1823945, -37.729899], [145.1816821, -37.7298651], [145.1812186, -37.7300008], [145.1808925, -37.7303335], [145.1809268, -37.7307815], [145.1806865, -37.7316775], [145.1805491, -37.7319626], [145.1802659, -37.7321934], [145.179399, -37.7327908], [145.1787553, -37.7333406], [145.1785064, -37.73368], [145.1784205, -37.7340534], [145.178575, -37.7346304], [145.178969, -37.7354283], [145.1792788, -37.7360558], [145.1795878, -37.7366056], [145.1797852, -37.7370061], [145.1798196, -37.7373794], [145.1796136, -37.7376645], [145.179193, -37.7379903], [145.1784634, -37.7381396], [145.1780171, -37.7382958], [145.1776051, -37.7384655], [145.1772447, -37.7384994], [145.1770387, -37.7384519], [145.1769559, -37.7383159], [145.1769271, -37.7382686], [145.1768927, -37.7376849], [145.1767211, -37.7366667], [145.1767039, -37.7360626], [145.1766009, -37.7355875], [145.1764464, -37.7353499], [145.176043, -37.7351123], [145.1755795, -37.7350444], [145.1751504, -37.735058], [145.1743779, -37.7351123], [145.1729531, -37.7350444], [145.1721377, -37.7349087], [145.1714082, -37.7348272], [145.1709018, -37.7347933], [145.1700606, -37.7350037], [145.16958, -37.7349698], [145.1676917, -37.7347186], [145.1669879, -37.7345896], [145.1662154, -37.7343656], [145.1653657, -37.7343113], [145.16477, -37.7344475], [145.1644473, -37.7346711], [145.1638722, -37.7352141], [145.1636405, -37.7359608], [145.1628938, -37.7375084], [145.1626101, -37.7377221], [145.1624307, -37.7378638]]}}, {"type": "Feature", "properties": {"waterbody": "Yarra River", "name": "Yarra River", "city": "Melbourne", "country": "Australia", "osm_id": 27557410}, "geometry": {"type": "LineString", "coordinates": [[145.1340031, -37.7423818], [145.1338794, -37.7425028]]}}, {"type": "Feature", "properties": {"waterbody": "Yarra River", "name": "Yarra River", "city": "Melbourne", "country": "Australia", "osm_id": 27557412}, "geometry": {"type": "LineString", "coordinates": [[145.1338794, -37.7425028], [145.1336942, -37.7426465], [145.133471, -37.7427415], [145.1332221, -37.742823], [145.1329732, -37.7428501], [145.1326985, -37.7428094], [145.1322694, -37.7426465], [145.1311965, -37.7423207], [145.1289992, -37.7415062], [145.1276088, -37.7409089], [145.1261496, -37.7403524], [145.1258836, -37.7402845], [145.1254802, -37.7402641], [145.1251197, -37.7403117], [145.1248457, -37.7403306], [145.1246157, -37.7403592], [145.1243496, -37.740371], [145.1241665, -37.740339], [145.1236301, -37.7402986], [145.1232745, -37.7403508], [145.123017, -37.7404265], [145.1226649, -37.7405764], [145.1219954, -37.7412144], [145.1216998, -37.7415141], [145.1215267, -37.7418912], [145.1213345, -37.7421985], [145.1211629, -37.742504], [145.1209477, -37.7430039], [145.120639, -37.7436352], [145.1203818, -37.7440446], [145.1202026, -37.7443288], [145.1200032, -37.7447362], [145.1199769, -37.7449146], [145.1199986, -37.7451081], [145.120118, -37.7452419], [145.1202005, -37.7453977], [145.1203046, -37.7465694], [145.1202702, -37.7478793], [145.1203261, -37.7480625], [145.1204247, -37.748205], [145.1206092, -37.7483857], [145.1208796, -37.7485511], [145.120986, -37.7485809], [145.1211371, -37.7485647], [145.1213775, -37.7484426], [145.1216349, -37.7482661], [145.1217673, -37.7481349], [145.1220641, -37.747791], [145.1225018, -37.747601], [145.1227937, -37.7475467], [145.1229825, -37.7475739], [145.1232657, -37.7477028], [145.1246047, -37.7487412], [145.1254201, -37.7495352], [145.125528, -37.749672], [145.1258845, -37.7504006], [145.1259974, -37.7507103], [145.1260314, -37.7508601], [145.1259951, -37.7509943], [145.1259007, -37.7511165], [145.125772, -37.7511504], [145.1254973, -37.75113], [145.1248965, -37.7509536], [145.1243901, -37.7507228], [145.1240983, -37.7504921], [145.1237893, -37.7502071], [145.1231799, -37.7494877], [145.1229739, -37.7493248], [145.1228126, -37.749224], [145.1227168, -37.7492038], [145.1226018, -37.7492189], [145.1224485, -37.7493031], [145.1222165, -37.7495724], [145.1220824, -37.7497643], [145.1219096, -37.7500781], [145.1218238, -37.7504785], [145.1218495, -37.7510079], [145.1218376, -37.7512893], [145.1218248, -37.7516226], [145.1217758, -37.7518482], [145.121695, -37.7520055], [145.1214719, -37.7521819], [145.1211629, -37.7523244], [145.1208968, -37.7523584], [145.1202445, -37.7522701], [145.1198258, -37.752242], [145.1194894, -37.7522538], [145.1191275, -37.752306], [145.1187081, -37.7524003], [145.1176337, -37.752674]]}}, {"type": "Feature", "properties": {"waterbody": "Yarra River", "name": "Yarra River", "city": "Melbourne", "country": "Australia", "osm_id": 32454515}, "geometry": {"type": "LineString", "coordinates": [[145.342629, -37.6746899], [145.3420942, -37.6756644], [145.3412359, -37.6766155], [145.3408668, -37.6767921], [145.3404978, -37.6767106], [145.3399484, -37.6758954], [145.3396051, -37.6757867], [145.339236, -37.6758274], [145.3374079, -37.6777703], [145.3370817, -37.6784836], [145.3370044, -37.6794346], [145.3368242, -37.6804875], [145.3369272, -37.6812008], [145.3371933, -37.681588], [145.3380773, -37.6820091], [145.3380773, -37.6822265], [145.3371246, -37.6827427], [145.3367298, -37.682865], [145.3364036, -37.6824914], [145.3361805, -37.6821789], [145.3358887, -37.6820906], [145.335511, -37.6821586], [145.3347214, -37.6832726], [145.3339832, -37.6848281], [145.3335626, -37.6856024], [145.3333824, -37.6862001], [145.3331249, -37.6865194], [145.3316915, -37.6871918], [145.3314426, -37.6874364], [145.3313482, -37.6877012], [145.3313053, -37.6886886], [145.3312538, -37.6898747], [145.3308239, -37.6908738], [145.3310392, -37.6921093], [145.3308676, -37.6922383], [145.3305156, -37.692184], [145.3299148, -37.6919055], [145.3288763, -37.6915524], [145.3286789, -37.6911856], [145.3286016, -37.690486], [145.328387, -37.6900242], [145.3274343, -37.6891752], [145.3268936, -37.6889986], [145.3265245, -37.6889714], [145.3247221, -37.6894468], [145.3237436, -37.6895759], [145.3226021, -37.6900513], [145.3181131, -37.6912943], [145.3173149, -37.6916678], [145.3170746, -37.6920074], [145.3170746, -37.6922451], [145.3173321, -37.6924828], [145.3189113, -37.6931892], [145.3192461, -37.6935288], [145.3194006, -37.6940993], [145.3190401, -37.6949754], [145.3189886, -37.696714], [145.3186453, -37.6973456], [145.3182161, -37.6976444], [145.3174093, -37.6978821], [145.3159502, -37.6981538], [145.3152378, -37.6985545], [145.3149202, -37.699091], [145.3149202, -37.6996479], [145.317538, -37.7030366], [145.3185852, -37.704028], [145.3198726, -37.7057393], [145.3201645, -37.7063233], [145.3205765, -37.7066628], [145.3210485, -37.7065949], [145.3214863, -37.7063708], [145.3217781, -37.7064387], [145.3220356, -37.7067375], [145.32213, -37.7071653], [145.3220957, -37.7073826], [145.3218982, -37.7076202], [145.3215721, -37.7076202], [145.3212974, -37.7074369], [145.3206623, -37.7071789], [145.3199789, -37.7071726], [145.3197241, -37.707283], [145.3196463, -37.7073912], [145.3194076, -37.70751], [145.3193091, -37.7075389], [145.3189301, -37.7078474], [145.3187638, -37.7079111], [145.3185064, -37.7078453], [145.3182515, -37.7076649], [145.3178728, -37.7072943], [145.3176266, -37.7071429], [145.3173798, -37.7069965], [145.3171545, -37.7069901], [145.3168783, -37.7068055], [145.3165483, -37.7066994], [145.3162828, -37.7066442], [145.3161246, -37.7066188], [145.3159073, -37.7066527], [145.3157303, -37.7068225], [145.3155184, -37.7070283], [145.3153253, -37.7071196], [145.3151858, -37.7070623], [145.3150409, -37.7068437], [145.3148961, -37.7065318], [145.3146413, -37.7063705], [145.3143892, -37.706328], [145.3140512, -37.7065105], [145.3137669, -37.7066548], [145.3135094, -37.7068628], [145.313437, -37.707058], [145.3134477, -37.7072087], [145.3138168, -37.7075769], [145.314055, -37.7077854], [145.3141277, -37.7078844], [145.3141183, -37.7079938], [145.3140314, -37.7080969], [145.3138523, -37.7081597], [145.3136259, -37.7081918], [145.3133319, -37.7081771], [145.3127798, -37.7080829], [145.3124821, -37.7080405], [145.3123654, -37.7080742], [145.3122758, -37.7081263], [145.3122032, -37.7082463], [145.3123668, -37.7085307], [145.3125328, -37.7086525], [145.3126898, -37.7086998], [145.3129448, -37.7086797], [145.3132862, -37.7085487], [145.313511, -37.7085207], [145.3137577, -37.7085487], [145.3139604, -37.7086276], [145.3142491, -37.7088173], [145.3143726, -37.7090598], [145.3143854, -37.709309], [145.3142023, -37.7096695], [145.3141581, -37.7098307], [145.3140888, -37.709943], [145.3138958, -37.7101141], [145.3137516, -37.7101124], [145.3128604, -37.7095674], [145.3127067, -37.7094791], [145.3124992, -37.7093057], [145.312082, -37.709053], [145.3117711, -37.708925], [145.3115072, -37.7089318], [145.3113411, -37.7090261], [145.3112262, -37.7091945], [145.3113312, -37.7096099], [145.3115583, -37.7100838], [145.3118906, -37.7105138], [145.3121356, -37.7108386], [145.3122116, -37.7109562], [145.3122488, -37.7110538], [145.3122538, -37.7111634], [145.3121035, -37.7113599], [145.3118618, -37.7115043], [145.3114884, -37.711662], [145.3111876, -37.7117663], [145.3110737, -37.7118982], [145.3110829, -37.7119908], [145.311211, -37.7120747], [145.3114276, -37.7121299], [145.311932, -37.7121087], [145.3121829, -37.7120537], [145.3124212, -37.7121291], [145.3124609, -37.7122058], [145.3125071, -37.7124007], [145.3121895, -37.7126723], [145.3117115, -37.7128222], [145.3114476, -37.7128256], [145.3113245, -37.7128878], [145.3112883, -37.712971], [145.3113667, -37.7132365], [145.3119277, -37.7137606], [145.3123383, -37.7139518], [145.3126053, -37.7140507], [145.3126898, -37.7142231], [145.3126915, -37.7143367], [145.3126272, -37.7149401], [145.3123869, -37.7155512], [145.3120607, -37.7157752], [145.3113483, -37.7160875], [145.3105844, -37.716203], [145.3090137, -37.7162709], [145.3079924, -37.7163252], [145.306456, -37.7162437], [145.3050398, -37.7160604], [145.30413, -37.7159382], [145.3037867, -37.7159789], [145.3036048, -37.71615], [145.303503, -37.7164245], [145.3033407, -37.7165956], [145.3030313, -37.7167258], [145.3023104, -37.7166239], [145.3017267, -37.7160943], [145.3015722, -37.7158024], [145.3016495, -37.7155579], [145.302379, -37.7152796], [145.3024637, -37.7151799], [145.3024808, -37.7150722], [145.3024382, -37.7148768], [145.302276, -37.7147839], [145.3015379, -37.7147296], [145.3002333, -37.7133988], [145.2994093, -37.7128013], [145.299126, -37.7127945], [145.2976669, -37.7133173], [145.2969717, -37.7135074], [145.296388, -37.7137858], [145.2959761, -37.7138877], [145.295813, -37.7137654], [145.2958902, -37.7132766], [145.2958902, -37.7130321], [145.2957787, -37.7128284], [145.2946629, -37.7125229], [145.2937129, -37.7123006]]}}, {"type": "Feature", "properties": {"waterbody": "Yarra River", "name": "Yarra River", "city": "Melbourne", "country": "Australia", "osm_id": 42790254}, "geometry": {"type": "LineString", "coordinates": [[145.2937129, -37.7123006], [145.2916588, -37.7117149], [145.291427, -37.7115044], [145.2914356, -37.7111988], [145.2916502, -37.7109001], [145.2928432, -37.7103025], [145.2931675, -37.7099566], [145.2933067, -37.709671], [145.2932581, -37.7095217], [145.2932381, -37.7094605], [145.2930456, -37.7092686], [145.2923197, -37.7087543], [145.2920193, -37.7087136], [145.2917427, -37.7087701], [145.2915043, -37.7089105], [145.2913069, -37.7092568], [145.2907747, -37.7096303], [145.2903027, -37.709705], [145.2898048, -37.7097254], [145.2894615, -37.7095217], [145.2891869, -37.7091482], [145.2891182, -37.7088087], [145.2892086, -37.7086028], [145.2893025, -37.7085562], [145.2895388, -37.7084827], [145.2901973, -37.7084859], [145.2903378, -37.7084861], [145.290455, -37.708423], [145.2904907, -37.7083312], [145.2905202, -37.7082421], [145.2905173, -37.7080765], [145.2905712, -37.7079768], [145.2907348, -37.7077201], [145.2908528, -37.7075397], [145.2909647, -37.7073291], [145.2911841, -37.7070156], [145.291367, -37.7067308], [145.291467, -37.7062516], [145.2916588, -37.7052165], [145.2917996, -37.7043694], [145.2920965, -37.7035935], [145.2922596, -37.7033898], [145.2924918, -37.7028972], [145.2925518, -37.7026623], [145.2925143, -37.7024701], [145.2923849, -37.7023164], [145.2921508, -37.7023189], [145.290623, -37.702901], [145.2898762, -37.7029571], [145.289432, -37.7029749], [145.288283, -37.7029209], [145.2868868, -37.7030198], [145.2862284, -37.7032855], [145.2856751, -37.7036651], [145.2848701, -37.704608], [145.284504, -37.7051312], [145.2843117, -37.7056851], [145.2842465, -37.7063726], [145.2841143, -37.7069209], [145.2836633, -37.7073574], [145.2830843, -37.7080142], [145.2828192, -37.7083236], [145.2827152, -37.7085914], [145.2828096, -37.7093655], [145.2829899, -37.7097865], [145.2834662, -37.7102009], [145.2839598, -37.7105198], [145.2845606, -37.7110766], [145.2849897, -37.7117285], [145.2850841, -37.7123192], [145.2851853, -37.7129613], [145.2851665, -37.7133729], [145.2851531, -37.7135511], [145.2850512, -37.7137124], [145.2849868, -37.7139118], [145.2849841, -37.714088], [145.2850109, -37.7142068], [145.2850927, -37.7143629], [145.2853006, -37.7145505], [145.2856359, -37.7147012], [145.2861055, -37.7147703], [145.2864566, -37.714803], [145.2867235, -37.7147635], [145.2869295, -37.7148043], [145.2870172, -37.7149239], [145.2870033, -37.7151254], [145.2869958, -37.7152337], [145.2868437, -37.7155987], [145.2862858, -37.7165017], [145.2859339, -37.7168208], [145.2858309, -37.7170449], [145.2856654, -37.717207], [145.2853321, -37.7175699], [145.2846405, -37.7181752]]}}, {"type": "Feature", "properties": {"waterbody": "Yarra River", "name": "Yarra River", "city": "Melbourne", "country": "Australia", "osm_id": 43312974}, "geometry": {"type": "LineString", "coordinates": [[145.1624307, -37.7378638], [145.1621213, -37.7377256], [145.1615548, -37.7375966], [145.1613123, -37.7374957], [145.1609025, -37.7373251], [145.1596322, -37.7364291], [145.1591086, -37.7360965], [145.1576911, -37.7352767], [145.1572778, -37.7349987], [145.1563535, -37.7344335], [145.1561838, -37.7343341], [145.1555653, -37.7340516], [145.1554105, -37.7339909], [145.1552374, -37.7339618], [145.1549511, -37.7339731], [145.1542295, -37.7340832], [145.1539525, -37.7341619], [145.1536326, -37.7343045], [145.1531262, -37.7346407], [145.152789, -37.7349333], [145.1522439, -37.7353483], [145.1519325, -37.7355968], [145.1517603, -37.7356947], [145.1515113, -37.7358752], [145.1512551, -37.7361712], [145.1509976, -37.7364427], [145.1506629, -37.7369993], [145.1504569, -37.7379903], [145.150311, -37.7382075], [145.1501843, -37.7383148], [145.1501136, -37.7383772], [145.1498818, -37.7384315], [145.1496131, -37.7383941], [145.1493668, -37.7382415], [145.1492209, -37.7378953], [145.148972, -37.7375423], [145.1486716, -37.7373183], [145.1484777, -37.7372699], [145.148294, -37.7372505], [145.1481051, -37.737298], [145.1477275, -37.7375152], [145.1473878, -37.7376482], [145.1470237, -37.7378546], [145.1468438, -37.7379474], [145.1466138, -37.7380596], [145.1461139, -37.7383297], [145.1457885, -37.7384562], [145.1454787, -37.7385469], [145.1450722, -37.738615], [145.1447618, -37.7386833], [145.1444694, -37.7386904], [145.1440715, -37.7387363], [145.1437028, -37.7388085], [145.1433672, -37.7388634], [145.1429638, -37.7388871], [145.1426463, -37.7389271], [145.1423802, -37.7389474], [145.142086, -37.7389082], [145.1418693, -37.7389], [145.141501, -37.7388154], [145.1410558, -37.738722], [145.1406941, -37.7386801], [145.1402422, -37.738573], [145.1397717, -37.7384923], [145.1395923, -37.738457], [145.139419, -37.7384362], [145.1392156, -37.7384204], [145.1390182, -37.7384127], [145.1386716, -37.7383466], [145.1382514, -37.7382885], [145.1380472, -37.7382845], [145.1379239, -37.7382858], [145.1377296, -37.7383312], [145.1375735, -37.738396], [145.1374534, -37.738502], [145.1373849, -37.7386225], [145.137239, -37.7390763], [145.1371131, -37.7394328], [145.1369901, -37.7397347], [145.1366714, -37.7402434]]}}, {"type": "Feature", "properties": {"waterbody": "Yarra River", "name": "Yarra River", "city": "Melbourne", "country": "Australia", "osm_id": 43320184}, "geometry": {"type": "LineString", "coordinates": [[145.2287521, -37.7365378], [145.2286943, -37.7366138], [145.2286085, -37.7367224], [145.2284196, -37.7368989], [145.2280763, -37.7369735], [145.2276557, -37.7370346], [145.2274118, -37.7370606], [145.2272943, -37.7370827]]}}, {"type": "Feature", "properties": {"waterbody": "Yarra River", "name": "Yarra River", "city": "Melbourne", "country": "Australia", "osm_id": 146419312}, "geometry": {"type": "LineString", "coordinates": [[145.1176337, -37.752674], [145.1171237, -37.7528352], [145.1161587, -37.7530292], [145.1154267, -37.7530783], [145.1151047, -37.7531543], [145.1148762, -37.7532032], [145.1147229, -37.7532587], [145.1145164, -37.7534035], [145.1143908, -37.753528], [145.1142297, -37.7538523], [145.1137167, -37.7546943], [145.1134562, -37.7549671], [145.1132029, -37.7551203], [145.1128857, -37.755223], [145.1125642, -37.7552331], [145.1123002, -37.7551944], [145.112032, -37.7551455], [145.1118979, -37.7551136], [145.1117297, -37.7551035], [145.111553, -37.7551001], [145.1113273, -37.7551338], [145.1111485, -37.7551927], [145.1104935, -37.7554103], [145.1100576, -37.7554423], [145.1096647, -37.755425], [145.1092889, -37.7553703], [145.1086034, -37.7552247], [145.1072007, -37.7549213], [145.1066867, -37.7547543], [145.1059357, -37.7544643], [145.1059052, -37.7544508], [145.1041897, -37.7537323], [145.1033907, -37.7533563], [145.1026507, -37.7529353], [145.1018097, -37.7524983], [145.1013347, -37.7521533], [145.1005217, -37.7515023], [145.1001748, -37.7511658], [145.0999806, -37.7509773], [145.0993197, -37.7501163], [145.0990677, -37.7497363], [145.0987796, -37.7494293], [145.0984976, -37.7491763], [145.0982456, -37.7490453]]}}, {"type": "Feature", "properties": {"waterbody": "Yarra River", "name": "Yarra River", "city": "Melbourne", "country": "Australia", "osm_id": 146976717}, "geometry": {"type": "LineString", "coordinates": [[145.3844654, -37.66167], [145.3839888, -37.6616073], [145.3836446, -37.6616128], [145.3834417, -37.6617], [145.3833234, -37.6618264], [145.3831974, -37.662043], [145.3831146, -37.6622237], [145.3830717, -37.6624688], [145.3831115, -37.6626473], [145.3831063, -37.6627799], [145.3830547, -37.662887], [145.3829668, -37.6629659], [145.3828545, -37.6629873], [145.382671, -37.6629483], [145.3825299, -37.6629042], [145.3823619, -37.6627764], [145.3822535, -37.6626625], [145.3821619, -37.66255], [145.382126, -37.6624046], [145.3821368, -37.662268], [145.3821691, -37.6621544], [145.3821588, -37.6619928], [145.3821181, -37.6618311], [145.382023, -37.6616579], [145.3819024, -37.6615442], [145.3817204, -37.6614618], [145.3815347, -37.6613875], [145.381418, -37.6612777], [145.3813912, -37.6611526], [145.3814484, -37.6610094], [145.3815762, -37.6608312], [145.3816633, -37.6607077], [145.3816982, -37.6606018], [145.3816523, -37.6605019], [145.3815489, -37.660417], [145.3814004, -37.6603596], [145.3811812, -37.6603096], [145.3808055, -37.6602899], [145.3803872, -37.6602805], [145.3800345, -37.6602462], [145.3797593, -37.660174], [145.3795923, -37.6601016], [145.3793708, -37.6599548], [145.379146, -37.6597589], [145.3790243, -37.6596949], [145.3789167, -37.6596809], [145.3788007, -37.6597099], [145.3787375, -37.6597826], [145.3787015, -37.6598982], [145.3786715, -37.6600513], [145.3786628, -37.6601636], [145.3787091, -37.6603023], [145.3787271, -37.660415], [145.3787116, -37.6605076], [145.3786463, -37.6606044], [145.3785207, -37.6606793], [145.3783707, -37.6607116], [145.3782326, -37.6607278], [145.3781063, -37.6606844], [145.3779994, -37.6606008], [145.3774907, -37.6601186], [145.3773524, -37.660052], [145.3772411, -37.6600382], [145.3771089, -37.6600758], [145.3769768, -37.6601645], [145.3768548, -37.6602594], [145.3767269, -37.6604422], [145.3766561, -37.6606004], [145.3765786, -37.6607376], [145.3764434, -37.6608469], [145.3763286, -37.6609225], [145.3761548, -37.6609452], [145.3758925, -37.6609503], [145.375684, -37.6609892], [145.3755628, -37.6610718], [145.3753938, -37.6613115], [145.3750294, -37.661834], [145.3748091, -37.6620234], [145.3746359, -37.6621112], [145.374385, -37.662107], [145.3739116, -37.661981], [145.3734505, -37.6626108], [145.3732093, -37.6628863], [145.3727132, -37.6633765], [145.3725411, -37.6635632], [145.3720551, -37.66412], [145.3718432, -37.6642639], [145.3715792, -37.6643705], [145.3713976, -37.6643308], [145.3712644, -37.6642539], [145.3711392, -37.6641085], [145.3709696, -37.6638782], [145.3708135, -37.6638952], [145.3703559, -37.6642669], [145.3702748, -37.6644654], [145.3704444, -37.6646842], [145.3711062, -37.6650675], [145.3715252, -37.6654475], [145.3717602, -37.6658245], [145.3718172, -37.6661095], [145.3717602, -37.6662565], [145.3716162, -37.6663155], [145.3713032, -37.6663055], [145.3708222, -37.6662595], [145.3702332, -37.6659815], [145.3700602, -37.6658665], [145.3699042, -37.6656275], [145.3698632, -37.6650285], [145.3698142, -37.6649035], [145.3697312, -37.6648155], [145.3695832, -37.6647535], [145.3693162, -37.6647495], [145.3690192, -37.6649595], [145.3688852, -37.6652275], [145.3688362, -37.6655555], [145.3689182, -37.6658235], [145.3691672, -37.6659645], [145.3697312, -37.6662105], [145.3699492, -37.6663645], [145.3705702, -37.6670615], [145.3707142, -37.6673365], [145.3707062, -37.6675525], [145.3704422, -37.6677235], [145.3698623, -37.6680015], [145.3691043, -37.6683125], [145.3688413, -37.6683675], [145.3687013, -37.6683155], [145.3686273, -37.6681645], [145.3686153, -37.6675395], [145.3685613, -37.6673695], [145.3684583, -37.6673106], [145.3682443, -37.6673035], [145.3680553, -37.6673725], [145.3677101, -37.6679197], [145.3676143, -37.6681386], [145.3673763, -37.6683746], [145.3672273, -37.6684556], [145.3669603, -37.6684756], [145.3667373, -37.6684596], [145.3663963, -37.6682756], [145.3659763, -37.6681676], [145.3657043, -37.6681836], [145.3654744, -37.6682496], [145.3653523, -37.6683256], [145.3652883, -37.6685176], [145.3652323, -37.6687746], [145.3651914, -37.6694916], [145.3652244, -37.6701006], [145.3651744, -37.6702966], [145.3649444, -37.6703806], [145.3646474, -37.6703396], [145.3644364, -37.6700366], [145.3642614, -37.6698306], [145.3639424, -37.6698076], [145.3635504, -37.6698856], [145.3630225, -37.6701376], [145.3622745, -37.6706037], [145.3621125, -37.6707857], [145.3620075, -37.6709497], [145.3619475, -37.6712077], [145.3619655, -37.6714237], [145.3622705, -37.6717157], [145.3628955, -37.6727467], [145.3633315, -37.6736117], [145.3634715, -37.6738507], [145.3635475, -37.6741387], [145.3633665, -37.6743187], [145.3629915, -37.6743317], [145.3623375, -37.6741947], [145.3619255, -37.6737977], [145.3617405, -37.6735137], [145.3615475, -37.6733327], [145.3610416, -37.6730807], [145.3607325, -37.6728487], [145.3605725, -37.6724877], [145.3605185, -37.6722717], [145.3604075, -37.6719907], [145.3601155, -37.6717117], [145.3596635, -37.6714437], [145.3593465, -37.6711547], [145.3591285, -37.6709787], [145.3588816, -37.6709227], [145.3586056, -37.6709847], [145.3583346, -37.6710857], [145.3570616, -37.6714168], [145.3567246, -37.6716127], [145.3565106, -37.6718287], [145.3564366, -37.6721337], [145.3565096, -37.6729918], [145.3563166, -37.6730508], [145.3559707, -37.6729618], [145.3556867, -37.6728478], [145.3553947, -37.6728668], [145.3551476, -37.6729188], [145.3549257, -37.6730168], [145.3547817, -37.6731938], [145.3545627, -37.6735638], [145.3540357, -37.6741238], [145.3537017, -37.6746408], [145.3536367, -37.6749848], [145.3537307, -37.6751908], [145.3539527, -37.6755088], [145.3540557, -37.6757188], [145.3540797, -37.6758268], [145.3540187, -37.6759898], [145.3537757, -37.6760758], [145.3531048, -37.6761008], [145.3528868, -37.6761668], [145.3527758, -37.6762448], [145.3527338, -37.6765828], [145.3527658, -37.6784458], [145.3528688, -37.6789658], [145.3529219, -37.6796838], [145.3528398, -37.6799218], [145.3526339, -37.6801748], [145.3522838, -37.6803479], [145.3520488, -37.6805019], [145.3519999, -37.6806159], [145.3520199, -37.6806789], [145.3523208, -37.6809149], [145.3526579, -37.6809769], [145.3528502, -37.681148], [145.352928, -37.6813749], [145.3528319, -37.6817128], [145.3528006, -37.6820657], [145.3527213, -37.6822402], [145.3525609, -37.6824169], [145.3523693, -37.6824885], [145.352076, -37.6824547], [145.3515035, -37.6820583], [145.3506035, -37.6814512], [145.3502708, -37.6811326], [145.3502111, -37.6810151], [145.3502497, -37.6808226], [145.3503993, -37.6806783], [145.3505635, -37.6804811], [145.3506332, -37.680329], [145.3506662, -37.6801645], [145.3506551, -37.6800075], [145.350459, -37.6797419], [145.3498039, -37.6790739], [145.349541, -37.6788907], [145.3492652, -37.6788091], [145.3490022, -37.6787797], [145.3488082, -37.6787753], [145.3486238, -37.6788244], [145.3484951, -37.6788557], [145.3483924, -37.6789488], [145.3482943, -37.67915], [145.3482486, -37.6792562], [145.3482766, -37.6793777], [145.3482816, -37.6795349], [145.3481597, -37.6796732], [145.3479496, -37.6797128], [145.3476941, -37.6795959], [145.3475097, -37.6793775], [145.3475079, -37.6791056], [145.3475682, -37.6787076], [145.3478679, -37.6784569], [145.3483109, -37.6779469], [145.3490319, -37.6774869], [145.3495019, -37.6771449], [145.3495949, -37.6769489], [145.3494859, -37.6767759], [145.3492399, -37.6767629], [145.3489509, -37.6768319], [145.3485129, -37.6771049], [145.3482129, -37.6772439], [145.3478189, -37.6772869], [145.3474479, -37.6772179], [145.3470929, -37.6769569], [145.3469349, -37.6766019], [145.3470499, -37.6762679], [145.3473719, -37.6759379], [145.3473059, -37.6758079], [145.3471209, -37.6756729], [145.3467169, -37.6755949], [145.3461859, -37.6754389], [145.3455859, -37.6750439], [145.3454549, -37.6747569], [145.3455699, -37.6745489], [145.3457659, -37.6744189], [145.3461429, -37.6743539], [145.3464549, -37.6742499], [145.3465429, -37.6741329], [145.3465639, -37.6740109], [145.3464329, -37.6739159], [145.3456579, -37.6737199], [145.3441599, -37.6735639], [145.3438549, -37.6734849], [145.3434559, -37.6735289], [145.3431586, -37.6738163], [145.342629, -37.6746899]]}}, {"type": "Feature", "properties": {"waterbody": "Yarra River", "name": "Yarra River", "city": "Melbourne", "country": "Australia", "osm_id": 239813370}, "geometry": {"type": "LineString", "coordinates": [[145.2846405, -37.7181752], [145.2839972, -37.71867], [145.2835342, -37.7188999], [145.2831873, -37.7188169], [145.2828697, -37.7185114], [145.2827034, -37.7180333], [145.2828954, -37.7178179], [145.2830218, -37.7171827], [145.2831596, -37.7156017], [145.2830302, -37.7152459], [145.282535, -37.7146617], [145.2820114, -37.7141796], [145.2814964, -37.713908], [145.2809214, -37.7137043], [145.2801489, -37.7136296], [145.2795223, -37.7133716], [145.2792762, -37.7132674], [145.2788786, -37.7132222], [145.2782726, -37.713238], [145.277813, -37.7133021], [145.2774379, -37.713385], [145.2772588, -37.7135588], [145.2771706, -37.7137111], [145.2771674, -37.7139002], [145.2771642, -37.7140859], [145.2771534, -37.7147228], [145.2772392, -37.7153407], [145.2770847, -37.715782], [145.2767414, -37.7158974], [145.2762522, -37.7158431], [145.2756428, -37.7158092], [145.2749733, -37.7158295], [145.273291, -37.7160807], [145.2726044, -37.7159993], [145.2723125, -37.7157956], [145.2723812, -37.7154357], [145.2741407, -37.7132901], [145.2743553, -37.7126994], [145.2757114, -37.710384], [145.2757801, -37.7100717], [145.2752909, -37.7095624], [145.2746471, -37.7091889], [145.2731022, -37.7088087], [145.2726988, -37.7083198], [145.2726816, -37.7079191], [145.2729048, -37.7072537], [145.2729563, -37.7064116], [145.2728962, -37.7060653], [145.2730764, -37.7050807], [145.272304, -37.7037972], [145.2718853, -37.7036658], [145.2717557, -37.7036565], [145.2716345, -37.7036478], [145.271171, -37.7037701], [145.2709072, -37.7037863], [145.2692391, -37.7034622], [145.2689268, -37.7033724], [145.2679695, -37.7033083], [145.2675146, -37.7034917], [145.2672571, -37.7039195], [145.267197, -37.7043745], [145.267403, -37.7052776], [145.2676004, -37.70559], [145.267918, -37.7057326], [145.2687162, -37.705461], [145.269463, -37.7049856], [145.269832, -37.7050399], [145.2704071, -37.7055153], [145.2702354, -37.7058548], [145.268433, -37.7073759], [145.2669653, -37.7079599], [145.2655405, -37.7083877], [145.265259, -37.7083187], [145.26518, -37.7082994], [145.2647772, -37.7076183], [145.2644333, -37.7073759], [145.264107, -37.7073522], [145.2638411, -37.7076815], [145.2629999, -37.7080346], [145.2612661, -37.7079735], [145.2609063, -37.7079249], [145.2604779, -37.7080658], [145.2600731, -37.7086321], [145.2595667, -37.7092229], [145.2590946, -37.709576], [145.2583136, -37.7099698], [145.2572922, -37.7101803], [145.2549318, -37.7100105], [145.2547602, -37.7100784], [145.2546743, -37.7108525], [145.2557386, -37.7115044], [145.2563309, -37.7119389], [145.2565025, -37.7122105], [145.2562021, -37.7139148], [145.2557987, -37.714492], [145.2550863, -37.7148314], [145.2547344, -37.7157141], [145.2539104, -37.7171128], [145.2531637, -37.7174251], [145.252314, -37.7176899], [145.2512497, -37.7178189], [145.2505287, -37.7180294], [145.2498249, -37.7183417], [145.2496103, -37.718654], [145.2496618, -37.7195638], [145.2487778, -37.7207111], [145.2482885, -37.7208945], [145.2468552, -37.7207315], [145.2444776, -37.719686], [145.2434563, -37.7188577], [145.2430872, -37.7190749], [145.242864, -37.7194959], [145.2429413, -37.7208469], [145.2437567, -37.723162], [145.2436695, -37.7235417], [145.2435259, -37.7238718], [145.2432183, -37.7244345], [145.24307, -37.7246963], [145.2428348, -37.7251642], [145.2427402, -37.7253219], [145.2426065, -37.7254431], [145.2423887, -37.7255277], [145.2422147, -37.7255625], [145.2420085, -37.7255545], [145.2416774, -37.725509], [145.2414577, -37.7254475], [145.2412668, -37.725346], [145.2410488, -37.7251789], [145.2408813, -37.7249747], [145.2397055, -37.7231145], [145.2392076, -37.7226257], [145.2376455, -37.7206976], [145.2366573, -37.7199652], [145.2364954, -37.7198829], [145.2363768, -37.7198877], [145.236245, -37.719905], [145.2360062, -37.7200254], [145.2356029, -37.7202485], [145.235268, -37.7204871], [145.2349794, -37.7207177], [145.2348131, -37.7209556], [145.234726, -37.7211213], [145.2347187, -37.7213493], [145.2348983, -37.721839], [145.2350191, -37.7220758], [145.2355942, -37.7226732], [145.2358774, -37.7230262], [145.2361435, -37.7232231], [145.2363126, -37.7235163], [145.236401, -37.7238273], [145.2364579, -37.7241111], [145.2364353, -37.7242958], [145.2362207, -37.7252869], [145.2362856, -37.7259514], [145.2364782, -37.7268755], [145.2365595, -37.7270299], [145.2367357, -37.7271199], [145.237112, -37.7271975], [145.2385604, -37.7272103], [145.2394617, -37.7271784], [145.2400402, -37.7271742], [145.2403063, -37.7272149], [145.2413312, -37.7274457], [145.2416023, -37.7275612], [145.2420473, -37.7278043], [145.2422289, -37.7279617], [145.2423075, -37.7280758], [145.2423061, -37.72824], [145.2423048, -37.7286528], [145.2422431, -37.729022], [145.2421774, -37.7291904], [145.2420661, -37.7294929], [145.2417053, -37.7301611], [145.2412161, -37.7306838], [145.2404819, -37.7312597]]}}, {"type": "Feature", "properties": {"waterbody": "Yarra River", "name": "Yarra River", "city": "Melbourne", "country": "Australia", "osm_id": 239860233}, "geometry": {"type": "LineString", "coordinates": [[145.2404819, -37.7312597], [145.2402805, -37.7315392], [145.2403921, -37.7319872], [145.2405895, -37.732218], [145.2409101, -37.7324013], [145.241362, -37.7325235], [145.2417585, -37.7325879], [145.2420486, -37.7326592], [145.2423093, -37.7327643], [145.2424749, -37.7329327], [145.2427081, -37.7333496], [145.2430494, -37.7339215], [145.2432623, -37.7343625], [145.2432859, -37.7346191], [145.2432859, -37.7349506], [145.2432859, -37.7350146], [145.2432352, -37.7353059], [145.2429007, -37.7356801], [145.2425796, -37.7359126], [145.2424208, -37.7360088], [145.242093, -37.7360997], [145.2415165, -37.7360872], [145.2412955, -37.7359714], [145.2409947, -37.7357122], [145.240427, -37.7354262], [145.23992, -37.7351844], [145.2389587, -37.7344988], [145.2386068, -37.7335213], [145.2376713, -37.7328086], [145.2371563, -37.7322112], [145.236504, -37.7316206], [145.2362122, -37.7314645], [145.2358602, -37.7313627], [145.2354311, -37.7313287], [145.2347101, -37.7313898], [145.2337059, -37.7313966], [145.2309936, -37.7316003], [145.2304787, -37.7315392], [145.2289766, -37.7316138], [145.2284016, -37.7317632], [145.2276892, -37.732218], [145.2272257, -37.7327], [145.2270454, -37.7330597], [145.2274403, -37.7343019], [145.2280067, -37.7353201], [145.2282556, -37.7355645], [145.228805, -37.7364198], [145.2287521, -37.7365378], [145.2287878, -37.7365691], [145.2289442, -37.7366762], [145.2298988, -37.7371259], [145.2305359, -37.7375818], [145.2305721, -37.7376232], [145.2305974, -37.7377164], [145.2304257, -37.7381649], [145.2301978, -37.7383968], [145.230101, -37.7386276], [145.2299036, -37.7387276], [145.2297496, -37.7387327], [145.2296807, -37.7387088], [145.2287907, -37.738077], [145.2283965, -37.737908], [145.2278022, -37.7376076], [145.2275726, -37.7374241], [145.2272943, -37.7370827], [145.2272241, -37.7370627], [145.2271758, -37.7370234], [145.2270626, -37.7368949], [145.225984, -37.7362716], [145.2256378, -37.7361482], [145.2252172, -37.7361347], [145.2244555, -37.7362278], [145.2239233, -37.7362598], [145.2234234, -37.7361958], [145.2227778, -37.7362391]]}}, {"type": "Feature", "properties": {"waterbody": "Yarra River", "name": "Yarra River", "city": "Melbourne", "country": "Australia", "osm_id": 398989790}, "geometry": {"type": "LineString", "coordinates": [[145.1357641, -37.7408621], [145.1352048, -37.7410786], [145.1349215, -37.7412755], [145.1340031, -37.7423818]]}}, {"type": "Feature", "properties": {"waterbody": "Yarra River", "name": "Yarra River", "city": "Melbourne", "country": "Australia", "osm_id": 987274473}, "geometry": {"type": "LineString", "coordinates": [[145.2717557, -37.7036565], [145.2715919, -37.7034082], [145.2713392, -37.7031869], [145.2710461, -37.7030696], [145.2706385, -37.7029843], [145.2702544, -37.7029284], [145.2699108, -37.7029124], [145.2693616, -37.7030057], [145.2691527, -37.7031549], [145.2689268, -37.7033724]]}}, {"type": "Feature", "properties": {"waterbody": "Calore", "name": "Fiume Calore", "city": "Benevento", "country": "Italy", "osm_id": 838750109}, "geometry": {"type": "LineString", "coordinates": [[15.0366963, 40.9432072], [15.0360424, 40.9433191], [15.0352813, 40.9433256], [15.0345202, 40.9430578], [15.0337158, 40.942914], [15.0330844, 40.9430186], [15.0331277, 40.9435608], [15.0333872, 40.9446518], [15.0335342, 40.9452855], [15.0331363, 40.9456252], [15.032306, 40.9458735], [15.031372, 40.9460237], [15.030533, 40.9459714], [15.0293827, 40.9459323], [15.0288126, 40.9462908], [15.0282029, 40.9467245], [15.0273801, 40.9473549], [15.0266698, 40.9479853], [15.0258233, 40.9489197], [15.0254267, 40.9495903], [15.0247982, 40.9501153], [15.023869, 40.9501058], [15.02299, 40.9499415], [15.0224124, 40.9496443], [15.0219436, 40.9494641], [15.021479, 40.9493756], [15.0211609, 40.9494451], [15.0208679, 40.9497107], [15.02078, 40.9501754], [15.0205205, 40.9507602], [15.0201466, 40.9510489], [15.019863, 40.9511468], [15.0192027, 40.951159], [15.018988, 40.9510672], [15.0185707, 40.9507979], [15.0178536, 40.9506205], [15.0168448, 40.9505593], [15.0162939, 40.9505164], [15.0153702, 40.9507184], [15.014722, 40.9509571], [15.0141264, 40.951208], [15.013616, 40.9515629], [15.0132878, 40.9516792], [15.0127814, 40.9516914], [15.0123074, 40.951823], [15.0120805, 40.9519821], [15.0120238, 40.9522605], [15.0120562, 40.9525818], [15.0123074, 40.9529153], [15.0124168, 40.9533314], [15.0123925, 40.9537078], [15.0121899, 40.9539281], [15.0118415, 40.953977], [15.0114169, 40.9540056], [15.0109307, 40.9541596], [15.0105464, 40.9542425], [15.0097386, 40.9542455], [15.0089505, 40.9543343], [15.0084995, 40.95474], [15.0080878, 40.9552257], [15.0078604, 40.9555515], [15.0076133, 40.9556966], [15.0069507, 40.9557795], [15.0064291, 40.9558713], [15.0060958, 40.9562148], [15.0053116, 40.9569729], [15.0046999, 40.9575889], [15.0042725, 40.9579827], [15.0034647, 40.9583706], [15.0030373, 40.9585365], [15.0024491, 40.9586194], [15.0020648, 40.9586845], [15.0017707, 40.9589096], [15.0016155, 40.9591967], [15.00161, 40.9596854], [15.0016962, 40.960781], [15.0016453, 40.9611838], [15.0013487, 40.9622282], [15.0010223, 40.9636211], [15.0010527, 40.9639879], [15.0014322, 40.964498], [15.0020243, 40.9647617], [15.0029678, 40.964818], [15.0036172, 40.9648493], [15.0039081, 40.9649788], [15.0040068, 40.9652965], [15.0042198, 40.9656339], [15.0044432, 40.9658222], [15.0049315, 40.965936], [15.0053679, 40.96614], [15.0057004, 40.9664655], [15.0057544, 40.966591], [15.0057978, 40.9666917], [15.0058355, 40.9667794], [15.0059342, 40.9673285], [15.0061887, 40.9679326], [15.0064225, 40.9683524], [15.0065328, 40.9684736], [15.0067758, 40.9687407], [15.0070511, 40.968776], [15.0075914, 40.9685838], [15.0079397, 40.9685862], [15.0084724, 40.9687748], [15.0089279, 40.9692963], [15.0092915, 40.9697484], [15.0093832, 40.9700922], [15.0094505, 40.9703446], [15.0094617, 40.9703866], [15.0095156, 40.9705888], [15.0096883, 40.971138], [15.0096956, 40.9714264], [15.0093797, 40.9716428], [15.0088838, 40.9717343], [15.008645, 40.9719146], [15.0084099, 40.9724277], [15.0083401, 40.9727993], [15.0086744, 40.9733041], [15.0087846, 40.9740252], [15.0090124, 40.9743165], [15.0091586, 40.9747019], [15.0092144, 40.974849], [15.0093099, 40.9754258], [15.0092511, 40.9759084], [15.0090257, 40.9764123], [15.0090212, 40.9764206], [15.0088699, 40.9766986], [15.0083452, 40.9767261], [15.0079504, 40.9765417], [15.0077167, 40.9764249], [15.0074656, 40.9762995], [15.0072601, 40.9761969], [15.0072438, 40.9761887], [15.0065892, 40.9760201], [15.0057632, 40.9761181], [15.0052801, 40.9765574], [15.0052636, 40.9765743], [15.0044645, 40.9773928], [15.0040385, 40.9780831], [15.0033499, 40.9785088], [15.003338, 40.9785178], [15.0027238, 40.9789814], [15.0025101, 40.9793192], [15.002309, 40.9797767], [15.0020763, 40.9800181], [15.0016761, 40.9803592], [15.0011411, 40.9808152], [15.0006584, 40.9813922], [15.0003617, 40.9823222], [15.0001505, 40.9828688], [14.9998488, 40.9830472], [14.9993208, 40.9830928], [14.9988633, 40.9826145], [14.9984157, 40.9819844], [14.9978626, 40.9818098], [14.9974956, 40.9814302], [14.9973609, 40.9811681], [14.9971676, 40.9807917], [14.9971134, 40.9806862], [14.9970793, 40.9805967], [14.9969132, 40.9801613], [14.9967514, 40.9797372], [14.9966961, 40.9792968], [14.996515, 40.9787919], [14.9962988, 40.9786401], [14.9960927, 40.9786211], [14.9953081, 40.9791009], [14.9948199, 40.9795855], [14.9947459, 40.9797438], [14.9944391, 40.979869], [14.9937754, 40.9798273], [14.9928121, 40.9799552], [14.9922539, 40.9800116], [14.9915925, 40.9802237], [14.9914076, 40.9808061], [14.991109, 40.981045], [14.9902627, 40.9815765], [14.9897472, 40.9818422], [14.9892245, 40.9819872], [14.9887161, 40.982014], [14.9880939, 40.9818368], [14.9876672, 40.9816248], [14.9874325, 40.981343], [14.9875321, 40.9807417], [14.9875747, 40.980505], [14.9876324, 40.9801843], [14.9876952, 40.9798355], [14.9877698, 40.9796692], [14.9877998, 40.9796022], [14.98813, 40.9788661], [14.9881095, 40.9785338], [14.9880958, 40.9783122], [14.9880154, 40.977668], [14.9879938, 40.9774948], [14.9875234, 40.9767014], [14.987175, 40.9761967], [14.9865699, 40.9757949], [14.986407, 40.9756867], [14.9853901, 40.9751444], [14.9847223, 40.9749904], [14.9839466, 40.9748116], [14.9830719, 40.9747257], [14.9820491, 40.9747687], [14.9818377, 40.9747776], [14.9818176, 40.9747784], [14.9809411, 40.9750971], [14.9798928, 40.9754783], [14.9794328, 40.9756456], [14.9786638, 40.9755868], [14.9764056, 40.9751826], [14.9749455, 40.9749254], [14.9737872, 40.975043], [14.9711396, 40.9761673], [14.9697866, 40.9767993], [14.9687159, 40.9775122], [14.9681115, 40.978178], [14.967905, 40.9791926], [14.9678784, 40.9792543], [14.9675186, 40.9796818], [14.9668325, 40.9799936], [14.9659131, 40.9803658], [14.9647473, 40.9806575], [14.9639146, 40.9807782], [14.9625423, 40.9812358], [14.9613764, 40.9816885], [14.9609967, 40.9818796], [14.9610234, 40.9821562], [14.9608568, 40.9828653], [14.9606836, 40.9834034], [14.9604704, 40.9843337], [14.9607036, 40.9853546], [14.96111, 40.9859279], [14.9613231, 40.9863101], [14.9611566, 40.9864358], [14.9608701, 40.9867074], [14.9601173, 40.9881154], [14.9599375, 40.9888295], [14.9602839, 40.9891915], [14.9608701, 40.989624], [14.9617495, 40.9898754], [14.9624157, 40.9902425], [14.9625423, 40.9906498], [14.9625489, 40.9915348], [14.9621655, 40.9921175], [14.9612623, 40.9929862], [14.9608754, 40.9933196], [14.959041, 40.9938063], [14.9578868, 40.994125], [14.9576289, 40.9944049], [14.9573581, 40.9954318], [14.9573839, 40.9964343], [14.9564916, 40.9979933], [14.9559179, 40.9987227], [14.9555383, 40.9994588], [14.955, 41.0000749], [14.9543689, 41.0004946], [14.9531774, 41.0008076], [14.9524095, 41.0010341], [14.9515975, 41.0010374], [14.9506575, 41.0006744], [14.9501324, 41.0005146], [14.9493425, 41.0004679], [14.9484378, 41.0006078], [14.947692, 41.0009608], [14.947233, 41.0012373], [14.9471624, 41.0016569], [14.9473787, 41.0019167], [14.9478773, 41.0020099], [14.9484025, 41.0021731], [14.9486761, 41.0024496], [14.9489718, 41.0029458], [14.9491306, 41.0032522], [14.9490336, 41.0036485], [14.9481554, 41.0043978], [14.9475728, 41.0048374], [14.9468932, 41.0054336], [14.9469065, 41.0060163], [14.947207, 41.0063781], [14.9475403, 41.007781], [14.9477111, 41.0093797], [14.947788, 41.0100566], [14.9473352, 41.0113072], [14.9465798, 41.0129073], [14.9452301, 41.0138852], [14.9442878, 41.0143319], [14.9441308, 41.0146965], [14.9437565, 41.0155059], [14.9434357, 41.0156468], [14.9429106, 41.015836], [14.9429106, 41.016392], [14.9432488, 41.017258], [14.9437683, 41.017969], [14.9442516, 41.0185797], [14.9443883, 41.0191347], [14.9439681, 41.0197367], [14.9427443, 41.0201235], [14.9420581, 41.0204978], [14.9414462, 41.0211528], [14.9411155, 41.0220698], [14.9412395, 41.022862], [14.9418596, 41.0236106], [14.942273, 41.02459], [14.9428766, 41.0253822], [14.9429924, 41.0260247], [14.9431826, 41.0268481], [14.9429345, 41.0272535], [14.94224, 41.0277089], [14.9417935, 41.0283763], [14.9417191, 41.0292683], [14.941901, 41.0300043], [14.9425294, 41.030391], [14.9431495, 41.030759], [14.943844, 41.0315636], [14.9445386, 41.0322186], [14.9447205, 41.0330606], [14.9446047, 41.0335595], [14.944059, 41.0339462], [14.9426947, 41.0346261], [14.9415868, 41.035387], [14.9406772, 41.0363974], [14.9406111, 41.0369587], [14.9413139, 41.0380488], [14.9426041, 41.038736], [14.9440755, 41.0400165], [14.9451337, 41.0411433], [14.9454563, 41.0419585], [14.9459939, 41.0435121], [14.9460957, 41.0448352], [14.9463391, 41.0466406], [14.9468597, 41.0480276], [14.9469389, 41.0486891], [14.9467126, 41.0504132], [14.9464239, 41.0513471], [14.9460505, 41.0521494], [14.9459581, 41.0532592], [14.9460041, 41.0534976], [14.9460895, 41.0539407], [14.946142, 41.05403], [14.9467953, 41.0551408], [14.9470286, 41.0554902], [14.9470893, 41.0555811], [14.9474434, 41.0561114], [14.9478858, 41.0580958], [14.9481007, 41.0596034], [14.9480689, 41.0603389], [14.9476182, 41.0607706], [14.947157, 41.0609745], [14.9465897, 41.0614422], [14.9463088, 41.061834], [14.9455188, 41.0623096], [14.9451477, 41.0625615], [14.9443313, 41.0637327], [14.9432392, 41.0655874], [14.9429118, 41.0668196], [14.9423763, 41.0680027], [14.9414167, 41.0700651], [14.9407805, 41.071492], [14.9400966, 41.0720675], [14.9393438, 41.0724752], [14.9388932, 41.0729708], [14.9387023, 41.0735343], [14.9381881, 41.0743856], [14.9368362, 41.0759242], [14.9362848, 41.0768155], [14.9362901, 41.0771951], [14.9365446, 41.0775108], [14.9368415, 41.0785379], [14.9371307, 41.079788], [14.9371101, 41.080372], [14.9369261, 41.0810298], [14.9365234, 41.0819652], [14.9362658, 41.08272], [14.9358158, 41.0835378], [14.9355618, 41.0839343], [14.9347817, 41.0843555], [14.9334683, 41.0849435], [14.9329784, 41.0851842], [14.9327986, 41.0855826], [14.9328178, 41.0857116], [14.9329192, 41.0860259], [14.9334882, 41.0865447], [14.9350686, 41.0874659], [14.9358271, 41.0882547], [14.935785, 41.0887841], [14.9349421, 41.089107], [14.9344364, 41.0893134], [14.9339799, 41.0899911], [14.9336638, 41.0909016], [14.9332985, 41.0923203], [14.9327717, 41.0939083], [14.9324627, 41.0945912], [14.9323503, 41.0953587], [14.932547, 41.0960045], [14.9331932, 41.0964015], [14.93372, 41.0965338], [14.934929, 41.0969419], [14.9356617, 41.097077], [14.9369532, 41.0971652], [14.9393148, 41.0971807], [14.9399254, 41.097231], [14.9410436, 41.0973605], [14.9418233, 41.0976225], [14.9424789, 41.098053], [14.9431047, 41.0987454], [14.9435021, 41.0994191], [14.9435066, 41.099803], [14.9432968, 41.1000264], [14.9428514, 41.1002761], [14.942022, 41.1006878], [14.9417538, 41.1010546], [14.9417784, 41.1013698], [14.9419773, 41.1019005], [14.9422981, 41.1022504], [14.9427124, 41.1030008], [14.9429905, 41.1037118], [14.942976, 41.1038845], [14.9428394, 41.104123], [14.9422852, 41.1046886], [14.9407307, 41.1062454], [14.9402936, 41.1066571], [14.9400854, 41.1067706], [14.9397721, 41.1068517], [14.9394344, 41.1068405], [14.9389526, 41.1067394], [14.9387994, 41.1066625], [14.9386695, 41.1065112], [14.9386161, 41.1064181], [14.9379742, 41.1052986], [14.9378348, 41.1051224], [14.9373782, 41.1048121], [14.936802, 41.1045277], [14.9360869, 41.1045127], [14.9350836, 41.1046475], [14.9341002, 41.1049992], [14.933711, 41.1051388], [14.9332637, 41.1053726], [14.9329388, 41.1056065], [14.9328445, 41.10576], [14.9327551, 41.1061629], [14.9326658, 41.1064837], [14.9326365, 41.10687], [14.9325495, 41.1071869], [14.9321679, 41.1082031], [14.9320363, 41.1085155], [14.931789, 41.1093498], [14.9317719, 41.1096332], [14.9317985, 41.1099429], [14.9317479, 41.1108836], [14.9317554, 41.1113899], [14.9317347, 41.1116904], [14.9316944, 41.1119918], [14.9315622, 41.1123509], [14.9312674, 41.1132381], [14.9310446, 41.1136936], [14.9306784, 41.1142018], [14.9304944, 41.1143597], [14.930362, 41.1144327], [14.9302614, 41.1144652], [14.9292589, 41.1143227], [14.9289513, 41.1143164], [14.9286903, 41.1143603], [14.9284134, 41.1144511], [14.9283002, 41.1145435], [14.928051, 41.1149949], [14.9278426, 41.1154381], [14.9277349, 41.1157864], [14.9277552, 41.1161293], [14.9279234, 41.1166776], [14.9279823, 41.1170786], [14.9279556, 41.1175825], [14.9279959, 41.1177548], [14.9281721, 41.1179759], [14.9281922, 41.1180531], [14.9281837, 41.1183075], [14.928222, 41.1185007], [14.9285426, 41.1197325], [14.9286646, 41.1201144], [14.9288632, 41.1205098], [14.9289793, 41.1207935], [14.9289921, 41.1210352], [14.9290295, 41.1212115], [14.929175, 41.1215202], [14.9292642, 41.1217961], [14.9293031, 41.1220556], [14.9293643, 41.1226546], [14.9293975, 41.1227846], [14.9294883, 41.1231368], [14.929482, 41.1233783], [14.9295328, 41.1236781], [14.9295965, 41.1240726], [14.9296159, 41.1241244], [14.9298418, 41.1247267], [14.9300794, 41.1253435], [14.9303105, 41.125707], [14.930876, 41.1267954], [14.9310081, 41.1271836], [14.9309629, 41.1273937], [14.9308843, 41.1275033], [14.930761, 41.1275805], [14.9304831, 41.1276371], [14.9303461, 41.1276787], [14.9299135, 41.1278007], [14.9298197, 41.1278581], [14.9296961, 41.1279495], [14.9296644, 41.1280417], [14.9296708, 41.1281592], [14.9297326, 41.1282734], [14.9297573, 41.1283827], [14.9297191, 41.1284686], [14.9296413, 41.1285638], [14.9295915, 41.1288432], [14.929537, 41.1289571], [14.9294462, 41.1290574], [14.9290998, 41.1292673], [14.9282004, 41.1299781], [14.9278485, 41.1302357], [14.9275669, 41.1303533], [14.9272423, 41.1306458], [14.9268232, 41.1313571], [14.9265987, 41.1316886], [14.926404, 41.1318049], [14.9261413, 41.131887], [14.9254033, 41.1320441], [14.9249879, 41.1321004], [14.9246202, 41.1321953], [14.9243475, 41.1323589], [14.9241781, 41.132477], [14.9240081, 41.1325877], [14.9238861, 41.1327791], [14.9236212, 41.1333014], [14.9235615, 41.1334597], [14.923715, 41.1338127], [14.9236399, 41.1353964], [14.9237896, 41.1360195], [14.9237, 41.1368699], [14.9230284, 41.1372792], [14.9204963, 41.1381842], [14.9174595, 41.1391788], [14.91687, 41.1393962], [14.9152816, 41.1403181], [14.9137479, 41.1409152], [14.9128896, 41.1412384], [14.9090369, 41.1424999], [14.9086506, 41.1426857], [14.9063359, 41.1436928], [14.9059067, 41.1438706], [14.9040614, 41.1437736], [14.9034606, 41.1435636], [14.9031038, 41.1434694], [14.9004645, 41.1429524], [14.8995874, 41.142594], [14.8986862, 41.1425132], [14.897793, 41.1426049], [14.8955936, 41.1425969], [14.894856, 41.1425536], [14.8925574, 41.1426696], [14.8919914, 41.1426425], [14.8907093, 41.1425274], [14.8894734, 41.142167], [14.888599, 41.1414334], [14.8877299, 41.1401487], [14.8871291, 41.1391952], [14.8865734, 41.1388692], [14.8859275, 41.1386943], [14.8854898, 41.1387399], [14.8846422, 41.1389823], [14.8840628, 41.1391278], [14.882387, 41.1393649], [14.8819256, 41.1393811], [14.8811982, 41.139152], [14.8804257, 41.1392005], [14.8798228, 41.1393649], [14.8779023, 41.1397043], [14.8772801, 41.1394376], [14.8753381, 41.1384357], [14.8736108, 41.137256], [14.8732138, 41.1368358], [14.8712066, 41.1354434], [14.8690832, 41.1339511], [14.8676563, 41.1330137], [14.8671113, 41.1327927], [14.8666156, 41.1326986], [14.8662208, 41.1327281], [14.8653603, 41.1329168], [14.8649333, 41.1329705], [14.8644612, 41.1329463], [14.8638926, 41.1330917], [14.8627639, 41.1338218], [14.8609293, 41.1348238], [14.8602319, 41.1351228], [14.8594456, 41.1353398], [14.8593784, 41.1353532], [14.8593058, 41.1353605], [14.8592435, 41.1353652], [14.8591731, 41.1353639], [14.8588393, 41.135322], [14.8585775, 41.1352819], [14.8584813, 41.1352479], [14.8584134, 41.1352007], [14.8583682, 41.1351486], [14.8583513, 41.1350912], [14.8583353, 41.1348626], [14.8582656, 41.1347714], [14.8580939, 41.1346862], [14.8579038, 41.1346218], [14.8565427, 41.1342738], [14.8561556, 41.1342178], [14.8559579, 41.1342174], [14.8557766, 41.1342415], [14.85562, 41.1342878], [14.8554798, 41.134383], [14.8553131, 41.1346103], [14.8546637, 41.1358339], [14.8532232, 41.1370498], [14.8524118, 41.1378688], [14.8519729, 41.139152], [14.8509, 41.140333], [14.8501325, 41.1407822], [14.8494641, 41.1411649], [14.8480283, 41.1418769], [14.8476899, 41.142029], [14.847496, 41.1420785], [14.847295, 41.1420906], [14.8469427, 41.1420855], [14.8464805, 41.1420566], [14.8455582, 41.1419637], [14.844866, 41.1418575], [14.8441809, 41.1417033], [14.8435057, 41.1414657], [14.8425419, 41.1410426], [14.8415122, 41.1406549], [14.8409015, 41.1405187], [14.840382, 41.1404149], [14.8397578, 41.1403777], [14.8391337, 41.1403971], [14.8385544, 41.1405115], [14.8381511, 41.1406208], [14.8377443, 41.1407377], [14.837253, 41.1409679], [14.8368719, 41.1411892], [14.8367093, 41.141305], [14.8365112, 41.1414823], [14.836391, 41.1416488], [14.8356834, 41.1427842], [14.8352649, 41.1432471], [14.8347331, 41.1438402], [14.8341714, 41.1442423], [14.8334742, 41.1449318], [14.8327125, 41.1456105], [14.8325841, 41.1457162], [14.832154, 41.1460702], [14.8316476, 41.1466918], [14.8311243, 41.1469691], [14.8305076, 41.1470353], [14.8295183, 41.1471296], [14.8291502, 41.1471125], [14.8285112, 41.146842], [14.8282194, 41.1468822], [14.8276973, 41.1470645], [14.8264292, 41.1477419], [14.8258052, 41.1479344], [14.8247002, 41.1480798], [14.8238075, 41.1481227], [14.8221896, 41.1479021], [14.8212455, 41.147684], [14.8205665, 41.1474482], [14.8201329, 41.1471419], [14.8191896, 41.1466389], [14.8185633, 41.1462782], [14.817853, 41.145869], [14.8167157, 41.1455256], [14.8156107, 41.1454408], [14.8143983, 41.1451419], [14.8137889, 41.1450825], [14.8127161, 41.1450825], [14.8110531, 41.1446462], [14.8101926, 41.1444551], [14.8090412, 41.1443734], [14.807902, 41.1442268], [14.8069986, 41.1442932], [14.8061929, 41.1444281], [14.805511, 41.144566], [14.8045922, 41.1449561], [14.8024162, 41.1453941], [14.8009117, 41.1460361], [14.8000301, 41.1461766], [14.7991133, 41.1465366], [14.7981442, 41.1469112], [14.7975026, 41.1469488], [14.7968782, 41.1469052], [14.7950956, 41.1466338], [14.793222, 41.1465285], [14.7910606, 41.1467449], [14.7896999, 41.1470184], [14.7889021, 41.1471745], [14.7876428, 41.1471992], [14.7868167, 41.1469973], [14.7862351, 41.1467254], [14.7845389, 41.1464013], [14.783892, 41.1461598], [14.7829778, 41.1456681], [14.7820463, 41.1449523], [14.781546, 41.1445383], [14.7811234, 41.1439431], [14.7808301, 41.1435119], [14.7808215, 41.1432531], [14.7810975, 41.1428564], [14.7815805, 41.1420801], [14.7821325, 41.1414505], [14.7824516, 41.1409588], [14.782788, 41.1406225], [14.7834435, 41.1399669], [14.7844958, 41.1390527], [14.7854532, 41.1383972], [14.7862812, 41.1377934], [14.7869884, 41.1372759], [14.7874628, 41.136836], [14.7876785, 41.13656], [14.7876526, 41.1361633], [14.7875577, 41.1358873], [14.7873593, 41.1356975], [14.7869453, 41.1355768], [14.7857551, 41.1353439], [14.7852376, 41.1352059], [14.784513, 41.1351628], [14.7840732, 41.1352231], [14.7836419, 41.1353008], [14.7832452, 41.1354388], [14.782415, 41.1356221], [14.7814015, 41.1359563], [14.7802695, 41.1362905], [14.7792884, 41.1365493], [14.7787601, 41.1366571], [14.778027, 41.1366894], [14.7776306, 41.136585], [14.7771742, 41.136319], [14.776732, 41.1361706], [14.7762532, 41.1359502], [14.7758651, 41.13561], [14.7752828, 41.135017], [14.7749004, 41.1346625], [14.7742643, 41.1342636], [14.7739193, 41.1340803], [14.7731207, 41.1336648], [14.772623, 41.1335826], [14.7722487, 41.1336461], [14.7716552, 41.1338647], [14.7713529, 41.1339772], [14.7710381, 41.1341361], [14.7702644, 41.1346517], [14.7687119, 41.1356975], [14.7678252, 41.1363634], [14.7673146, 41.1367429], [14.7666039, 41.1373156], [14.7662195, 41.1378261], [14.765101, 41.1387829], [14.764481, 41.1394163], [14.764225, 41.1397937], [14.7638476, 41.1400767], [14.7634298, 41.1404136], [14.7631199, 41.1409527], [14.762756, 41.1413705], [14.7620957, 41.1420443], [14.7615234, 41.1425348], [14.7610626, 41.1428181], [14.7606748, 41.1429738], [14.760488, 41.1430019], [14.7602628, 41.1429742], [14.7596833, 41.1426912], [14.759306, 41.1423408], [14.7584704, 41.1410874], [14.7583325, 41.140437], [14.7583761, 41.1397802], [14.75843, 41.1384999], [14.7585262, 41.1378167], [14.7585403, 41.1371388], [14.7585513, 41.1363436], [14.7585308, 41.1357324], [14.7586039, 41.135432], [14.7585933, 41.1351236], [14.758443, 41.1346901], [14.7583133, 41.1342008], [14.7581807, 41.1328043], [14.758175, 41.1323694], [14.7581118, 41.1319581], [14.7578692, 41.1311507], [14.7575449, 41.1306082], [14.7572845, 41.1302656], [14.756961, 41.1299557], [14.7562872, 41.129457], [14.7560581, 41.1292145], [14.7551012, 41.1284328], [14.7527154, 41.126412], [14.7516414, 41.1257774], [14.7512185, 41.1256605], [14.7505421, 41.1257858], [14.7497769, 41.1259695], [14.7490784, 41.1260781], [14.7478143, 41.1265793], [14.7441993, 41.1281746], [14.7422699, 41.1290349], [14.7416157, 41.1295026], [14.7410058, 41.1302209], [14.7407093, 41.1305728], [14.7393431, 41.1322411], [14.7391379, 41.1324916], [14.7378046, 41.13346], [14.737376, 41.1335855], [14.7358046, 41.13372], [14.7346142, 41.1337648], [14.733638, 41.1338904], [14.7315548, 41.1344014], [14.7297096, 41.1344732], [14.7280717, 41.1342311], [14.7270241, 41.1341773], [14.7261908, 41.1333883], [14.7250242, 41.1328682], [14.724126, 41.132947], [14.7223609, 41.1333195], [14.7218178, 41.134123], [14.7202176, 41.1348169], [14.718404, 41.1347439], [14.7172499, 41.1348827], [14.7161734, 41.1357665], [14.7159503, 41.1361975], [14.7162266, 41.1372741], [14.715772, 41.1378528], [14.7145383, 41.1390265], [14.7127201, 41.1400454], [14.7123948, 41.140453], [14.7119304, 41.1411796], [14.7114361, 41.1417028], [14.710591, 41.1422884], [14.7095491, 41.1431588], [14.7091727, 41.1435804], [14.7088781, 41.1442264], [14.7089214, 41.1447806], [14.7101552, 41.1464513], [14.71114, 41.1475596], [14.7123581, 41.1484286], [14.7128824, 41.1487576], [14.7138456, 41.149214], [14.7149928, 41.1493036], [14.7163565, 41.149214], [14.7168543, 41.1493607], [14.7176443, 41.1505504], [14.718153, 41.1519847], [14.7181205, 41.152604], [14.7171898, 41.1538834], [14.7155265, 41.1561644], [14.7147359, 41.1572002], [14.7144196, 41.1580098], [14.7145461, 41.1583074], [14.7154474, 41.1585813], [14.7165069, 41.1591646], [14.7168548, 41.1599266], [14.7157004, 41.1610933], [14.7131546, 41.1630099], [14.7123955, 41.1643432], [14.7124272, 41.1647956], [14.7129016, 41.1651765], [14.713542, 41.1653611], [14.7140368, 41.1654426], [14.7142422, 41.165306], [14.7148286, 41.1650064], [14.7150986, 41.1649263], [14.7155255, 41.1649316], [14.7158271, 41.1649992], [14.7165454, 41.1650352], [14.7169313, 41.1650208], [14.7175319, 41.164914], [14.7181754, 41.1648483], [14.7185568, 41.1648159], [14.7189212, 41.1648383], [14.7194158, 41.1651466], [14.719644, 41.1658346], [14.7197292, 41.1660735], [14.7199311, 41.1664655], [14.7204283, 41.1669184], [14.7208489, 41.1674768], [14.7209922, 41.1677306], [14.721055, 41.1685479], [14.7209507, 41.1690462], [14.7208284, 41.1697032], [14.7203038, 41.1709275], [14.7202143, 41.1712148], [14.7202463, 41.1714882], [14.7204454, 41.1719282], [14.7206635, 41.1722508], [14.7207685, 41.1725307], [14.7209726, 41.1726266], [14.7212999, 41.1733892], [14.7219825, 41.174359], [14.7226246, 41.1749771], [14.7232074, 41.1756612], [14.7232882, 41.1759249], [14.7232411, 41.1760791], [14.7229096, 41.1773772], [14.7227576, 41.1776282], [14.7225699, 41.1781912], [14.7223121, 41.178376], [14.7222214, 41.178592], [14.7220581, 41.1796957], [14.7220158, 41.1803056], [14.7221622, 41.1807042], [14.7233017, 41.1824206], [14.7247021, 41.1836291], [14.7253365, 41.1841074], [14.7260008, 41.1843067], [14.7262032, 41.1845195], [14.7262711, 41.1850753], [14.7258708, 41.1858499], [14.72525, 41.1863295], [14.7238205, 41.1867536], [14.7223156, 41.1876428], [14.7199878, 41.1892555], [14.7193871, 41.1894597], [14.7188615, 41.1893424], [14.718255, 41.1890903], [14.717429, 41.1892555], [14.7165972, 41.1898901], [14.7159848, 41.1905212], [14.7157498, 41.1909274], [14.7156842, 41.1912985], [14.7156737, 41.1917318], [14.7157587, 41.1921061], [14.7159513, 41.1923675], [14.7160527, 41.1924628], [14.7162659, 41.1925706], [14.7165275, 41.192615], [14.7170312, 41.1928702], [14.7174768, 41.1932225], [14.7180758, 41.1935386], [14.7185084, 41.19359], [14.7186348, 41.193721], [14.718763, 41.1941655], [14.7192451, 41.1949061], [14.7192622, 41.1953], [14.7193657, 41.1955551], [14.7194135, 41.1961823], [14.7190526, 41.1971055], [14.7185379, 41.1975545], [14.7178016, 41.1980196], [14.7174377, 41.1985763], [14.7173926, 41.1989519], [14.7174975, 41.1992939], [14.717549, 41.1996669], [14.7173754, 41.2001602], [14.7168422, 41.2013046], [14.7165776, 41.2023743], [14.7163207, 41.2028616], [14.7151972, 41.2042792], [14.7147779, 41.2046297], [14.7142081, 41.2048338], [14.7138227, 41.2048751], [14.713325, 41.2047493], [14.7129029, 41.2047296], [14.7123833, 41.2049542], [14.7120345, 41.2051138], [14.7114698, 41.2057077], [14.711097, 41.2061222], [14.7107821, 41.2065431], [14.710711, 41.2069532], [14.7106778, 41.2076882], [14.7107169, 41.2082678], [14.7107481, 41.2087184], [14.7104517, 41.2094418], [14.7100283, 41.2097252], [14.7094835, 41.2097604], [14.7084526, 41.2097506], [14.7082616, 41.2098432], [14.7081437, 41.2099615], [14.7077838, 41.2109197], [14.7069676, 41.2115317], [14.7063537, 41.2116584], [14.7059197, 41.2118116], [14.7050983, 41.2120521], [14.7047567, 41.2121427], [14.7044185, 41.2120522], [14.7034896, 41.2124054], [14.7027297, 41.2123695], [14.7020374, 41.212089], [14.7015595, 41.2119099], [14.7010673, 41.2119436], [14.7003263, 41.2121679], [14.6995407, 41.2122713], [14.6990737, 41.2123245], [14.6978067, 41.212571], [14.6961465, 41.2129161], [14.6952727, 41.2130804], [14.6942007, 41.2132159], [14.6937276, 41.2132207], [14.6933786, 41.2131903], [14.6928042, 41.2130558], [14.6924994, 41.2129018], [14.6921379, 41.2126121], [14.6914047, 41.2118372], [14.6910717, 41.2113912], [14.6905381, 41.2109463], [14.6901298, 41.210531], [14.6894042, 41.2098501], [14.6889159, 41.2092707], [14.6885453, 41.2087342], [14.688076, 41.2085339], [14.6875638, 41.2084023], [14.6871235, 41.2083819], [14.6867409, 41.2084726], [14.6863161, 41.2085857], [14.6855596, 41.2087953], [14.6849319, 41.2087741], [14.6840951, 41.2089321], [14.6830714, 41.2090998], [14.6815241, 41.2096038], [14.681107, 41.2097261], [14.6802931, 41.2100979], [14.6795332, 41.2105825], [14.6790344, 41.2109397], [14.6788583, 41.2110364], [14.6785502, 41.211133], [14.6778293, 41.2112316], [14.677341, 41.2112598], [14.6765726, 41.2112311], [14.6756805, 41.2110603], [14.6745194, 41.2107033], [14.6736223, 41.2103286], [14.673259, 41.2102628], [14.6720949, 41.2100402], [14.6711295, 41.2099178], [14.6708856, 41.2099278], [14.6707405, 41.2099827], [14.6700815, 41.210241], [14.6698027, 41.2102974], [14.6693893, 41.210338], [14.6688874, 41.2104679], [14.6679944, 41.210515], [14.667429, 41.2104621], [14.6672132, 41.2103896], [14.6670424, 41.2102818], [14.6668876, 41.2101419], [14.6663742, 41.2097675], [14.6662597, 41.2096997], [14.6658595, 41.2094808], [14.6653957, 41.2091436], [14.6649796, 41.2088307], [14.6645175, 41.2085547], [14.6640249, 41.208307], [14.663466, 41.208146], [14.6629562, 41.2080323], [14.6627478, 41.2080038], [14.662512, 41.2079715], [14.6621008, 41.2079941], [14.6613461, 41.2080716], [14.6611023, 41.2081335], [14.6608532, 41.2081967], [14.6605468, 41.2083555], [14.6603068, 41.2085559], [14.6600239, 41.2090663], [14.6598801, 41.2095206], [14.6598006, 41.2097719], [14.6597595, 41.2099018], [14.6596812, 41.2105416], [14.6593551, 41.2111699], [14.6591884, 41.2116523], [14.6590497, 41.2119968], [14.6590098, 41.2123004], [14.6590394, 41.2125687], [14.6592179, 41.2129583], [14.6596534, 41.2138898], [14.659808, 41.2141561], [14.6599255, 41.2143875], [14.6599675, 41.21463], [14.6599702, 41.2148514], [14.6599348, 41.2150318], [14.6598533, 41.2157518], [14.6598118, 41.2158868], [14.6596581, 41.216126], [14.6595922, 41.2161859], [14.6594604, 41.2162001], [14.6589125, 41.2161935], [14.65848, 41.2161611], [14.6580233, 41.2160628], [14.6564509, 41.2157779], [14.6561307, 41.2157091], [14.6557659, 41.2155954], [14.6553588, 41.215426], [14.6547455, 41.2151129], [14.6542037, 41.2147415], [14.6538788, 41.2143835], [14.6535487, 41.2139438], [14.6533995, 41.2137531], [14.6531502, 41.2132699], [14.6528736, 41.212932], [14.6525665, 41.2125808], [14.6516368, 41.2116513], [14.651463, 41.2114987], [14.6513172, 41.2113805], [14.6510239, 41.2113213], [14.6506818, 41.2113311], [14.6504405, 41.2114028], [14.6502193, 41.2115068], [14.649574, 41.2117103], [14.6489963, 41.2117941], [14.6486255, 41.2119018], [14.6480704, 41.2120224], [14.6475534, 41.2121402], [14.6473619, 41.2122616], [14.6472134, 41.2123967], [14.6468636, 41.2127387], [14.6465607, 41.2132485], [14.6465009, 41.2135491], [14.6464647, 41.2138852], [14.6464537, 41.2142939], [14.6464935, 41.2148866], [14.6464357, 41.2153151], [14.6463158, 41.2158219], [14.6461575, 41.2166331], [14.6461253, 41.2171312], [14.6461799, 41.2177788], [14.6460296, 41.2188117], [14.6458982, 41.2190248], [14.6457341, 41.2191706], [14.6455664, 41.21927], [14.6451741, 41.2193776], [14.6447462, 41.2193573], [14.6439573, 41.2192143], [14.6435757, 41.2191107], [14.6430435, 41.2190184], [14.6427987, 41.2190085], [14.6426256, 41.2190311], [14.6423308, 41.2191264], [14.6421415, 41.21925], [14.6417121, 41.2193725], [14.6414949, 41.2194271], [14.6412577, 41.2195173], [14.6411276, 41.2195815], [14.6409947, 41.2196341], [14.6408208, 41.2196822], [14.6406482, 41.2197156], [14.6404929, 41.2197353], [14.6401204, 41.2197682], [14.6399294, 41.2197438], [14.6397711, 41.2196673], [14.6396311, 41.219563], [14.6395343, 41.2194072], [14.6394905, 41.2188266], [14.639343, 41.2183915], [14.6392741, 41.2182838], [14.6391689, 41.2181591], [14.6389545, 41.2180216], [14.6385277, 41.2178464], [14.6380571, 41.217677], [14.6374471, 41.2173175], [14.6367789, 41.2168079], [14.6362361, 41.2159681], [14.6358981, 41.2155136], [14.6353962, 41.2149897], [14.6351049, 41.2144519], [14.634501, 41.2132797], [14.6338116, 41.213008], [14.6331563, 41.2129606], [14.6323968, 41.2129433], [14.6317368, 41.2129426], [14.6311671, 41.2129564], [14.6294143, 41.2130072], [14.6289864, 41.2130305], [14.6284846, 41.2130741], [14.6279735, 41.2131368], [14.6274653, 41.2132001], [14.6269702, 41.2132619], [14.6266579, 41.2131984], [14.6263393, 41.2129878], [14.6262365, 41.2126524], [14.6262149, 41.2122163], [14.6261982, 41.2118799], [14.6261486, 41.2114611], [14.6260068, 41.2107644], [14.6258647, 41.2106411], [14.6256716, 41.2100649], [14.6255661, 41.2099189], [14.6253871, 41.2097863], [14.6251853, 41.2096734], [14.6249023, 41.2094851], [14.6247216, 41.209452], [14.6239928, 41.2094447], [14.6236943, 41.2094087], [14.6234927, 41.2093814], [14.6232244, 41.2094313], [14.6227524, 41.2094322], [14.6224459, 41.2093438], [14.6218333, 41.2090238], [14.6208993, 41.2087], [14.6200088, 41.2084747], [14.6194579, 41.2086688], [14.6191979, 41.2088512], [14.6188188, 41.2090836], [14.6182624, 41.2093805], [14.6177866, 41.209894], [14.617664, 41.2101155], [14.6176438, 41.210354], [14.6175416, 41.2107684], [14.6174501, 41.2111636], [14.6172097, 41.2116044], [14.617083, 41.2118584], [14.6170433, 41.2120095], [14.6169994, 41.2123005], [14.6169249, 41.2127392], [14.6168743, 41.2129135], [14.6167779, 41.213094], [14.6162076, 41.2137495], [14.6156258, 41.2143193], [14.6153161, 41.2148145], [14.6150353, 41.2153737], [14.6147268, 41.2159888], [14.614446, 41.216587], [14.6137654, 41.2179872], [14.6135973, 41.2183951], [14.6132129, 41.2189054], [14.6125408, 41.2200768], [14.6123814, 41.2204167], [14.6123081, 41.2206672], [14.6122621, 41.2208457], [14.612157, 41.221254], [14.6121649, 41.2217773], [14.6121075, 41.2219951], [14.6119595, 41.2225337], [14.611964, 41.222714], [14.6120568, 41.222831], [14.6120799, 41.2229986], [14.6120021, 41.2231946], [14.6119045, 41.2233409], [14.6117725, 41.2235747], [14.6116688, 41.2236389], [14.6114816, 41.2237603], [14.6112893, 41.2238678], [14.6110607, 41.2239524], [14.6109345, 41.223949], [14.6107899, 41.2239188], [14.6106257, 41.2238432], [14.6101737, 41.2235815], [14.6099044, 41.223348], [14.6097247, 41.2232076], [14.6094844, 41.2231048], [14.6092379, 41.2230583], [14.6090232, 41.2230025], [14.6088967, 41.222948], [14.6084828, 41.2226951], [14.6083366, 41.2225688], [14.6080835, 41.2222776], [14.6078983, 41.2220441], [14.6075855, 41.2214678], [14.6069887, 41.2207365], [14.6066437, 41.2201835], [14.6061119, 41.2188693], [14.6059678, 41.2182221], [14.6059477, 41.2180743], [14.6060047, 41.2176743], [14.6060626, 41.2172656], [14.6062054, 41.2170079], [14.606409, 41.2168601], [14.6064617, 41.2167722], [14.6064824, 41.2166585], [14.6064341, 41.2164611], [14.6062576, 41.216164], [14.605972, 41.2158784], [14.605701, 41.2156446], [14.605367, 41.2154455], [14.6045513, 41.2151398], [14.6037682, 41.2148054], [14.6034258, 41.2147145], [14.602841, 41.2146572], [14.6022027, 41.2145532], [14.601712, 41.2143779], [14.601242, 41.2143673], [14.6008077, 41.2144777], [14.5999366, 41.2146467], [14.599511, 41.2145966], [14.5991954, 41.2144837], [14.598954, 41.2143529], [14.5988273, 41.214175], [14.5988073, 41.2140445], [14.598899, 41.2136551], [14.5989532, 41.2135158], [14.5990006, 41.2134527], [14.5990646, 41.213411], [14.5994874, 41.2132766], [14.6001054, 41.2131053], [14.6003437, 41.2130348], [14.6006003, 41.2129227], [14.6007399, 41.2127409], [14.6007354, 41.2124803], [14.6006595, 41.2123113], [14.600461, 41.2120681], [14.6003823, 41.2119796], [14.6003584, 41.2118635], [14.6004947, 41.2116946], [14.6009234, 41.2113269], [14.6012083, 41.2109668], [14.601667, 41.2099857], [14.6018583, 41.2094315], [14.6018632, 41.209224], [14.6018366, 41.2091447], [14.6017367, 41.2090861], [14.6014927, 41.2089915], [14.6012061, 41.2089594], [14.6009103, 41.2089496], [14.600611, 41.2088953], [14.600094, 41.2087774], [14.5998247, 41.2086851], [14.5995518, 41.2085251], [14.5992654, 41.2083132], [14.5990874, 41.2081137], [14.5989572, 41.2079891], [14.5987538, 41.2078627], [14.5982944, 41.2077419], [14.5975785, 41.2075938], [14.5967158, 41.2074627], [14.5961442, 41.2074189], [14.5957705, 41.207391], [14.595435, 41.2074052], [14.5951788, 41.2074206], [14.5948924, 41.2075035], [14.5945328, 41.207669], [14.5941894, 41.2078706], [14.5935994, 41.2083819], [14.5931945, 41.2086965], [14.5927058, 41.2089095], [14.5920605, 41.2090616], [14.5914923, 41.209008], [14.5911429, 41.2089568], [14.5909551, 41.208895], [14.5907562, 41.2089151], [14.590503, 41.2090168], [14.5896521, 41.2094428], [14.588803, 41.209914], [14.5879909, 41.2104165], [14.5875048, 41.2107257], [14.5870786, 41.2109947], [14.5864061, 41.2113265], [14.5859464, 41.2114831], [14.585712, 41.2115146], [14.5853715, 41.2115003], [14.5850599, 41.2114786], [14.5846832, 41.2114455], [14.5843271, 41.2114115], [14.5839104, 41.2113697], [14.583706, 41.211304], [14.5834707, 41.2111682], [14.5830605, 41.2109803], [14.5829872, 41.2109399], [14.5824277, 41.2107803], [14.5820562, 41.2106979], [14.5818289, 41.2107133], [14.5816045, 41.2107284], [14.5812179, 41.2108313], [14.580768, 41.2109606], [14.5796869, 41.2113184], [14.5790429, 41.2115475], [14.5786483, 41.2116513], [14.5775025, 41.2118253], [14.5770833, 41.2118894], [14.5767778, 41.2119035], [14.5763571, 41.2119688], [14.5759675, 41.211951], [14.5756911, 41.2118954], [14.5754978, 41.2118496], [14.5752813, 41.211784], [14.5748874, 41.2116363], [14.5746854, 41.2115344], [14.5745086, 41.2113864], [14.5743552, 41.2112357], [14.5742907, 41.2111185], [14.5742402, 41.2109295], [14.5741984, 41.2107308], [14.5737155, 41.2103071], [14.5730978, 41.2100431], [14.5718531, 41.2092023], [14.5712456, 41.2086778], [14.5712294, 41.2085839], [14.5711359, 41.2080414], [14.5705153, 41.2075193], [14.5696906, 41.2072638], [14.5692012, 41.2071019], [14.5687128, 41.2068279], [14.5676032, 41.2061305], [14.5665763, 41.2055858], [14.5646218, 41.2049441], [14.563214, 41.20475], [14.5626229, 41.2049667], [14.5616103, 41.2051414], [14.5601927, 41.2055263], [14.5589256, 41.2055887], [14.5575879, 41.2056097], [14.5557392, 41.2055817], [14.5537141, 41.2054699], [14.5522835, 41.2054909], [14.5506769, 41.2055381], [14.550366, 41.2055895], [14.5499065, 41.2056835], [14.5494637, 41.2057337], [14.5487163, 41.2058962], [14.5479452, 41.2061548], [14.5470627, 41.2064763], [14.5462081, 41.206672], [14.5452791, 41.2067908], [14.5437649, 41.2071053], [14.543031, 41.207336], [14.5425758, 41.2076295], [14.5421695, 41.2081764], [14.5416485, 41.2086211], [14.5412162, 41.2090344], [14.5408299, 41.2093569], [14.5407609, 41.2094701], [14.5406343, 41.2096367], [14.5404707, 41.2097564], [14.5402246, 41.209862], [14.540038, 41.2099159], [14.5398479, 41.2099361]]}}, {"type": "Feature", "properties": {"waterbody": "Garonne", "name": "La Garonne", "city": "Toulouse", "country": "France", "osm_id": 4612199}, "geometry": {"type": "LineString", "coordinates": [[1.4390175, 43.5576695], [1.4379113, 43.5581834], [1.4377717, 43.5582417], [1.4375083, 43.5584767], [1.437354, 43.5588749], [1.4372131, 43.5591102], [1.4370047, 43.5593664], [1.4367561, 43.5596153], [1.4363307, 43.5599871], [1.4357567, 43.5605458], [1.4329306, 43.5617633], [1.4325642, 43.5620529], [1.4324769, 43.562226], [1.4324039, 43.5632869], [1.4317417, 43.5654667], [1.4318345, 43.5666616], [1.4312819, 43.5686291]]}}, {"type": "Feature", "properties": {"waterbody": "Garonne", "name": "La Garonne", "city": "Toulouse", "country": "France", "osm_id": 4612200}, "geometry": {"type": "LineString", "coordinates": [[1.4380074, 43.5936951], [1.4391805, 43.5953582]]}}, {"type": "Feature", "properties": {"waterbody": "Garonne", "name": "La Garonne", "city": "Toulouse", "country": "France", "osm_id": 4612201}, "geometry": {"type": "LineString", "coordinates": [[1.4390175, 43.5576695], [1.4383795, 43.5614948], [1.4381933, 43.5624496], [1.4379539, 43.5647823], [1.4381405, 43.566051], [1.4384483, 43.5669411], [1.4386806, 43.5674658], [1.4387753, 43.5678193], [1.4387798, 43.568203], [1.4386937, 43.5697356], [1.4385827, 43.570111], [1.4383262, 43.5708044], [1.4379784, 43.5713459], [1.4375343, 43.571789]]}}, {"type": "Feature", "properties": {"waterbody": "Garonne", "name": "La Garonne", "city": "Toulouse", "country": "France", "osm_id": 17161484}, "geometry": {"type": "LineString", "coordinates": [[1.3644498, 43.7056262], [1.350119, 43.7091769], [1.3497298, 43.7092868], [1.3459533, 43.7113737], [1.3457986, 43.7114592], [1.3426302, 43.7142514], [1.3417063, 43.7160537], [1.3418334, 43.7176621], [1.3438504, 43.7222835], [1.3385289, 43.7270286]]}}, {"type": "Feature", "properties": {"waterbody": "Garonne", "name": "La Garonne", "city": "Toulouse", "country": "France", "osm_id": 17161490}, "geometry": {"type": "LineString", "coordinates": [[1.400377, 43.6665438], [1.397795, 43.6671758], [1.3925914, 43.6668485], [1.3863202, 43.6669377], [1.3846067, 43.6677278]]}}, {"type": "Feature", "properties": {"waterbody": "Garonne", "name": "La Garonne", "city": "Toulouse", "country": "France", "osm_id": 17161492}, "geometry": {"type": "LineString", "coordinates": [[1.401221, 43.6226568], [1.4011565, 43.6228919], [1.4011806, 43.6234967], [1.4011005, 43.6246873]]}}, {"type": "Feature", "properties": {"waterbody": "Garonne", "name": "La Garonne", "city": "Toulouse", "country": "France", "osm_id": 81119762}, "geometry": {"type": "LineString", "coordinates": [[1.2864903, 43.3712205], [1.2865242, 43.3720585], [1.2867753, 43.3732257], [1.2878078, 43.3748271], [1.2893223, 43.3761643], [1.2912558, 43.3774905], [1.2929211, 43.3781686], [1.295914, 43.3788589], [1.2981441, 43.3794074], [1.2987596, 43.3795615], [1.299617, 43.3802311], [1.3001953, 43.380924], [1.3006382, 43.3818077], [1.3002126, 43.3835199], [1.3003129, 43.3841788], [1.299939, 43.3852468], [1.2991841, 43.3864365], [1.2981847, 43.3873989], [1.2965012, 43.3893305], [1.2962337, 43.3898401], [1.2960807, 43.3904838], [1.2960627, 43.3913452], [1.2962172, 43.3921937], [1.296662, 43.3934947], [1.2967865, 43.3944485], [1.2972887, 43.3951137], [1.2985092, 43.3964243], [1.2992415, 43.3967222], [1.3001585, 43.3970061], [1.3007079, 43.3970366], [1.3013822, 43.3970638], [1.3023849, 43.3968562], [1.3038798, 43.3963055], [1.3053471, 43.3964467], [1.3059909, 43.3966492], [1.3065325, 43.3970836], [1.307233, 43.3981274], [1.3074866, 43.3986905], [1.3072618, 43.3992245], [1.3072393, 43.4002952], [1.307559, 43.4020409], [1.3076677, 43.4030664], [1.3077351, 43.4052755], [1.3071896, 43.4079015], [1.3067442, 43.4102399], [1.3068723, 43.4113913], [1.307269, 43.4126913], [1.3088822, 43.4151953], [1.3099683, 43.4172315], [1.3106343, 43.4179309], [1.3117202, 43.4189501], [1.3137098, 43.4209812], [1.3148586, 43.4231425], [1.315366, 43.4245536], [1.3157675, 43.4251971], [1.3167316, 43.4259515], [1.3186298, 43.4275935], [1.3213558, 43.4299994], [1.3237976, 43.4320762], [1.325242, 43.4339327], [1.3257953, 43.435347], [1.3259097, 43.4370109], [1.3262889, 43.4384994], [1.3267779, 43.4397461], [1.3274034, 43.4415244], [1.3275384, 43.4425718], [1.327483, 43.4435623], [1.3271721, 43.4450874], [1.3249788, 43.4503393], [1.3246801, 43.4516147], [1.3247127, 43.4531787], [1.3249012, 43.4541324], [1.3258411, 43.4562341], [1.3273414, 43.4579375], [1.3285549, 43.4585573], [1.3302429, 43.4593479], [1.332927, 43.4606129], [1.3358455, 43.4617195], [1.337395, 43.462195], [1.3385885, 43.4627227], [1.3397864, 43.463425], [1.3415891, 43.4642916], [1.3427411, 43.4650502], [1.3436089, 43.4659142], [1.3438658, 43.466632], [1.3438907, 43.4669803], [1.3437066, 43.467635], [1.343256, 43.4682501], [1.3422134, 43.4695721], [1.3413358, 43.4708263], [1.3414082, 43.4720795], [1.3418344, 43.4726228], [1.3433404, 43.4739079], [1.3449343, 43.4747871], [1.3457604, 43.4755637], [1.3463095, 43.476578], [1.3465368, 43.4784829], [1.3466159, 43.4800776], [1.346121, 43.4813023], [1.3446296, 43.4826389], [1.3437702, 43.4832695], [1.3431939, 43.4837659], [1.3429648, 43.4839632], [1.3423533, 43.4847343], [1.3421527, 43.4854464]]}}, {"type": "Feature", "properties": {"waterbody": "Garonne", "name": "La Garonne", "city": "Toulouse", "country": "France", "osm_id": 99868302}, "geometry": {"type": "LineString", "coordinates": [[1.4335982, 43.6025208], [1.4325537, 43.6026326], [1.4304095, 43.6027635], [1.4279242, 43.6031224]]}}, {"type": "Feature", "properties": {"waterbody": "Garonne", "name": "La Garonne", "city": "Toulouse", "country": "France", "osm_id": 99868303}, "geometry": {"type": "LineString", "coordinates": [[1.4310086, 43.5705564], [1.4306474, 43.5726345], [1.4296001, 43.5751765], [1.4282207, 43.5774], [1.428069, 43.5785956]]}}, {"type": "Feature", "properties": {"waterbody": "Garonne", "name": "La Garonne", "city": "Toulouse", "country": "France", "osm_id": 99868304}, "geometry": {"type": "LineString", "coordinates": [[1.4402443, 43.5900809], [1.4399677, 43.5905615], [1.4394295, 43.5908378], [1.4391678, 43.5909198], [1.4390689, 43.5909508], [1.438802, 43.5910345], [1.4385785, 43.5911518], [1.4384832, 43.5913082]]}}, {"type": "Feature", "properties": {"waterbody": "Garonne", "name": "La Garonne", "city": "Toulouse", "country": "France", "osm_id": 99868305}, "geometry": {"type": "LineString", "coordinates": [[1.4368599, 43.5724618], [1.4358256, 43.5733152], [1.4355171, 43.5737244], [1.4353555, 43.5742664], [1.4352286, 43.5751243], [1.4352039, 43.5769776], [1.4351881, 43.5781364], [1.4352151, 43.5783315], [1.4353065, 43.5785406], [1.4354885, 43.5789181], [1.4358532, 43.5795234], [1.4371785, 43.5814098], [1.4380074, 43.5826292], [1.4384883, 43.5835846], [1.438727, 43.5844088], [1.438812, 43.5848082], [1.4388277, 43.585212], [1.438694, 43.5859865], [1.4384947, 43.586865], [1.4384201, 43.5874733], [1.4384538, 43.5877308], [1.4386082, 43.5881624], [1.4402443, 43.5900809], [1.440854, 43.5916577]]}}, {"type": "Feature", "properties": {"waterbody": "Garonne", "name": "La Garonne", "city": "Toulouse", "country": "France", "osm_id": 122928970}, "geometry": {"type": "LineString", "coordinates": [[1.4367917, 43.5925271], [1.4380074, 43.5936951]]}}, {"type": "Feature", "properties": {"waterbody": "Garonne", "name": "La Garonne", "city": "Toulouse", "country": "France", "osm_id": 122928971}, "geometry": {"type": "LineString", "coordinates": [[1.4119892, 43.6090428], [1.4092654, 43.610793], [1.4061599, 43.6133164], [1.403616, 43.6162092], [1.4020998, 43.6194221], [1.401221, 43.6226568]]}}, {"type": "Feature", "properties": {"waterbody": "Garonne", "name": "La Garonne", "city": "Toulouse", "country": "France", "osm_id": 122932229}, "geometry": {"type": "LineString", "coordinates": [[1.4361356, 43.5448234], [1.4365883, 43.545117], [1.437457, 43.545833], [1.4379056, 43.5467171], [1.4382116, 43.5479349], [1.4388847, 43.5541248], [1.4391868, 43.5564281], [1.439146, 43.5570512], [1.4390175, 43.5576695]]}}, {"type": "Feature", "properties": {"waterbody": "Garonne", "name": "La Garonne", "city": "Toulouse", "country": "France", "osm_id": 122996514}, "geometry": {"type": "LineString", "coordinates": [[1.4348591, 43.6022841], [1.4345816, 43.6023827], [1.4340647, 43.6024719], [1.4335982, 43.6025208]]}}, {"type": "Feature", "properties": {"waterbody": "Garonne", "name": "La Garonne", "city": "Toulouse", "country": "France", "osm_id": 123145072}, "geometry": {"type": "LineString", "coordinates": [[1.434573, 43.5903616], [1.4367917, 43.5925271]]}}, {"type": "Feature", "properties": {"waterbody": "Garonne", "name": "La Garonne", "city": "Toulouse", "country": "France", "osm_id": 123145073}, "geometry": {"type": "LineString", "coordinates": [[1.420233, 43.6047205], [1.4193695, 43.6049579], [1.4181063, 43.6054256], [1.4151396, 43.6070185], [1.4143037, 43.6075556], [1.4119892, 43.6090428]]}}, {"type": "Feature", "properties": {"waterbody": "Garonne", "name": "La Garonne", "city": "Toulouse", "country": "France", "osm_id": 128231391}, "geometry": {"type": "LineString", "coordinates": [[1.3846067, 43.6677278], [1.3812297, 43.6692867], [1.3748303, 43.6750187], [1.3739033, 43.6758488], [1.372947, 43.6767053], [1.3680118, 43.6857679], [1.3674539, 43.6911985], [1.3687948, 43.6967409], [1.368913, 43.6993591], [1.3671736, 43.7023513], [1.3644498, 43.7056262]]}}, {"type": "Feature", "properties": {"waterbody": "Garonne", "name": "La Garonne", "city": "Toulouse", "country": "France", "osm_id": 128240626}, "geometry": {"type": "LineString", "coordinates": [[1.4280063, 43.5293651], [1.4285113, 43.5299082], [1.4288632, 43.5311897], [1.429842, 43.5350656]]}}, {"type": "Feature", "properties": {"waterbody": "Garonne", "name": "La Garonne", "city": "Toulouse", "country": "France", "osm_id": 154470918}, "geometry": {"type": "LineString", "coordinates": [[1.3385289, 43.7270286], [1.3359281, 43.7281718], [1.3288352, 43.7301471], [1.3227386, 43.7384225], [1.3211483, 43.740471], [1.319648, 43.7410781], [1.3161485, 43.7419669], [1.3119214, 43.744641], [1.3113013, 43.7460074], [1.311106, 43.7477722], [1.3138526, 43.7534763], [1.3232579, 43.7658459], [1.3251388, 43.7674875], [1.3261055, 43.7686406], [1.3264688, 43.7696815], [1.3269418, 43.7707091], [1.32707, 43.7714574], [1.327052, 43.7723378], [1.3269395, 43.7730477], [1.3266624, 43.7737313], [1.3262912, 43.7741873], [1.325937, 43.774482], [1.3252246, 43.7745683], [1.3245265, 43.7745155], [1.3229621, 43.7742472], [1.3212879, 43.774058], [1.3189725, 43.7739816], [1.3165178, 43.7743935], [1.3138955, 43.7750475], [1.311307, 43.7759077], [1.3091096, 43.7769292], [1.3070345, 43.7778223], [1.3052808, 43.778453], [1.3036388, 43.7789828], [1.3015024, 43.7794515], [1.2995406, 43.7797483], [1.2973883, 43.7799305], [1.2951091, 43.7802158], [1.2927383, 43.7805778], [1.2916238, 43.7810283], [1.2906362, 43.7816162], [1.289548, 43.7822769], [1.2886975, 43.7830433], [1.2880869, 43.784003], [1.2877577, 43.7849712], [1.2877138, 43.7854478], [1.2877978, 43.786096], [1.2884563, 43.7874236], [1.2889141, 43.7884208], [1.2888097, 43.7895802], [1.2883841, 43.7906469], [1.2874605, 43.7918035], [1.2865289, 43.7925484], [1.2852962, 43.7930382], [1.2829782, 43.7933035], [1.2780214, 43.7934309], [1.2769883, 43.793761], [1.2750503, 43.7945997], [1.2731689, 43.7959294], [1.2721389, 43.7979429], [1.2722958, 43.7992476], [1.2732976, 43.8001731], [1.2784904, 43.8028678], [1.2795371, 43.8039931], [1.280207, 43.8055005], [1.279703, 43.8072924], [1.2792122, 43.8080918], [1.2782758, 43.8088143], [1.2760538, 43.8092133], [1.2739413, 43.8090621], [1.2711948, 43.8080711], [1.269012, 43.8071029], [1.266243, 43.8066135], [1.2638696, 43.8067154], [1.26206, 43.8071614], [1.2601399, 43.808204], [1.2596241, 43.8088424], [1.2586031, 43.8101059], [1.2567916, 43.8119048], [1.2559014, 43.813198], [1.2554523, 43.8146976], [1.2548844, 43.8162476], [1.2548958, 43.8164995], [1.254951, 43.8177186], [1.2559016, 43.8200192], [1.2596595, 43.8231281], [1.2600891, 43.8242244], [1.2597302, 43.8251565], [1.2590521, 43.826033], [1.2570459, 43.8275415], [1.2541921, 43.8289887], [1.2517328, 43.829808], [1.247312, 43.8311697], [1.2455958, 43.8318006], [1.2454052, 43.8320139], [1.2450939, 43.8323621], [1.2451115, 43.8331531], [1.2468599, 43.8349608], [1.2505378, 43.8378176], [1.2518611, 43.8392], [1.2529116, 43.8406879], [1.253126, 43.8422901], [1.2526522, 43.8439179], [1.2515384, 43.8451091], [1.2492899, 43.8467198], [1.246652, 43.8479711], [1.2429604, 43.8498872], [1.2425896, 43.8502612], [1.2422825, 43.8505711], [1.2421956, 43.85144], [1.2424643, 43.8528747], [1.2428494, 43.8545385], [1.2428724, 43.856349], [1.2428618, 43.8581302], [1.2421524, 43.859657], [1.2402623, 43.8617159], [1.2401355, 43.8618019], [1.2373803, 43.8636716], [1.2360523, 43.8647818], [1.2346465, 43.8663588], [1.2330431, 43.8675319], [1.2316586, 43.8679393], [1.2299264, 43.8682285], [1.2261064, 43.8681838], [1.2240155, 43.8681328], [1.2237685, 43.8681902], [1.2231396, 43.8683365], [1.2224316, 43.8688687], [1.2215348, 43.8699666], [1.2200598, 43.8713411], [1.2186753, 43.8734085], [1.2180536, 43.8756592], [1.2182797, 43.8776348], [1.2184707, 43.8794286], [1.2187459, 43.8820136], [1.2178276, 43.8840908], [1.2168104, 43.8848036], [1.2153411, 43.8853941], [1.2113148, 43.8861985], [1.2062994, 43.8867789], [1.2051975, 43.887176], [1.204477, 43.8877462], [1.2040249, 43.8908006], [1.2047878, 43.8938753], [1.2058332, 43.8949748], [1.2085034, 43.8964001], [1.2111594, 43.8986499], [1.2115125, 43.899505], [1.2111311, 43.9005942], [1.20897, 43.9025007], [1.2076274, 43.9037091], [1.2045476, 43.908493], [1.2018492, 43.9106304], [1.2005071, 43.9112818], [1.1989813, 43.9116278], [1.1974979, 43.9114854], [1.1960852, 43.9109765], [1.1930195, 43.9083912], [1.1910133, 43.9080554], [1.1892753, 43.9083086], [1.1884044, 43.9090855], [1.1883005, 43.9094127], [1.1879883, 43.9103956], [1.1878028, 43.912966], [1.1877484, 43.9138978], [1.1877432, 43.9139874], [1.1876368, 43.9158107], [1.1884421, 43.9184262], [1.1894593, 43.9210109], [1.189476, 43.9211767], [1.1897842, 43.9242367], [1.1886399, 43.92559], [1.1878346, 43.927157], [1.1876366, 43.9286199], [1.1881126, 43.9295863], [1.1884297, 43.9302301], [1.1913807, 43.9336483], [1.1960533, 43.9366298], [1.1971589, 43.9378907], [1.1975321, 43.9396033], [1.1970741, 43.9408612], [1.1958026, 43.9415021], [1.1941193, 43.9415223], [1.192412, 43.9415428], [1.1889931, 43.9424786], [1.1871792, 43.9435142], [1.1870152, 43.9436078], [1.1854329, 43.9457032], [1.1841191, 43.9467102], [1.182452, 43.9471171], [1.1803046, 43.9469441], [1.1775073, 43.9460083], [1.1748089, 43.9457947], [1.171744, 43.9464882], [1.171164, 43.947229], [1.1715172, 43.9493853], [1.1710792, 43.951867], [1.1720117, 43.9540741], [1.1724072, 43.9551521], [1.172266, 43.9563217], [1.1715455, 43.9582234], [1.1697936, 43.9602472], [1.1676344, 43.9620126], [1.165739, 43.9635623], [1.1626896, 43.9673786], [1.1614187, 43.9725775], [1.161204, 43.9734557], [1.1619845, 43.9788951], [1.1616364, 43.9800337], [1.1613877, 43.9808468], [1.1604411, 43.9827579], [1.1591273, 43.9844047], [1.1572624, 43.9860108], [1.1546912, 43.9872814], [1.1516537, 43.988491], [1.1470764, 43.9894058], [1.1460897, 43.9896766], [1.1429652, 43.990534], [1.1416682, 43.9910912], [1.1371447, 43.9930344], [1.1332596, 43.9947215], [1.1307731, 43.995372], [1.1300372, 43.995407], [1.125553, 43.9957267], [1.1237012, 43.9961078], [1.1219857, 43.9964087], [1.1189906, 43.9972624], [1.1164477, 43.9989087], [1.1150632, 43.9999149], [1.1147151, 44.0009839], [1.114387, 44.0021248], [1.114159, 44.0033497], [1.1144274, 44.0057885], [1.1140036, 44.0075363], [1.1133678, 44.0093043], [1.112393, 44.0108183], [1.1109379, 44.0120579], [1.1086783, 44.013059], [1.1058661, 44.0140392], [1.1052914, 44.0143871], [1.1033655, 44.015553], [1.1027568, 44.0163166], [1.1026026, 44.0169347], [1.1026806, 44.0178211], [1.1029699, 44.0188143], [1.1027862, 44.0197591], [1.101769, 44.0205921], [1.1001868, 44.0207445], [1.0987041, 44.0203515], [1.0956659, 44.0186111], [1.0922329, 44.0171278], [1.0885173, 44.0169652], [1.0855888, 44.0178171], [1.083615, 44.0193222], [1.0822164, 44.0214759], [1.0812133, 44.0220347], [1.0795463, 44.0224106], [1.0782117, 44.0233354], [1.0777661, 44.0236442], [1.0768338, 44.0246658], [1.0765653, 44.0259457], [1.0768479, 44.0268193], [1.0779781, 44.0276014], [1.0799171, 44.0285866], [1.0855364, 44.0322739], [1.0862505, 44.033131], [1.086384, 44.0340005], [1.085932, 44.0347014], [1.0851799, 44.035253], [1.0829228, 44.0366311], [1.0789388, 44.038317], [1.0787892, 44.038361], [1.0757601, 44.0392513], [1.0710194, 44.0399931], [1.0684561, 44.0405919], [1.0665206, 44.0413942], [1.0656566, 44.0419593], [1.0651078, 44.0423183], [1.0640624, 44.0436182], [1.0636527, 44.0453039], [1.0642037, 44.0466443], [1.0643025, 44.0480964], [1.0637092, 44.0505131], [1.0625931, 44.0526657], [1.0612792, 44.0610621], [1.0596687, 44.0620468], [1.0560803, 44.0628793], [1.0541448, 44.0645239], [1.0536539, 44.0657002], [1.0536422, 44.0665751], [1.05399, 44.0672935], [1.054827, 44.0681123], [1.058409, 44.071292], [1.0588572, 44.072312], [1.0589866, 44.0734487], [1.0588218, 44.074395], [1.0581902, 44.0751584], [1.0572135, 44.0757096], [1.0536747, 44.0769609], [1.0525483, 44.0771155], [1.0507801, 44.0768633], [1.0470927, 44.0770099], [1.0442618, 44.0776984], [1.0416951, 44.0787937], [1.0401189, 44.0799975], [1.0367819, 44.0846813], [1.0365114, 44.0861086], [1.0359403, 44.0886587], [1.0339969, 44.0902321], [1.0293943, 44.0917501], [1.0253124, 44.0929694], [1.0230359, 44.092972], [1.0212456, 44.0925905], [1.0202826, 44.0922647], [1.0168912, 44.0908154], [1.0153578, 44.0904566], [1.0070655, 44.0892016], [0.9984255, 44.0880938], [0.992633, 44.0873198], [0.98687, 44.084516]]}}, {"type": "Feature", "properties": {"waterbody": "Garonne", "name": "La Garonne", "city": "Toulouse", "country": "France", "osm_id": 161683197}, "geometry": {"type": "LineString", "coordinates": [[1.4386082, 43.5881624], [1.4382738, 43.588599], [1.4380851, 43.5887261], [1.4372071, 43.5893859], [1.436914, 43.5897296], [1.4368581, 43.5900531], [1.4369419, 43.5903059], [1.4371373, 43.5904474], [1.4375839, 43.5906395], [1.4379748, 43.5907911], [1.4382805, 43.5909805], [1.4384832, 43.5913082]]}}, {"type": "Feature", "properties": {"waterbody": "Garonne", "name": "La Garonne", "city": "Toulouse", "country": "France", "osm_id": 161683199}, "geometry": {"type": "LineString", "coordinates": [[1.4397817, 43.5937336], [1.4395235, 43.5944015]]}}, {"type": "Feature", "properties": {"waterbody": "Garonne", "name": "La Garonne", "city": "Toulouse", "country": "France", "osm_id": 161683200}, "geometry": {"type": "LineString", "coordinates": [[1.4395235, 43.5944015], [1.4391805, 43.5953582]]}}, {"type": "Feature", "properties": {"waterbody": "Garonne", "name": "La Garonne", "city": "Toulouse", "country": "France", "osm_id": 161683202}, "geometry": {"type": "LineString", "coordinates": [[1.4384832, 43.5913082], [1.4385013, 43.5915765]]}}, {"type": "Feature", "properties": {"waterbody": "Garonne", "name": "La Garonne", "city": "Toulouse", "country": "France", "osm_id": 161683203}, "geometry": {"type": "LineString", "coordinates": [[1.4385013, 43.5915765], [1.4381474, 43.5920547], [1.4379531, 43.5927412], [1.4380074, 43.5936951]]}}, {"type": "Feature", "properties": {"waterbody": "Garonne", "name": "La Garonne", "city": "Toulouse", "country": "France", "osm_id": 161683204}, "geometry": {"type": "LineString", "coordinates": [[1.4385013, 43.5915765], [1.4389529, 43.5921657], [1.4392695, 43.5926544], [1.4394953, 43.5930619], [1.4397817, 43.5937336]]}}, {"type": "Feature", "properties": {"waterbody": "Garonne", "name": "La Garonne", "city": "Toulouse", "country": "France", "osm_id": 161683205}, "geometry": {"type": "LineString", "coordinates": [[1.440854, 43.5916577], [1.4412615, 43.5923062], [1.4414918, 43.5929178], [1.4414114, 43.5931701], [1.4412314, 43.5933358], [1.4395235, 43.5944015]]}}, {"type": "Feature", "properties": {"waterbody": "Garonne", "name": "La Garonne", "city": "Toulouse", "country": "France", "osm_id": 161683206}, "geometry": {"type": "LineString", "coordinates": [[1.429842, 43.5350656], [1.4304271, 43.537308], [1.431038, 43.5392475], [1.4312265, 43.5398461], [1.4322655, 43.5422724], [1.4350764, 43.5441193], [1.4361356, 43.5448234]]}}, {"type": "Feature", "properties": {"waterbody": "Garonne", "name": "La Garonne", "city": "Toulouse", "country": "France", "osm_id": 161683207}, "geometry": {"type": "LineString", "coordinates": [[1.4391805, 43.5953582], [1.4392267, 43.5966645], [1.4392532, 43.5979889], [1.4390743, 43.5991147], [1.4389413, 43.5993348]]}}, {"type": "Feature", "properties": {"waterbody": "Garonne", "name": "La Garonne", "city": "Toulouse", "country": "France", "osm_id": 315425775}, "geometry": {"type": "LineString", "coordinates": [[1.4279242, 43.6031224], [1.4261079, 43.6034657], [1.42265, 43.604154], [1.420233, 43.6047205]]}}, {"type": "Feature", "properties": {"waterbody": "Garonne", "name": "La Garonne", "city": "Toulouse", "country": "France", "osm_id": 315425783}, "geometry": {"type": "LineString", "coordinates": [[1.4300566, 43.5846794], [1.4306373, 43.5856619], [1.4339733, 43.5897788], [1.434573, 43.5903616]]}}, {"type": "Feature", "properties": {"waterbody": "Garonne", "name": "La Garonne", "city": "Toulouse", "country": "France", "osm_id": 315768538}, "geometry": {"type": "LineString", "coordinates": [[1.4011005, 43.6246873], [1.4011047, 43.625707], [1.4014629, 43.6284408], [1.4015932, 43.6287593], [1.4027384, 43.6315577], [1.4038702, 43.6357547], [1.4034958, 43.6394271], [1.4031341, 43.6407173], [1.4025665, 43.6432465], [1.4014313, 43.6474675], [1.4013241, 43.6486223], [1.401463, 43.6491876], [1.4017432, 43.6496337], [1.4045898, 43.6523233], [1.4068502, 43.6552539], [1.4066446, 43.6582763], [1.4058631, 43.6618982], [1.4041464, 43.6638541], [1.4023053, 43.6654976], [1.4021295, 43.6656546], [1.400377, 43.6665438]]}}, {"type": "Feature", "properties": {"waterbody": "Garonne", "name": "La Garonne", "city": "Toulouse", "country": "France", "osm_id": 315778519}, "geometry": {"type": "LineString", "coordinates": [[1.4389413, 43.5993348], [1.4387234, 43.5997625], [1.4383615, 43.6002259], [1.4378008, 43.6007169], [1.4364759, 43.6015001], [1.4348591, 43.6022841]]}}, {"type": "Feature", "properties": {"waterbody": "Garonne", "name": "La Garonne", "city": "Toulouse", "country": "France", "osm_id": 392444447}, "geometry": {"type": "LineString", "coordinates": [[1.4377407, 43.5576154], [1.4375781, 43.5576949], [1.4375081, 43.5578032], [1.4374819, 43.5579688], [1.4375083, 43.5584767]]}}, {"type": "Feature", "properties": {"waterbody": "Garonne", "name": "La Garonne", "city": "Toulouse", "country": "France", "osm_id": 404866364}, "geometry": {"type": "LineString", "coordinates": [[1.428069, 43.5785956], [1.4279928, 43.5791965], [1.4280342, 43.5806107], [1.4284701, 43.5818724], [1.4297828, 43.5842584], [1.4300566, 43.5846794]]}}, {"type": "Feature", "properties": {"waterbody": "Garonne", "name": "La Garonne", "city": "Toulouse", "country": "France", "osm_id": 630806743}, "geometry": {"type": "LineString", "coordinates": [[1.4378468, 43.5575667], [1.4377407, 43.5576154]]}}, {"type": "Feature", "properties": {"waterbody": "Garonne", "name": "La Garonne", "city": "Toulouse", "country": "France", "osm_id": 630806744}, "geometry": {"type": "LineString", "coordinates": [[1.439146, 43.5570512], [1.438499, 43.557289], [1.4382507, 43.5573803], [1.4378468, 43.5575667]]}}, {"type": "Feature", "properties": {"waterbody": "Garonne", "name": "La Garonne", "city": "Toulouse", "country": "France", "osm_id": 849358840}, "geometry": {"type": "LineString", "coordinates": [[1.4375343, 43.571789], [1.4368599, 43.5724618]]}}, {"type": "Feature", "properties": {"waterbody": "Garonne", "name": "La Garonne", "city": "Toulouse", "country": "France", "osm_id": 1365833748}, "geometry": {"type": "LineString", "coordinates": [[1.4312819, 43.5686291], [1.4310481, 43.5701049], [1.4310086, 43.5705564]]}}, {"type": "Feature", "properties": {"waterbody": "Garonne", "name": "La Garonne", "city": "Toulouse", "country": "France", "osm_id": 1415950872}, "geometry": {"type": "LineString", "coordinates": [[1.3421527, 43.4854464], [1.342401, 43.4861831], [1.3428229, 43.4866961], [1.3440091, 43.4877939], [1.3456279, 43.488638], [1.34704, 43.4895297], [1.3488379, 43.4908705], [1.352103, 43.4928194], [1.354395, 43.4946061], [1.3579136, 43.49721], [1.3614595, 43.4997756], [1.3649275, 43.5022828], [1.3680131, 43.50398], [1.3725203, 43.5058813], [1.3772435, 43.5074963], [1.3802853, 43.5086743], [1.3812946, 43.5092155], [1.3834509, 43.5103718], [1.3862905, 43.5119914], [1.3919912, 43.5131247], [1.3971096, 43.5143077], [1.4022065, 43.5157326], [1.405763, 43.5173131], [1.4096041, 43.5185589], [1.4097254, 43.5186619], [1.4120005, 43.5205949], [1.4134996, 43.5226428], [1.4148662, 43.524728], [1.4170014, 43.5266081], [1.4199159, 43.527592], [1.4229209, 43.5278467], [1.4254493, 43.5281936], [1.4274207, 43.528728], [1.4280063, 43.5293651]]}}, {"type": "Feature", "properties": {"waterbody": "Cauvery", "name": "Kaveri", "city": "Cauvery Basin", "country": "India", "osm_id": 24928233}, "geometry": {"type": "LineString", "coordinates": [[75.9926728, 12.5210279], [75.9931987, 12.5214323], [75.9935689, 12.522134], [75.9937942, 12.5230504], [75.9938425, 12.5245848], [75.9937835, 12.5259621], [75.9936547, 12.5270513], [75.9932363, 12.5282924], [75.9924316, 12.5297692], [75.9916538, 12.5307379], [75.9909671, 12.5316596], [75.9906024, 12.5322618], [75.9903556, 12.5327069], [75.9900981, 12.5333196], [75.9898406, 12.5338275], [75.9893578, 12.5345607], [75.9887892, 12.53521], [75.9877914, 12.5362835], [75.9868956, 12.537069], [75.9860158, 12.5376345], [75.9845781, 12.5383624], [75.9835428, 12.5390326], [75.9831351, 12.5396505], [75.9830278, 12.5403627], [75.9831566, 12.5413576], [75.9838861, 12.5434993], [75.9843582, 12.5441329], [75.9852004, 12.5444785], [75.98593, 12.5445099], [75.9871638, 12.5443528], [75.9884351, 12.5439235], [75.9898674, 12.5430699], [75.9912461, 12.5420541], [75.992614, 12.5410173], [75.9936064, 12.5405774], [75.9945077, 12.5404779], [75.9951299, 12.5407188], [75.9955323, 12.5412738], [75.9966105, 12.5429809], [75.9976244, 12.544688], [75.9987187, 12.546573], [75.9989494, 12.5472695], [75.9990191, 12.5481858], [75.9989279, 12.5487828], [75.99859, 12.5498981], [75.998134, 12.5507202], [75.9977049, 12.5511705], [75.9960526, 12.5521078], [75.9942019, 12.5530922], [75.9930485, 12.5536839], [75.9920347, 12.5542441], [75.9915626, 12.5546997], [75.9912327, 12.5551762], [75.991002, 12.5556239], [75.9906721, 12.5565533], [75.9905004, 12.557988], [75.990715, 12.5592237], [75.9912622, 12.560784], [75.9919542, 12.5614176], [75.9927964, 12.5618103], [75.9946257, 12.5621401], [75.995897, 12.5620982], [75.997678, 12.5614647], [75.9992766, 12.5599253], [76.0004032, 12.5592027], [76.0020769, 12.5585953], [76.0035574, 12.5577995], [76.0056496, 12.5560401], [76.0072267, 12.5550243], [76.0087931, 12.5544065], [76.0100913, 12.5541656], [76.0110462, 12.5540294], [76.0117865, 12.5542703], [76.0124248, 12.5547101], [76.0126448, 12.555349], [76.0125536, 12.5560244], [76.0122371, 12.5570297], [76.0118508, 12.5578256], [76.0116631, 12.5587786], [76.0116684, 12.559475], [76.0118294, 12.5605746], [76.0121888, 12.5612814], [76.0127789, 12.5617631], [76.0144257, 12.5625538], [76.0158205, 12.5634963], [76.0165608, 12.5642188], [76.017039, 12.5649634], [76.0177678, 12.5659833], [76.0183525, 12.5672138], [76.0184061, 12.5687217], [76.0184973, 12.5708108], [76.0188406, 12.5718265], [76.0194898, 12.5726067], [76.020273, 12.5734968], [76.0210562, 12.5750884], [76.021378, 12.5768686], [76.0211849, 12.5795283], [76.021496, 12.5817273], [76.0219681, 12.5842927], [76.0225153, 12.5860099], [76.0231429, 12.5869366], [76.0241139, 12.5877586], [76.0257983, 12.5882298], [76.0269892, 12.5884287], [76.0280245, 12.5888476], [76.0287756, 12.5896015], [76.0304332, 12.5918579], [76.0316777, 12.593439], [76.0324234, 12.5947897], [76.0329115, 12.5959677], [76.0337055, 12.5971718], [76.0347462, 12.5977896], [76.036216, 12.5980827], [76.0382974, 12.5980147], [76.0403359, 12.5977267], [76.0422563, 12.5971613], [76.0436404, 12.5971613], [76.0451746, 12.5979676], [76.046226, 12.5992031], [76.0475456, 12.6021924], [76.0477602, 12.602784], [76.0477549, 12.6034803], [76.0470951, 12.6050089], [76.0464406, 12.6059408], [76.0460758, 12.6063177], [76.0456574, 12.6066684], [76.0449761, 12.6072076], [76.0444611, 12.6077154], [76.043973, 12.6080819], [76.0433294, 12.6084999], [76.042884, 12.6087886], [76.0423797, 12.6094168], [76.0419184, 12.6101419], [76.0417092, 12.6110973], [76.0416662, 12.6115292], [76.0416984, 12.6121338], [76.041839, 12.613441], [76.0423314, 12.6147932], [76.0431147, 12.6157878], [76.0443056, 12.6166673], [76.0478353, 12.6182901], [76.0490799, 12.6188659], [76.0506248, 12.6201223], [76.0518479, 12.6213367], [76.0534036, 12.623059], [76.0539991, 12.6234568], [76.0546642, 12.6236505], [76.0559839, 12.6234359], [76.0578561, 12.6229124], [76.0586071, 12.6226245], [76.0591757, 12.6221429], [76.0596692, 12.6211169], [76.0601681, 12.6194627], [76.0607743, 12.6188764], [76.0614127, 12.6185832], [76.0638481, 12.6184052], [76.0645294, 12.6182691], [76.0649425, 12.6180022], [76.0674155, 12.6157512], [76.0685259, 12.6148193], [76.0694057, 12.6140655], [76.0700226, 12.6135787], [76.070838, 12.6131965], [76.0715568, 12.6131232], [76.073885, 12.6138404], [76.0760468, 12.6142958], [76.0769963, 12.6143325], [76.0776669, 12.6141859], [76.0800326, 12.6128248], [76.0812879, 12.6121862], [76.0826397, 12.6115475], [76.0841954, 12.6106785], [76.0856974, 12.6093174], [76.0882294, 12.6066213], [76.0906327, 12.604009], [76.0910152, 12.6035309], [76.0919094, 12.6027054], [76.0926121, 12.6023233], [76.0935885, 12.6020772], [76.0946184, 12.602229], [76.0958576, 12.6027997], [76.0969251, 12.6034174], [76.0978317, 12.6038258], [76.0986632, 12.6040666], [76.0995698, 12.6041294], [76.1005086, 12.6039828], [76.1016673, 12.6033755], [76.1028582, 12.6022238], [76.1035931, 12.6016532], [76.1045211, 12.6012396]]}}, {"type": "Feature", "properties": {"waterbody": "Cauvery", "name": "Kaveri", "city": "Cauvery Basin", "country": "India", "osm_id": 42240931}, "geometry": {"type": "LineString", "coordinates": [[78.5657537, 10.895893], [78.5666227, 10.8945866], [78.567713, 10.8925348], [78.5688898, 10.891462], [78.5725381, 10.8910815], [78.5759056, 10.8916937], [78.5779085, 10.8909983], [78.5786745, 10.8897888], [78.5779022, 10.8888844], [78.5777314, 10.8878078], [78.5778672, 10.8870811], [78.5791111, 10.8851624], [78.5794289, 10.8851493], [78.5797548, 10.8853626], [78.5802537, 10.8866585], [78.5804629, 10.887022], [78.5807097, 10.8872327], [78.5810637, 10.8872801], [78.5816002, 10.8872432], [78.5824799, 10.8871168], [78.582834, 10.8870589], [78.5831505, 10.8868903], [78.5832846, 10.8866427], [78.5836011, 10.8863635], [78.5842019, 10.8861844], [78.585822, 10.8861317], [78.5866374, 10.8860685], [78.587544, 10.8858578], [78.5882628, 10.8856102], [78.5886919, 10.8851466], [78.5889816, 10.8846304], [78.5891533, 10.8836927], [78.5897648, 10.8827339], [78.5908806, 10.8813432], [78.5910898, 10.8811483], [78.59146, 10.881006], [78.5917389, 10.8809217], [78.5921681, 10.8806794], [78.5924899, 10.8800999], [78.592726, 10.8792781], [78.593241, 10.8787197], [78.5940456, 10.8782561], [78.5951614, 10.8778031], [78.5976291, 10.8772763], [78.5987449, 10.8770866], [78.6002576, 10.8768864], [78.6007512, 10.8769602], [78.6012018, 10.87735], [78.6014807, 10.8778663], [78.6019528, 10.8780454], [78.6027896, 10.8781613], [78.6034226, 10.878372], [78.6040127, 10.8790463], [78.604399, 10.8793835], [78.6064482, 10.880985], [78.6077571, 10.8814696], [78.6089051, 10.8817962], [78.6101282, 10.8817541], [78.6119735, 10.8815012], [78.6127674, 10.8812589], [78.614012, 10.8805846], [78.6151922, 10.879984], [78.6167478, 10.8791096], [78.6173916, 10.8789094], [78.6179709, 10.8788778], [78.6184537, 10.878804], [78.6187327, 10.8785511], [78.6191511, 10.8781192], [78.6196554, 10.8778347], [78.6203849, 10.8777504], [78.621093, 10.878056], [78.6217046, 10.878667], [78.6220372, 10.8787724], [78.6227238, 10.8786565], [78.6234748, 10.8787197], [78.6240864, 10.8787408], [78.6246657, 10.8785511], [78.6251056, 10.8782772], [78.6266506, 10.8765914], [78.627466, 10.8751585], [78.6280453, 10.8746106], [78.6288071, 10.8741471], [78.6297297, 10.8739258], [78.6306524, 10.8737888], [78.6323476, 10.8742103], [78.6342037, 10.8747476], [78.635695, 10.8750742], [78.6376905, 10.8750742], [78.6391711, 10.8745474], [78.6408448, 10.8733674], [78.6424112, 10.8719766], [78.6431086, 10.871376], [78.6438274, 10.8711758], [78.6446214, 10.8710915], [78.646177, 10.8706279], [78.6471319, 10.8702486], [78.6475611, 10.8699747], [78.6480653, 10.8691212], [78.6485052, 10.8682046], [78.6491918, 10.8675513], [78.6502647, 10.8671088], [78.6518848, 10.8664977], [78.6527216, 10.8663818], [78.6536229, 10.866445], [78.6548245, 10.8670034], [78.655597, 10.8671088], [78.6561978, 10.8668559], [78.6566484, 10.8666979], [78.6571956, 10.8666241], [78.6576354, 10.8668032], [78.6593735, 10.868331], [78.6601245, 10.8685839], [78.6612189, 10.8684891], [78.6618948, 10.8682362], [78.6630642, 10.8674038], [78.6636329, 10.8663502], [78.6641157, 10.8652228], [78.6644804, 10.8647065], [78.6651456, 10.864127], [78.6654138, 10.8636423], [78.6655211, 10.8628731], [78.6656284, 10.8625781], [78.6659288, 10.8623463], [78.6661434, 10.8621039], [78.6663151, 10.8616825], [78.6669588, 10.8604392], [78.6678922, 10.8594592], [78.6695552, 10.8584266], [78.6715722, 10.857394], [78.672291, 10.8568988], [78.6726987, 10.8563193], [78.6729777, 10.8554658], [78.6733746, 10.8545491], [78.6741149, 10.8539696], [78.6751234, 10.8536956], [78.6769044, 10.8532847], [78.6791897, 10.8524312], [78.6802947, 10.8519676], [78.6817539, 10.8513669], [78.68361, 10.8504186], [78.6847472, 10.8496705], [78.685863, 10.8485957], [78.6875152, 10.8460036], [78.6882448, 10.8454029], [78.6893929, 10.8448574], [78.6899078, 10.8446127], [78.6905944, 10.8441701], [78.6911416, 10.8436538], [78.6915278, 10.8425052], [78.6916351, 10.8393651]]}}, {"type": "Feature", "properties": {"waterbody": "Cauvery", "name": "Kaveri", "city": "Cauvery Basin", "country": "India", "osm_id": 49523504}, "geometry": {"type": "LineString", "coordinates": [[75.846667, 12.3100586], [75.8470345, 12.3098673], [75.8472973, 12.3096315], [75.8474287, 12.3092934], [75.8475521, 12.3088768], [75.8475628, 12.3081614], [75.8475333, 12.3076844], [75.8472249, 12.3071865], [75.8470291, 12.3067856], [75.8469781, 12.3065733], [75.8470532, 12.3060518], [75.8471203, 12.3056613], [75.8472624, 12.3053783], [75.8476675, 12.3048935], [75.8481315, 12.3045633], [75.8488449, 12.30422], [75.8500231, 12.3036635], [75.8501136, 12.3035413], [75.8501351, 12.3032923], [75.8500198, 12.3028704], [75.8499876, 12.3025743], [75.8500707, 12.3022493], [75.8503416, 12.3013111], [75.8505428, 12.3002655], [75.8509129, 12.2997623], [75.85109, 12.2994374], [75.8511677, 12.2990914], [75.8511141, 12.2985568], [75.8511409, 12.2981847], [75.8512992, 12.2978676], [75.8517444, 12.2972517], [75.8522165, 12.2964472], [75.8524713, 12.2960069], [75.8528548, 12.2956086], [75.8534449, 12.2953806], [75.8539197, 12.2954042], [75.854314, 12.2955247], [75.8545768, 12.2956846], [75.8548799, 12.2961432], [75.8552769, 12.2976344], [75.8553547, 12.2985883], [75.8553278, 12.2992277], [75.8551615, 12.3000349], [75.8550543, 12.3007634], [75.8551133, 12.3014343], [75.8554405, 12.3019637], [75.8559233, 12.3024354], [75.8564222, 12.3028442], [75.8567333, 12.303384], [75.8570069, 12.3039082], [75.8573502, 12.3044952], [75.8577955, 12.3047992], [75.858407, 12.3048883], [75.8595926, 12.3048935], [75.8605689, 12.3047467], [75.8613467, 12.3044952], [75.8619368, 12.3042803], [75.8629292, 12.303861], [75.8637017, 12.3035884], [75.8642596, 12.3034522], [75.8646727, 12.3034627], [75.8651394, 12.3036252], [75.866577, 12.3045214], [75.8671993, 12.3049302], [75.8680576, 12.3054753], [75.8686048, 12.3058107], [75.8690822, 12.3060204], [75.8699244, 12.306209], [75.8710295, 12.3063925], [75.8726335, 12.306555], [75.8736849, 12.3066965], [75.8746612, 12.3071577], [75.8754659, 12.3077866], [75.876233, 12.308468], [75.8771235, 12.3090864], [75.8777726, 12.3094743], [75.8787864, 12.3099564], [75.8795857, 12.3103023], [75.8803528, 12.3108265], [75.8809268, 12.3113506], [75.881651, 12.3126189], [75.8821875, 12.3137667], [75.88274, 12.3150402], [75.8831423, 12.3159522], [75.8835715, 12.3168589], [75.8843869, 12.3179909], [75.8848804, 12.318384], [75.8861625, 12.3190548], [75.8874071, 12.319778], [75.8879006, 12.3202759], [75.8881205, 12.3208996], [75.8879167, 12.3216254], [75.8875036, 12.3218691], [75.886994, 12.3222308], [75.8861464, 12.3227758]]}}, {"type": "Feature", "properties": {"waterbody": "Cauvery", "name": "Kaveri", "city": "Cauvery Basin", "country": "India", "osm_id": 49523507}, "geometry": {"type": "LineString", "coordinates": [[75.9308857, 12.4406311], [75.9310788, 12.4402094], [75.9313095, 12.4400078], [75.9316071, 12.4398742], [75.9326425, 12.4398192], [75.9336027, 12.4397354], [75.934115, 12.4395782], [75.934512, 12.4393399], [75.93485, 12.439002], [75.9351751, 12.4386355], [75.9355313, 12.4382214], [75.9357458, 12.4378967], [75.9360846, 12.4375391], [75.9365559, 12.437268], [75.937165, 12.4371137], [75.9378848, 12.4373017], [75.9382003, 12.4376712], [75.9383315, 12.4381795], [75.9382403, 12.4391906], [75.9383261, 12.440144], [75.9385031, 12.4409297], [75.9386966, 12.4418349], [75.9388679, 12.4426322], [75.9391741, 12.4435454], [75.9396051, 12.4443911], [75.9400597, 12.4449274], [75.941002, 12.4457192], [75.9420249, 12.4463515], [75.9424151, 12.4465362], [75.9433526, 12.4470639], [75.9438515, 12.4474568], [75.944345, 12.4481168], [75.9448975, 12.4488083], [75.9454232, 12.4492221], [75.945985, 12.4493614], [75.9471291, 12.4493792], [75.9480894, 12.4495102], [75.9488672, 12.4497616], [75.950042, 12.4502331], [75.9509647, 12.450495], [75.9517372, 12.4506678], [75.952456, 12.4506888], [75.9531051, 12.4505997], [75.9537005, 12.4505526], [75.9546286, 12.4504793], [75.9556317, 12.4504426], [75.9567368, 12.4506259], [75.9577453, 12.4509193], [75.9584212, 12.4511707], [75.9595799, 12.4516264], [75.9602934, 12.4517103], [75.9612805, 12.4516212], [75.9620476, 12.4514012], [75.9629273, 12.4510188], [75.9637749, 12.4503116], [75.9642792, 12.4494683], [75.9647995, 12.4485359], [75.9656686, 12.4478654], [75.966323, 12.4475982], [75.9673852, 12.4473363], [75.9685546, 12.4472787], [75.9691286, 12.4474463], [75.9698635, 12.4479544], [75.9705957, 12.448664], [75.9715694, 12.449484], [75.972138, 12.4501021], [75.9724277, 12.4509036], [75.9724224, 12.4514169], [75.9722668, 12.4517941], [75.971505, 12.4522865], [75.9700674, 12.4530617], [75.969252, 12.4538632], [75.9687263, 12.4546803], [75.9684473, 12.4552722], [75.9680933, 12.4561208], [75.9679186, 12.4567708], [75.9677178, 12.457357], [75.9674656, 12.458148], [75.9672993, 12.4593318], [75.9673208, 12.4600337], [75.9673852, 12.4609058], [75.9674281, 12.4613694], [75.9674656, 12.4617465], [75.9674683, 12.462561], [75.9674066, 12.4630979], [75.9672806, 12.4638601], [75.9671921, 12.4647374], [75.9672672, 12.4654026], [75.9675622, 12.4658452], [75.9679726, 12.466204], [75.9687933, 12.4666676], [75.9696838, 12.4672726], [75.9701881, 12.4677361], [75.9711134, 12.468459], [75.9717491, 12.4690482], [75.9720817, 12.4696087], [75.9721059, 12.4700146], [75.9720495, 12.4704677], [75.9717759, 12.4708762], [75.9713656, 12.4710491], [75.9709713, 12.4709915], [75.9704912, 12.4707191], [75.9697375, 12.4704232]]}}, {"type": "Feature", "properties": {"waterbody": "Cauvery", "name": "Kaveri", "city": "Cauvery Basin", "country": "India", "osm_id": 49523508}, "geometry": {"type": "LineString", "coordinates": [[75.9697375, 12.4704232], [75.9691179, 12.4704048], [75.9686914, 12.4705044], [75.9679833, 12.4709653], [75.9672806, 12.471531], [75.9666368, 12.4721098], [75.9660467, 12.4725759], [75.9653574, 12.4730892], [75.964475, 12.4738958], [75.9642309, 12.4742992], [75.9641209, 12.4747391], [75.9641317, 12.4750796], [75.9643033, 12.4754096], [75.965167, 12.4760198], [75.9661299, 12.476774], [75.9667307, 12.4773266], [75.967074, 12.4778006], [75.9671599, 12.4782013], [75.9671357, 12.4786046], [75.9671572, 12.4792488], [75.9671974, 12.4803566], [75.9671545, 12.4810794], [75.9669775, 12.4819226], [75.9668112, 12.4826297], [75.9666234, 12.483143], [75.9664518, 12.4834913], [75.9660026, 12.4839366], [75.9654218, 12.4840962], [75.9644616, 12.4840674], [75.9630829, 12.4839234], [75.9617418, 12.4837715], [75.9612107, 12.4838344], [75.9609371, 12.4840072], [75.9607547, 12.4843162], [75.9605026, 12.4852118], [75.9602719, 12.4860708], [75.9600359, 12.4867255], [75.9598052, 12.487333], [75.9592903, 12.4881711], [75.9589738, 12.488831], [75.958845, 12.4896061], [75.9589362, 12.490486], [75.9593546, 12.4916959], [75.9604429, 12.493647], [75.9610176, 12.4949116], [75.9613877, 12.4955715], [75.9616506, 12.4959905], [75.9621012, 12.4967604], [75.9623587, 12.4973156], [75.9624152, 12.4979785], [75.9622677, 12.4986396], [75.9616255, 12.5000434], [75.9613247, 12.5008657], [75.9610736, 12.5018444], [75.9609402, 12.5028038], [75.9608172, 12.5036642], [75.9607226, 12.5046268], [75.9608728, 12.5056113], [75.9612054, 12.5065593], [75.9614682, 12.5071406], [75.9621152, 12.5080807], [75.9627868, 12.5090153], [75.9636408, 12.5095915], [75.9647727, 12.5101152], [75.9661084, 12.5104871], [75.9668595, 12.5105028], [75.9679645, 12.5104138], [75.9689301, 12.51033], [75.969701, 12.5103007], [75.9706414, 12.5105604], [75.9710115, 12.5108275], [75.97202, 12.5121158], [75.9725082, 12.5126604], [75.9730393, 12.5131318], [75.9735876, 12.5137696], [75.9738117, 12.5143258], [75.9738439, 12.5149228], [75.9737179, 12.5160482], [75.9737074, 12.516768], [75.9736654, 12.5176189], [75.9738707, 12.518641], [75.9742141, 12.5193113], [75.9747666, 12.5198036], [75.9764725, 12.520343], [75.9780335, 12.5205787], [75.9792942, 12.5206415], [75.9801793, 12.5206258], [75.9810001, 12.5205682], [75.9823894, 12.5203482], [75.9833604, 12.5201231], [75.9846371, 12.519636], [75.9853238, 12.5194423], [75.9863645, 12.5193742], [75.9871745, 12.5195208], [75.9885907, 12.5199031], [75.9894276, 12.5201021], [75.9906131, 12.520364], [75.9916753, 12.520631], [75.9926728, 12.5210279]]}}, {"type": "Feature", "properties": {"waterbody": "Cauvery", "name": "Kaveri", "city": "Cauvery Basin", "country": "India", "osm_id": 49525582}, "geometry": {"type": "LineString", "coordinates": [[75.7090133, 12.3105985], [75.7092454, 12.3106561], [75.7095417, 12.3105723], [75.7097496, 12.3104373], [75.7099119, 12.310187], [75.7100809, 12.3096865], [75.7102096, 12.3093078], [75.7105114, 12.3086737], [75.7106857, 12.3081037], [75.710789, 12.3073778], [75.7108158, 12.3067594], [75.7108775, 12.3064475], [75.7110009, 12.3062483], [75.7112557, 12.3060544], [75.7117492, 12.3058841], [75.712114, 12.3056613], [75.7124573, 12.3053678], [75.712814, 12.3048725], [75.7130152, 12.3044244], [75.7132056, 12.3036775], [75.7133129, 12.3033578], [75.7139057, 12.3027944], [75.7144287, 12.3023096], [75.7148123, 12.301775], [75.7152656, 12.3009259], [75.7157189, 12.3000899], [75.7161319, 12.2996365], [75.716427, 12.299461], [75.7166979, 12.2993876], [75.717988, 12.2991884], [75.7190663, 12.2989971], [75.7198119, 12.2988975], [75.7210565, 12.2986774], [75.7217056, 12.2985516], [75.7223386, 12.2984599], [75.7228589, 12.2984625], [75.7232988, 12.2983891], [75.7238379, 12.2981218], [75.7244387, 12.2976291], [75.724656, 12.2973539], [75.7247364, 12.2970604], [75.724884, 12.2967119], [75.7253051, 12.2962742], [75.7257691, 12.2960122], [75.7263753, 12.2957973], [75.7268715, 12.2957344], [75.7276332, 12.2958471], [75.728277, 12.2959257], [75.7291353, 12.2959781], [75.7299238, 12.2960043], [75.7305354, 12.2961196], [75.7313132, 12.2963922], [75.7319704, 12.2966359], [75.7327133, 12.2968901], [75.7341456, 12.2972229], [75.7351434, 12.2973146], [75.7363531, 12.2975453], [75.7374474, 12.2978152], [75.7385176, 12.2981768], [75.7391721, 12.2984966], [75.7397327, 12.2989735], [75.7402155, 12.2996863], [75.7404917, 12.3001266], [75.7407868, 12.3004699], [75.7410389, 12.3005773], [75.7413232, 12.3006036], [75.7416585, 12.3004673], [75.7418784, 12.3001502], [75.741967, 12.2994819], [75.7421574, 12.2988425], [75.7421949, 12.2982974], [75.7421198, 12.2977837], [75.7419696, 12.2972282], [75.7416451, 12.2965284], [75.741452, 12.2956348], [75.7413581, 12.2944948], [75.7414064, 12.2937033], [75.7415351, 12.2927415], [75.7416451, 12.2922279], [75.7416961, 12.2916932], [75.7414493, 12.2913866], [75.7408297, 12.2910407], [75.7401779, 12.2904589], [75.739156, 12.2891538], [75.7388073, 12.2884462], [75.7388449, 12.2881055], [75.7390433, 12.287901], [75.7393867, 12.2878224], [75.7397622, 12.2879692], [75.7401717, 12.2882324], [75.7405668, 12.2883675], [75.740996, 12.288247], [75.7423317, 12.2872354], [75.7433939, 12.2864806], [75.7444131, 12.2856314], [75.7450461, 12.2847666], [75.7454538, 12.2841428], [75.7458669, 12.2834876], [75.7463229, 12.2827905], [75.7469746, 12.2821471]]}}, {"type": "Feature", "properties": {"waterbody": "Cauvery", "name": "Kaveri", "city": "Cauvery Basin", "country": "India", "osm_id": 49525584}, "geometry": {"type": "LineString", "coordinates": [[76.1810017, 12.5751565], [76.1826807, 12.5742821], [76.1839521, 12.573214], [76.1847514, 12.5723082], [76.1850303, 12.5717323], [76.1850411, 12.5710831], [76.1845523, 12.5692148], [76.1840808, 12.5673028], [76.1836946, 12.5660305], [76.1831421, 12.5650461], [76.1822426, 12.5642599], [76.181463, 12.5638104], [76.1800629, 12.5633182], [76.1776435, 12.5625643], [76.1767477, 12.5618103], [76.176179, 12.5609411], [76.1758947, 12.5598729], [76.1760986, 12.5587419], [76.1771178, 12.5575691], [76.1781156, 12.5566894], [76.1796605, 12.5556631], [76.181184, 12.5541446], [76.1816668, 12.5532859], [76.1817634, 12.5520921], [76.1816132, 12.5499766], [76.181652, 12.5490093], [76.182096, 12.5474946], [76.1830616, 12.5459971], [76.1842096, 12.5451959], [76.1852395, 12.544688], [76.1880612, 12.5437559], [76.1906898, 12.5430333], [76.1930072, 12.5419336], [76.1954856, 12.540059], [76.1967409, 12.5385509], [76.1974597, 12.5373256], [76.197921, 12.5365139], [76.1984467, 12.5357808], [76.1991227, 12.5354195], [76.201247, 12.5350634], [76.2035644, 12.5352414], [76.2054017, 12.5353409], [76.2069332, 12.5347492], [76.2083173, 12.5336286], [76.2103128, 12.5318691], [76.2129843, 12.5300781], [76.2143361, 12.5298268], [76.2155163, 12.53012], [76.2163103, 12.5309579], [76.2185311, 12.5341103], [76.2199473, 12.5352414], [76.2210095, 12.5357336], [76.2223828, 12.5360164], [76.2238097, 12.5359326], [76.2273931, 12.5338275], [76.2294102, 12.5324032], [76.2301451, 12.5315077], [76.2302738, 12.5308374], [76.2301612, 12.5302248], [76.2297964, 12.5296173], [76.2291312, 12.5291355], [76.227479, 12.527774], [76.2261057, 12.5262553], [76.2250113, 12.5244015], [76.2248289, 12.5235008], [76.224904, 12.5223278], [76.2253868, 12.5212804], [76.2262559, 12.5207567], [76.2274146, 12.5207567], [76.2289488, 12.5212385], [76.2302363, 12.5213851], [76.232264, 12.5210814], [76.2345278, 12.5205891], [76.2359333, 12.5205368], [76.2376928, 12.5207358]]}}, {"type": "Feature", "properties": {"waterbody": "Cauvery", "name": "Kaveri", "city": "Cauvery Basin", "country": "India", "osm_id": 49525585}, "geometry": {"type": "LineString", "coordinates": [[76.1045211, 12.6012396], [76.1059427, 12.6011349], [76.1072731, 12.6012501], [76.1087322, 12.6015275], [76.1101752, 12.6019411], [76.1118436, 12.6025274], [76.1143112, 12.6033232], [76.115663, 12.6037944], [76.1165053, 12.6043755], [76.1169451, 12.6048833], [76.1173046, 12.60559], [76.1177874, 12.6060193], [76.1189032, 12.6064276], [76.1209631, 12.6068988], [76.1220467, 12.6069564], [76.12342, 12.6068674], [76.1242354, 12.6066318], [76.1249381, 12.6061711], [76.1256194, 12.6052654], [76.125834, 12.6043859], [76.1259305, 12.6025222], [76.1257374, 12.600491], [76.1259198, 12.5995172], [76.126754, 12.5977085], [76.1274004, 12.5965959], [76.1279368, 12.5955907], [76.128602, 12.5944494], [76.1298466, 12.5931825], [76.1305332, 12.5924705], [76.1308658, 12.5918265], [76.1309302, 12.5911616], [76.1304903, 12.5900622], [76.1300611, 12.5887115], [76.1297715, 12.5872769], [76.12975, 12.586345], [76.130147, 12.585277], [76.1311555, 12.5845231], [76.1321103, 12.5844498], [76.1331832, 12.5848686], [76.1339986, 12.5852874], [76.1353612, 12.5855911], [76.1375499, 12.5854969], [76.1403501, 12.5849838], [76.1421847, 12.5842613], [76.143794, 12.5834131], [76.145103, 12.5828581], [76.1469483, 12.5821461], [76.1493194, 12.5812246], [76.1522484, 12.5800623], [76.1545551, 12.5790466], [76.1563039, 12.5786592], [76.157645, 12.5786487], [76.1614001, 12.5792351], [76.1642647, 12.5797796], [76.1673599, 12.5802299], [76.1693072, 12.5799367], [76.171217, 12.5792875], [76.1727941, 12.5787115], [76.1737704, 12.5783241], [76.1748648, 12.5783032], [76.1755836, 12.5782927], [76.1761951, 12.577989], [76.177327, 12.5770466], [76.178062, 12.5767324], [76.1790115, 12.576146], [76.1796606, 12.5757062], [76.1810017, 12.5751565]]}}, {"type": "Feature", "properties": {"waterbody": "Cauvery", "name": "Kaveri", "city": "Cauvery Basin", "country": "India", "osm_id": 49674321}, "geometry": {"type": "LineString", "coordinates": [[75.6644753, 12.3284856], [75.6643385, 12.328145], [75.6642178, 12.3278305], [75.6640059, 12.3273222], [75.6637135, 12.3268296], [75.663633, 12.3266068], [75.6636733, 12.3264208], [75.6639495, 12.3260565], [75.6646442, 12.3254722], [75.665359, 12.3248499], [75.6656823, 12.3246939], [75.6662267, 12.3245865], [75.6669831, 12.3244817], [75.6672755, 12.3245236], [75.6675088, 12.3246415], [75.6677073, 12.3249088], [75.6680694, 12.3257814], [75.6683886, 12.3264496], [75.668807, 12.3270601], [75.669356, 12.327643], [75.6699121, 12.32809], [75.6703895, 12.3284385], [75.6704968, 12.3286769], [75.6704807, 12.3289599], [75.6703305, 12.3295731], [75.6702366, 12.3298928], [75.6702071, 12.3302308], [75.6702661, 12.3307837], [75.6703868, 12.3311531], [75.6705826, 12.3314387], [75.6709474, 12.3318213], [75.6712881, 12.3320519], [75.6715697, 12.332217], [75.6718567, 12.3323035], [75.6724387, 12.3322982], [75.6728089, 12.3322615], [75.6731039, 12.3322694], [75.6734338, 12.3322144], [75.6736337, 12.3321161], [75.6738107, 12.3320008], [75.6739341, 12.3319523], [75.6742693, 12.3318724], [75.674563, 12.3317427], [75.6751692, 12.3314178], [75.6757244, 12.3310378], [75.6762207, 12.3306553], [75.6764433, 12.3305505], [75.6766739, 12.3305216], [75.6772426, 12.3305321], [75.6776959, 12.3306474], [75.6781572, 12.3309697], [75.678868, 12.3316143]]}}, {"type": "Feature", "properties": {"waterbody": "Cauvery", "name": "Kaveri காவிரிஆறு", "city": "Cauvery Basin", "country": "India", "osm_id": 50230627}, "geometry": {"type": "LineString", "coordinates": [[77.8121668, 11.8284785], [77.8118732, 11.8210056], [77.8114414, 11.8100175], [77.8112483, 11.807161], [77.8103041, 11.8047246], [77.8102095, 11.8045814], [77.8085339, 11.8020466], [77.8083408, 11.801763], [77.808313, 11.8017083], [77.8079706, 11.8004975], [77.8079438, 11.7996941], [77.8080159, 11.7988651], [77.8083354, 11.7974992], [77.8082603, 11.7966958], [77.8077829, 11.7950259], [77.8066778, 11.7925631], [77.8036952, 11.7860305], [77.801764, 11.7799704], [77.7993607, 11.7703181], [77.7982878, 11.7661588], [77.7963996, 11.7593315], [77.794404, 11.7539116], [77.7927089, 11.7513066], [77.7899194, 11.7481764], [77.7878148, 11.7446589], [77.7857351, 11.7400041], [77.7840185, 11.7346678], [77.7820267, 11.7295639], [77.7808226, 11.7275287], [77.780793, 11.7274162], [77.7799184, 11.722305], [77.7801025, 11.7198139], [77.7808428, 11.7178179], [77.7819049, 11.7162001], [77.7823555, 11.7150655], [77.7824199, 11.7134477], [77.782098, 11.7110525], [77.7813685, 11.7089934], [77.7792656, 11.7054635], [77.7779782, 11.7017129], [77.776401, 11.6963549], [77.7761328, 11.6945898], [77.7756607, 11.6926987], [77.7746522, 11.6893683], [77.7740085, 11.6876557], [77.7726459, 11.6851132], [77.7705645, 11.6826651], [77.7686333, 11.6797863], [77.7678609, 11.6769495], [77.7663749, 11.6667104], [77.766155, 11.6653287], [77.7659082, 11.6643043], [77.7653718, 11.6630697], [77.7643525, 11.6612624], [77.7622282, 11.6577477], [77.7617508, 11.6564027], [77.761547, 11.654401], [77.7610803, 11.648254], [77.7603078, 11.646373], [77.7580735, 11.6431839], [77.757985, 11.6430551], [77.7579582, 11.6426847], [77.757867, 11.6423905], [77.7576739, 11.6421541], [77.7572823, 11.6418231], [77.7567244, 11.6413607], [77.756145, 11.6405673], [77.7557641, 11.639774], [77.755512, 11.6393221], [77.7551901, 11.638907], [77.7544659, 11.6384079], [77.7539939, 11.6379613], [77.753436, 11.6371522], [77.7531516, 11.6365952], [77.7526742, 11.6355339], [77.7508879, 11.6324497], [77.7503085, 11.630968], [77.7501798, 11.6288452], [77.7500939, 11.6263652], [77.7493215, 11.6233702], [77.7481627, 11.6215837], [77.7461994, 11.619566], [77.7443111, 11.6171174], [77.7418005, 11.6133341], [77.7389789, 11.608195], [77.7369296, 11.604811], [77.7361572, 11.6029403], [77.7355349, 11.6002708]]}}, {"type": "Feature", "properties": {"waterbody": "Cauvery", "name": "Kaveri", "city": "Cauvery Basin", "country": "India", "osm_id": 50230643}, "geometry": {"type": "LineString", "coordinates": [[77.4442792, 12.2659696], [77.4448961, 12.2652095], [77.4457115, 12.2640615], [77.4461889, 12.2632333], [77.4463776, 12.2628729], [77.4465752, 12.2626042], [77.446771, 12.2623238], [77.4468595, 12.2621456], [77.4468917, 12.2619018], [77.446948, 12.2616974], [77.4470365, 12.2615296], [77.4471384, 12.2611994], [77.4472135, 12.2608403], [77.447294, 12.260476], [77.4474603, 12.2597814], [77.4475331, 12.2592996], [77.4475982, 12.2588118], [77.447702, 12.2579915], [77.4477071, 12.2578811], [77.4479163, 12.2569716], [77.4479324, 12.2566754], [77.4478814, 12.2564002], [77.4478251, 12.2561303], [77.4477607, 12.255226], [77.4477902, 12.2545891], [77.4478734, 12.2542142], [77.4479726, 12.2539312], [77.4480477, 12.2530269], [77.4480906, 12.2521121], [77.4481121, 12.2514149], [77.4481389, 12.2509457], [77.4482784, 12.2505735], [77.4484715, 12.2501777], [77.4488202, 12.2497164], [77.4492788, 12.2494071], [77.4500218, 12.2490952], [77.4508157, 12.2486129], [77.4514836, 12.2481988], [77.4522561, 12.2478842], [77.4531117, 12.2476221], [77.4538225, 12.2474727], [77.4546996, 12.2473914], [77.4551448, 12.2473207], [77.4554265, 12.2472656], [77.455861, 12.2472918], [77.4565181, 12.2474019], [77.4568292, 12.2475173], [77.4569795, 12.247664], [77.457076, 12.2478134], [77.4571753, 12.2479602], [77.4573094, 12.2480546], [77.4577734, 12.2482853], [77.4584305, 12.2485238], [77.4585727, 12.2485513], [77.4588409, 12.2485893], [77.4590166, 12.2486548], [77.4591534, 12.2487204], [77.4592915, 12.2487833], [77.4594176, 12.2488213], [77.4597126, 12.248854], [77.4601847, 12.2487885], [77.4607721, 12.2485972], [77.4611825, 12.2482538], [77.4617726, 12.2477086], [77.4622688, 12.2472263], [77.462883, 12.2465264], [77.4637279, 12.2457165], [77.4641678, 12.2452499], [77.4646801, 12.2447205], [77.4651548, 12.2444112], [77.4657744, 12.2440704], [77.4665549, 12.2436038], [77.4672845, 12.243326], [77.4680328, 12.2432264], [77.4684593, 12.2432631], [77.468749, 12.243402], [77.4689555, 12.2436851], [77.4691004, 12.2438083], [77.4692854, 12.2438528], [77.4695241, 12.2438161], [77.4705595, 12.243478], [77.4712086, 12.2432867], [77.4720401, 12.2431477], [77.4735099, 12.2428227], [77.4742395, 12.2425789], [77.4748403, 12.242246], [77.4752399, 12.2418843], [77.4757683, 12.2415304], [77.4762484, 12.2412945], [77.4775198, 12.2407126], [77.4782628, 12.2401858], [77.4787751, 12.2395488], [77.4793974, 12.2384688], [77.479856, 12.2375724], [77.480261, 12.2367939], [77.4804729, 12.2360494], [77.4806821, 12.2354308], [77.4810415, 12.2347545], [77.4817926, 12.2338239], [77.4821895, 12.2333547], [77.482565, 12.2328174], [77.4827743, 12.2323744], [77.482852, 12.2320179], [77.4825048, 12.2285138], [77.4821755, 12.2275645], [77.4808749, 12.2256497], [77.4803151, 12.2242338], [77.4796522, 12.2232651], [77.4789762, 12.2223581], [77.4783111, 12.2212467], [77.4759829, 12.2166172], [77.4750763, 12.2146458], [77.4739283, 12.2130467], [77.4733758, 12.2119457], [77.4730003, 12.2113165], [77.4720186, 12.2091511], [77.4720186, 12.2086373], [77.4722707, 12.2080448], [77.4732524, 12.2071168], [77.4747813, 12.2061888], [77.4761707, 12.2056225], [77.4772489, 12.2052712], [77.4793517, 12.2048885], [77.4814203, 12.2042593], [77.4837363, 12.2043349], [77.486055, 12.2040819], [77.4865615, 12.2039657], [77.4871623, 12.2037455], [77.4878168, 12.2032002], [77.4886, 12.2018369], [77.489233, 12.201386], [77.4901342, 12.2007673], [77.4908852, 12.2000647], [77.4920225, 12.198282], [77.492516, 12.1976843], [77.4932002, 12.1972268], [77.4938752, 12.1971786], [77.4961308, 12.1975326], [77.4978483, 12.1974221], [77.4981826, 12.1973514], [77.4999297, 12.1969817], [77.5012171, 12.1966041], [77.5041461, 12.1962056], [77.5057225, 12.1959915], [77.5074667, 12.1957285], [77.5092155, 12.1954349], [77.511372, 12.1952304], [77.5129759, 12.1952723], [77.5140005, 12.1954244], [77.5154221, 12.1954925], [77.5156312, 12.1954503], [77.5170582, 12.1951622], [77.5181848, 12.1947847], [77.5189197, 12.1946693], [77.5197512, 12.1948476], [77.5204647, 12.19533], [77.5211996, 12.1959592], [77.5226802, 12.1972071], [77.5240481, 12.1978573], [77.5260651, 12.1984183], [77.5277691, 12.1990026], [77.528007, 12.1990842], [77.5286078, 12.1992939], [77.5296003, 12.1994617], [77.5325239, 12.1994303], [77.5347125, 12.1990528], [77.5359839, 12.1990423], [77.5371802, 12.1991471], [77.5374978, 12.1992095], [77.5383282, 12.1993726], [77.5395083, 12.200243], [77.5402057, 12.2011973], [77.5410694, 12.2024137], [77.5428826, 12.2036511], [77.5441432, 12.2041859], [77.5461709, 12.2047888], [77.547394, 12.204857], [77.5482845, 12.2047626], [77.5494701, 12.2043537], [77.5526351, 12.2022459], [77.5549579, 12.2013126], [77.5566101, 12.2007149], [77.5572163, 12.2003845], [77.5577956, 12.200028], [77.5588149, 12.1995561], [77.5598663, 12.1991891], [77.5611162, 12.1987486], [77.5616795, 12.1984236], [77.562173, 12.1979989], [77.5635999, 12.1968034], [77.5644582, 12.1963996], [77.5652683, 12.1962528], [77.56684, 12.1961847], [77.5679827, 12.1964521], [77.56868, 12.1968139], [77.5693613, 12.1976738], [77.5696456, 12.1986333], [77.569887, 12.1992153], [77.5702947, 12.1996924], [77.5712925, 12.2001696], [77.573213, 12.2009141], [77.574318, 12.201019], [77.5752515, 12.2007883], [77.5781024, 12.1989044], [77.5794994, 12.1984037], [77.5805005, 12.1982672], [77.5829918, 12.1984265], [77.586624, 12.199223], [77.5886401, 12.1995717], [77.5903094, 12.1995718], [77.5918543, 12.199467], [77.5946438, 12.1991314], [77.5959635, 12.1992048], [77.5980127, 12.1997396], [77.5992948, 12.2002954], [77.6009256, 12.2017006], [77.6019931, 12.202917], [77.6028299, 12.203714], [77.6038302, 12.2042523], [77.6066009, 12.2054129], [77.6078359, 12.2057262], [77.60813, 12.2058008], [77.609488, 12.2060728], [77.610396, 12.2060728], [77.6114264, 12.2059371], [77.6121077, 12.2058873], [77.6128855, 12.2056645], [77.6134729, 12.2053525], [77.6139772, 12.2050431], [77.615169, 12.2039109], [77.6164962, 12.2020904], [77.6187779, 12.2005884], [77.6206291, 12.1998864], [77.6224852, 12.2000018], [77.6244807, 12.2005156], [77.6256609, 12.2011448], [77.6273185, 12.2029957], [77.6279676, 12.203326], [77.628504, 12.2033837], [77.6299072, 12.2030556], [77.6303496, 12.2028622], [77.6308851, 12.2024298], [77.6311063, 12.2020429], [77.6312801, 12.201559], [77.6314276, 12.2012156], [77.6327312, 12.1999022], [77.6337022, 12.1987067], [77.6347321, 12.1977786], [77.636084, 12.1970551], [77.6375699, 12.1965045], [77.6394796, 12.1963315], [77.6414806, 12.1966199], [77.6433849, 12.1975427], [77.6456433, 12.1983816], [77.6477462, 12.1987644], [77.651394, 12.1988168], [77.6524079, 12.1989479], [77.6533145, 12.1991314], [77.6548219, 12.1994355], [77.6557821, 12.1995246], [77.6571339, 12.1993621], [77.6583381, 12.1988945], [77.6590812, 12.1981824], [77.6599556, 12.1972176], [77.6606208, 12.1968348], [77.6613396, 12.1967719], [77.6629275, 12.1967929], [77.6657116, 12.1968034], [77.6671439, 12.1965936], [77.6677008, 12.1964646], [77.6686674, 12.1961847], [77.6698691, 12.1955869], [77.6716447, 12.1947532], [77.6735061, 12.1940559], [77.6756895, 12.193154], [77.6781356, 12.1921787], [77.6798469, 12.1917016], [77.6814669, 12.191518], [77.6823145, 12.1914341], [77.6829421, 12.1914027], [77.6834303, 12.1913398], [77.6838098, 12.1912024], [77.6848465, 12.1905742], [77.6858872, 12.1900813], [77.6891702, 12.1889278], [77.6935261, 12.1870768], [77.6953254, 12.186337], [77.6980269, 12.1853622], [77.700752, 12.1845652], [77.7042711, 12.1836213], [77.7067436, 12.1830549], [77.7109444, 12.1825097], [77.7140778, 12.1825087], [77.7168485, 12.1828273], [77.7197313, 12.183034], [77.7230465, 12.182625], [77.7267802, 12.1815553], [77.7284431, 12.1810205], [77.7296984, 12.1805381], [77.7308416, 12.1798914], [77.7319407, 12.1791118], [77.7330351, 12.1780735], [77.7339041, 12.1766892], [77.7345586, 12.1750112], [77.7349126, 12.1718335], [77.735213, 12.1701974], [77.7356529, 12.1689598], [77.7361679, 12.1676489], [77.7364469, 12.1663693], [77.7361196, 12.165331], [77.7363181, 12.1643557], [77.7366507, 12.1634432], [77.7373588, 12.1626147], [77.7386355, 12.1620378], [77.7394938, 12.1618595], [77.7409422, 12.1614505], [77.7415109, 12.1611673], [77.7428198, 12.1598563], [77.7446973, 12.157444], [77.7452552, 12.1568672], [77.7463925, 12.1558288], [77.7473688, 12.1551786], [77.7477872, 12.1547276], [77.7481949, 12.1541612], [77.7483559, 12.153448], [77.7482808, 12.1523257], [77.7480876, 12.1514342], [77.7477014, 12.1506371], [77.7473366, 12.1500287], [77.7467036, 12.1487596], [77.7465427, 12.1473856], [77.7468538, 12.144711], [77.7474975, 12.1425084], [77.7487314, 12.1401903], [77.7500188, 12.1378618], [77.7519286, 12.1351346], [77.7545571, 12.1321662], [77.757175, 12.1301523], [77.7594602, 12.128925], [77.7629956, 12.1271308], [77.7688157, 12.1245719], [77.7724206, 12.1228936], [77.7738905, 12.1220544], [77.7755105, 12.1209845], [77.776283, 12.1200981], [77.7764761, 12.1197572], [77.7764708, 12.1194215], [77.7762508, 12.1187659], [77.7760202, 12.1183725], [77.7759236, 12.118126], [77.7759397, 12.1177904], [77.7761006, 12.1173026], [77.7761435, 12.1169459], [77.776106, 12.1164319], [77.7759129, 12.1158812], [77.7758163, 12.1153777], [77.7757251, 12.1147798], [77.7755159, 12.1142028], [77.7751082, 12.1136311], [77.7746201, 12.1123566], [77.7740675, 12.1107516], [77.7736866, 12.1092253]]}}, {"type": "Feature", "properties": {"waterbody": "Cauvery", "name": "Kaveri", "city": "Cauvery Basin", "country": "India", "osm_id": 56139365}, "geometry": {"type": "LineString", "coordinates": [[77.1694922, 12.2948931], [77.1696746, 12.295454], [77.1697444, 12.2962716], [77.1697712, 12.2974824], [77.1697819, 12.2983629], [77.1700287, 12.2991963], [77.1701199, 12.2993928], [77.170229, 12.2999063], [77.1701789, 12.3002105], [77.1699831, 12.300538], [77.1694627, 12.300918], [77.1690711, 12.3013268], [77.1688217, 12.3016623], [77.1682611, 12.302417], [77.1680304, 12.3028599], [77.1679044, 12.3032189], [77.1678749, 12.3035622], [77.1678615, 12.3038007], [77.167722, 12.3041152], [77.1669012, 12.3053102], [77.1666062, 12.3058867], [77.1663246, 12.30672], [77.1661636, 12.3073254], [77.166059, 12.3079491], [77.1660241, 12.3083946], [77.1661019, 12.3090026], [77.1662494, 12.3094524], [77.1667081, 12.3098883], [77.1673304, 12.3101556], [77.1681726, 12.3102421], [77.1689773, 12.3101687], [77.1696854, 12.3099355], [77.1705678, 12.309448], [77.1711203, 12.3091179], [77.1716005, 12.3088846], [77.1721315, 12.3087772], [77.1727967, 12.3087222], [77.1739313, 12.3087641], [77.1745777, 12.3088165], [77.1750391, 12.3089292], [77.175259, 12.3091388], [77.1751651, 12.309828], [77.1750766, 12.3100246], [77.1763748, 12.310187], [77.1772921, 12.3102263], [77.1780941, 12.3104203], [77.1785259, 12.3105041], [77.1788612, 12.3105094], [77.1794942, 12.310436], [77.1806583, 12.3101006], [77.1829113, 12.309642], [77.1837294, 12.3095031], [77.1845394, 12.309262], [77.1856928, 12.3089135], [77.1865457, 12.30873], [77.1876213, 12.3083841], [77.1884447, 12.3081692], [77.189759, 12.3077525], [77.1906039, 12.3076215], [77.1912315, 12.3075612], [77.1920416, 12.3075455], [77.1932137, 12.3075455], [77.1941766, 12.3076687], [77.195287, 12.307839], [77.1959764, 12.3078914], [77.1978244, 12.30786], [77.1990153, 12.3078312], [77.20063, 12.3077866], [77.2023869, 12.3077997], [77.2033015, 12.3077971], [77.2041625, 12.3078181], [77.2049832, 12.3078993], [77.2054204, 12.3079674], [77.205686, 12.3079805], [77.2065335, 12.3079045], [77.2075447, 12.3076818], [77.2080597, 12.3075953], [77.2089261, 12.3074538], [77.2097388, 12.3073542], [77.2107607, 12.3073385], [77.2119597, 12.3073909], [77.2133303, 12.3075324], [77.2145775, 12.3077683], [77.2154143, 12.3079072], [77.2163424, 12.3079701], [77.2173214, 12.3078705], [77.2181314, 12.3075953], [77.2189683, 12.3069402], [77.2194752, 12.3062798], [77.2197837, 12.3055801], [77.2203094, 12.3047861], [77.2208565, 12.3042095], [77.2215378, 12.3036697], [77.2221762, 12.3033159], [77.2231418, 12.3030407], [77.2242093, 12.303004], [77.2250998, 12.3030853], [77.2262371, 12.3034627], [77.2271034, 12.3039448], [77.2284847, 12.3050927], [77.2298607, 12.3060963], [77.2309846, 12.3067017], [77.2323149, 12.3071577], [77.2329855, 12.3075141], [77.2335595, 12.3080067], [77.2344768, 12.3087405], [77.2357428, 12.3093275], [77.2369927, 12.3098044], [77.2385484, 12.3101556], [77.2402328, 12.3101137], [77.2419065, 12.3097258], [77.2434139, 12.3091441], [77.2445029, 12.3085833], [77.2452915, 12.3083631], [77.2461122, 12.3083998], [77.2471958, 12.3088873], [77.2479522, 12.3091388], [77.2497278, 12.3095738], [77.2512782, 12.3100298], [77.2526836, 12.3104805], [77.2540945, 12.311078], [77.2557843, 12.311665], [77.259255, 12.3126608], [77.2611541, 12.3133159], [77.262243, 12.3137195], [77.2635412, 12.3139606], [77.2651988, 12.3141021], [77.266776, 12.3139606], [77.2681707, 12.3137038], [77.269544, 12.3132688], [77.2714859, 12.3123568], [77.2738999, 12.3112615], [77.274844, 12.3108369], [77.2765553, 12.3101242], [77.2785938, 12.3093432], [77.2804928, 12.3086409], [77.2826064, 12.3076766], [77.2838938, 12.3068904], [77.2851598, 12.3058107], [77.2864366, 12.3047048], [77.2878742, 12.3039448], [77.2894031, 12.3033893], [77.2907127, 12.3033061], [77.2911358, 12.3032792], [77.2930294, 12.3035255], [77.2937858, 12.3035465], [77.2948319, 12.3033736], [77.2964626, 12.3027761], [77.2983938, 12.3014448], [77.2999334, 12.2999615], [77.3011672, 12.299364], [77.3023957, 12.2990128], [77.3036885, 12.2988818], [77.30533, 12.2989342], [77.3071432, 12.2993378], [77.3086613, 12.3001345], [77.3100614, 12.30134], [77.3110646, 12.3024878], [77.3122662, 12.3039344], [77.3134518, 12.3049512], [77.3151737, 12.3058946], [77.3172122, 12.3066021], [77.3191434, 12.3069847], [77.3220992, 12.3073359], [77.324363, 12.3074355], [77.3259777, 12.3073516], [77.3272544, 12.3070371], [77.3281985, 12.3062143], [77.32903, 12.3048987], [77.3309505, 12.3011355], [77.3330909, 12.2974142], [77.3339546, 12.2959571], [77.3355263, 12.293132], [77.3367172, 12.2908992], [77.3399475, 12.2836724], [77.3408157, 12.2826542], [77.343632, 12.2804947], [77.3451769, 12.2795669], [77.3470008, 12.2790113], [77.3479342, 12.2787859], [77.3486799, 12.2784923], [77.3493129, 12.2782669], [77.3497635, 12.2782565], [77.3505574, 12.2783351], [77.3513405, 12.2786029], [77.3528588, 12.2792419], [77.3568535, 12.2806898], [77.3589957, 12.2817527], [77.3606211, 12.2825809], [77.3621607, 12.2831417], [77.3638183, 12.2835243], [77.3649824, 12.2835401], [77.3662966, 12.2831731], [77.3668619, 12.282882], [77.3673856, 12.2826123], [77.3689145, 12.2821405], [77.3705453, 12.2818313], [77.3724014, 12.2815849], [77.3744935, 12.2811656], [77.3777819, 12.2806467], [77.3791203, 12.2804344], [77.3837758, 12.2797989], [77.3871964, 12.2792733], [77.3909461, 12.2789798], [77.3946959, 12.2789064], [77.3987031, 12.2790584], [77.4017554, 12.2792052], [77.4036974, 12.2794306], [77.4052477, 12.2799076], [77.4067283, 12.2805523], [77.4075973, 12.2809297], [77.4106926, 12.2827171], [77.4125165, 12.2842844], [77.4135143, 12.2853379], [77.4145228, 12.2862971], [77.4162984, 12.2877333], [77.4173123, 12.2884462], [77.4185301, 12.2890224], [77.4202841, 12.2893582], [77.4211371, 12.2893687], [77.4228001, 12.2891852], [77.4251658, 12.2881526], [77.4269682, 12.2876285], [77.4292588, 12.2871567], [77.4312758, 12.2866536], [77.432161, 12.2865068], [77.4326491, 12.2864544], [77.4330676, 12.2863862], [77.4334913, 12.2862447], [77.4338936, 12.2858621], [77.4340975, 12.2853484], [77.4342745, 12.2846408], [77.4345749, 12.2838178], [77.4351328, 12.2824864], [77.4355835, 12.2815954], [77.4359643, 12.2809192], [77.4365491, 12.2801225], [77.4373859, 12.2791266], [77.4385875, 12.2776904], [77.4394405, 12.2765214], [77.4395934, 12.2763013], [77.4396497, 12.2760549], [77.4396443, 12.2757797], [77.4395209, 12.2754102], [77.4393386, 12.2747707], [77.4393922, 12.274409], [77.4396604, 12.2738481], [77.4404758, 12.2718929], [77.4409908, 12.2706821], [77.4416774, 12.2691672], [77.4422836, 12.2680873], [77.4428201, 12.2673797], [77.4434853, 12.2667244], [77.4442792, 12.2659696]]}}, {"type": "Feature", "properties": {"waterbody": "Cauvery", "name": "Kaveri", "city": "Cauvery Basin", "country": "India", "osm_id": 67812809}, "geometry": {"type": "LineString", "coordinates": [[77.1638195, 12.27928], [77.163444, 12.2799614], [77.1628002, 12.2813871], [77.1621458, 12.283358], [77.1615342, 12.2850982], [77.1609227, 12.2862828], [77.1600751, 12.2873835], [77.1597317, 12.2880583], [77.1595709, 12.2887568], [77.159619, 12.2893765], [77.1597102, 12.289691], [77.1598014, 12.2899688], [77.159839, 12.29032], [77.1598953, 12.2904798], [77.1599972, 12.2905349], [77.1602708, 12.2905952], [77.1605766, 12.2907], [77.1607375, 12.290831], [77.1608716, 12.291059], [77.1611989, 12.2919186], [77.1614858, 12.292545], [77.1617004, 12.2927258], [77.1619096, 12.2927887], [77.16221, 12.2927546], [77.1626982, 12.2926839], [77.1629289, 12.2927075], [77.163468, 12.292904], [77.1638945, 12.2931242], [77.1643075, 12.2934124], [77.164734, 12.2935382], [77.165072, 12.2935435], [77.1654448, 12.2935042], [77.1658015, 12.2933653], [77.1661743, 12.2933233], [77.1664774, 12.2933862], [77.1667564, 12.2934884], [77.1671829, 12.2936196], [77.1677676, 12.2941829], [77.1679527, 12.2944581], [77.1680573, 12.2946022], [77.168304, 12.294728], [77.1686903, 12.2948381], [77.1694922, 12.2948931]]}}, {"type": "Feature", "properties": {"waterbody": "Cauvery", "name": "Kaveri", "city": "Cauvery Basin", "country": "India", "osm_id": 67812815}, "geometry": {"type": "LineString", "coordinates": [[77.1671319, 12.2578706], [77.1686983, 12.2575666], [77.1702594, 12.2575247], [77.1706349, 12.2576452], [77.1709711, 12.2578648], [77.1711928, 12.258117], [77.173124, 12.2608167], [77.1740788, 12.261949], [77.1749158, 12.2630073], [77.1759243, 12.2641291], [77.1763051, 12.2650418], [77.1765358, 12.2660267], [77.1765573, 12.2684484], [77.1766217, 12.2704718], [77.1770616, 12.2720653], [77.1778555, 12.2726944], [77.1783919, 12.2738476], [77.1786923, 12.2745919], [77.178628, 12.2754935], [77.1786816, 12.2761015], [77.179261, 12.2768249], [77.1794648, 12.2775273], [77.1795936, 12.2785442], [77.1794004, 12.2792046], [77.1790464, 12.2800223], [77.1790786, 12.281186], [77.1795828, 12.2818674], [77.1806235, 12.2824125], [77.1822114, 12.2830101], [77.1828228, 12.2833671], [77.1830589, 12.2836973], [77.183134, 12.2844311], [77.1830642, 12.2853274], [77.1830106, 12.2858726], [77.1829998, 12.2862342], [77.1830589, 12.2864439], [77.183252, 12.2866378], [77.183716, 12.2868318], [77.1841178, 12.2869924], [77.1843946, 12.2871358], [77.1846494, 12.2873952], [77.1848074, 12.2876507], [77.1851349, 12.288551], [77.1853119, 12.2894237], [77.1853951, 12.2899374], [77.1853736, 12.2902912], [77.1852207, 12.2907314], [77.1849069, 12.2913578], [77.1847889, 12.2917902], [77.1847835, 12.2923799], [77.1848586, 12.2930613], [77.184974, 12.2934596], [77.1853441, 12.2942353], [77.1859798, 12.2951971], [77.1861058, 12.2955509], [77.1861997, 12.2959886], [77.1863365, 12.2966359], [77.1863957, 12.2973291], [77.1865457, 12.2981008], [77.1867201, 12.2984966], [77.1868032, 12.2987508], [77.1868274, 12.2989683], [77.1867469, 12.2993561], [77.1866959, 12.299744], [77.1866906, 12.300048], [77.1867415, 12.3003572], [77.18694, 12.3007949], [77.1871412, 12.3011932], [77.187227, 12.3016151], [77.1873075, 12.3021078], [77.1873397, 12.3024354], [77.1874094, 12.3026634], [77.1874979, 12.3027813], [77.1876615, 12.3028573], [77.1880263, 12.3029254], [77.1885064, 12.303101], [77.1887881, 12.3032871], [77.1891421, 12.3037535], [77.1892816, 12.3040156], [77.189354, 12.3042436], [77.189354, 12.3047127], [77.189405, 12.3048673], [77.1895418, 12.3050376], [77.1896973, 12.3051818], [77.1897697, 12.3053285], [77.1897912, 12.3054726], [77.1897349, 12.305829], [77.1896115, 12.3060701], [77.1895337, 12.3062824], [77.189464, 12.3068275], [77.189759, 12.3077525]]}}, {"type": "Feature", "properties": {"waterbody": "Cauvery", "name": "Kaveri", "city": "Cauvery Basin", "country": "India", "osm_id": 70237162}, "geometry": {"type": "LineString", "coordinates": [[77.7355349, 11.6002708], [77.7358031, 11.5970443], [77.7364683, 11.5936391], [77.7378309, 11.5905387], [77.7390003, 11.5887835], [77.7399213, 11.5871348], [77.7403092, 11.5855989], [77.7404916, 11.5832236], [77.7410763, 11.5803175], [77.7416825, 11.5790877], [77.7434689, 11.5763695], [77.7435396, 11.5762814], [77.7444291, 11.5747101], [77.7457578, 11.5725042], [77.7462637, 11.5712205], [77.7465963, 11.5696019], [77.7466071, 11.5682355], [77.7461028, 11.5665537], [77.7448904, 11.5651347], [77.7405882, 11.5618553], [77.738775, 11.5605414], [77.7374124, 11.5588491], [77.7315513, 11.5507488], [77.7305245, 11.5492416], [77.7296448, 11.5472654], [77.7291848, 11.5453247], [77.7285933, 11.5436704], [77.7268767, 11.5411055], [77.7246451, 11.5373633], [77.724173, 11.5348193], [77.7247953, 11.5323595], [77.7255893, 11.5301414], [77.7267694, 11.5279338], [77.7291191, 11.5248431], [77.7311683, 11.5220783], [77.7317905, 11.5208273], [77.7320588, 11.5191558], [77.7319944, 11.5178732], [77.7321339, 11.5167484], [77.7325737, 11.515245], [77.7329171, 11.513237], [77.7328527, 11.5116811], [77.732166, 11.509978], [77.7315545, 11.5089477], [77.7246451, 11.5051945], [77.7210617, 11.5022088], [77.7194953, 11.4994122], [77.7182776, 11.4977668], [77.7164161, 11.4958533], [77.714442, 11.4941291], [77.7131921, 11.4932302], [77.7107352, 11.4910959], [77.7092814, 11.489645], [77.7060038, 11.4864172], [77.7038285, 11.4843775], [77.7037655, 11.4842842], [77.7033269, 11.4839096], [77.7030319, 11.4835995], [77.7022943, 11.4826979], [77.70201, 11.4822379], [77.7010524, 11.4805924], [77.700516, 11.4797618], [77.6998401, 11.4782372], [77.6987994, 11.4759241], [77.6979303, 11.4727908], [77.6973832, 11.469647], [77.6973081, 11.4658407], [77.6968574, 11.4630332], [77.6958918, 11.459374], [77.6946473, 11.4560723], [77.6935529, 11.4528967], [77.6923728, 11.4507096], [77.6919436, 11.4500156], [77.6889395, 11.4460828], [77.6866006, 11.4420659], [77.6858711, 11.4403098], [77.6856565, 11.4389112], [77.685678, 11.4375441], [77.6861715, 11.4355882], [77.6864505, 11.4331275], [77.6864399, 11.432687], [77.6863646, 11.429552], [77.6855063, 11.4259765], [77.6847768, 11.4241888], [77.6842189, 11.4229794], [77.6837039, 11.4217279], [77.6836234, 11.4211232], [77.6837146, 11.4203976], [77.6841759, 11.4189727], [77.6847338, 11.4176476], [77.6858764, 11.4162698], [77.6878453, 11.4147871], [77.6895511, 11.413809], [77.6912677, 11.4124944], [77.6924125, 11.4112784], [77.6936495, 11.4094761], [77.6952695, 11.4063841], [77.6976406, 11.4023982], [77.6990354, 11.4005367], [77.7001941, 11.3987593], [77.701237, 11.3970043], [77.7025405, 11.3954714], [77.7050006, 11.3935953], [77.7073181, 11.3915128], [77.7101612, 11.3880525], [77.7122319, 11.3842872], [77.7125966, 11.3831566], [77.7126288, 11.3830724], [77.7138197, 11.3802273], [77.7144635, 11.3789757], [77.7151823, 11.3780081], [77.7159655, 11.377419], [77.7173495, 11.3767669], [77.7183258, 11.3764935], [77.7198172, 11.3758729], [77.7212548, 11.3746423], [77.722038, 11.3742741], [77.722832, 11.3740743], [77.7239907, 11.3739691], [77.7249241, 11.3742531], [77.7253532, 11.3742952], [77.7259111, 11.3740322], [77.7282071, 11.3723704], [77.7285719, 11.3717603], [77.7288294, 11.3710977], [77.7290225, 11.3706874], [77.7294624, 11.3702877], [77.7302456, 11.3702562], [77.7312004, 11.3703193], [77.7346551, 11.3714132], [77.7360821, 11.3715184], [77.7378631, 11.3712975], [77.7387106, 11.3708031], [77.7394938, 11.3695515], [77.7405238, 11.3677108], [77.7408349, 11.3664275], [77.7410924, 11.3649234], [77.7413821, 11.3640398], [77.7422726, 11.3623884], [77.7443111, 11.36019], [77.745384, 11.3597377], [77.746253, 11.3591382], [77.7481735, 11.3576235], [77.7494287, 11.3571186], [77.7510273, 11.3566978], [77.751714, 11.3563612], [77.7522826, 11.3557406], [77.7526313, 11.3547308], [77.7526796, 11.3524692], [77.7526688, 11.3499131], [77.7526152, 11.3473465], [77.7524757, 11.3460316], [77.7526367, 11.3443485], [77.7531946, 11.3430757], [77.7540851, 11.3418134], [77.7549648, 11.3403933], [77.7551687, 11.3396043], [77.7553403, 11.337837], [77.7559841, 11.3354176], [77.7565312, 11.3339606], [77.7573091, 11.3329034], [77.7578777, 11.3324721], [77.7595407, 11.3318093], [77.7606082, 11.3314306], [77.76137, 11.3309205], [77.7616543, 11.3307311], [77.7617937, 11.3305154], [77.761901, 11.3302156], [77.7620137, 11.3298158], [77.7621585, 11.3295108], [77.762652, 11.3290795], [77.7634352, 11.3285219], [77.7645103, 11.3278158], [77.7661818, 11.3268282], [77.7673513, 11.3257184], [77.769261, 11.3235986], [77.7707469, 11.3218838], [77.7710205, 11.3213631], [77.7716213, 11.3204478], [77.7735794, 11.3182491], [77.7745235, 11.3169867], [77.7761596, 11.3140568], [77.7778923, 11.3109217], [77.7790832, 11.3082863], [77.7805906, 11.3053143], [77.7818996, 11.3024632], [77.7828652, 11.3002485], [77.7834928, 11.2991701], [77.7844316, 11.298239], [77.7877629, 11.2951669], [77.7885936, 11.2942726], [77.7892274, 11.2934835], [77.7911178, 11.291457], [77.7930361, 11.2891593], [77.7948064, 11.2867026], [77.7958417, 11.2851928], [77.7972364, 11.2836251], [77.7983737, 11.2825256], [77.7994949, 11.2817628], [77.8002083, 11.2812473], [77.8006858, 11.2807001], [77.8010398, 11.2800741], [77.8013992, 11.2789325], [77.801705, 11.2777436], [77.8020215, 11.2770438], [77.8026191, 11.2763061], [77.8045589, 11.2746712], [77.8049773, 11.2742714], [77.8052777, 11.2736927], [77.8054386, 11.2730351], [77.8060931, 11.2706466], [77.8065866, 11.2691367], [77.8070265, 11.2682634], [77.8079063, 11.2668376], [77.8087592, 11.2659696], [77.809698, 11.2654119], [77.8109372, 11.2649174], [77.8128254, 11.2647122], [77.8147566, 11.264528], [77.8161514, 11.2642176], [77.818163, 11.263218], [77.8202659, 11.2623079], [77.8224063, 11.2615818], [77.8243965, 11.2606243], [77.8259522, 11.2600771], [77.8265476, 11.2598772], [77.828114, 11.2593827], [77.8293318, 11.2591617], [77.8300774, 11.2592038], [77.830925, 11.2594142], [77.8331405, 11.2603507], [77.8346854, 11.2611188], [77.8354794, 11.2613924], [77.8365469, 11.2615976], [77.8378022, 11.2618449], [77.8384727, 11.2620395], [77.8394061, 11.2622973], [77.8397924, 11.2622605], [77.8401786, 11.2620816], [77.8420722, 11.2605875], [77.8441966, 11.2589618], [77.8499579, 11.255058], [77.8555584, 11.2509752], [77.8576183, 11.2493758], [77.860322, 11.247166], [77.8621373, 11.2451443], [77.8632992, 11.2440933], [77.8645459, 11.2428162], [77.8652412, 11.2410785], [77.8654826, 11.2400735], [77.8659922, 11.2373638], [77.8667647, 11.2341069], [77.8669631, 11.2332703], [77.8670597, 11.2323863], [77.8672206, 11.2281664], [77.867403, 11.2264353], [77.8678504, 11.2249555], [77.8691947, 11.221926], [77.8706485, 11.2198791], [77.8711849, 11.2189688], [77.8716409, 11.2179374], [77.8720272, 11.2165641], [77.8720325, 11.2156906], [77.871775, 11.2149066], [77.8714102, 11.2142067], [77.8709596, 11.2131806], [77.8704876, 11.2119651], [77.8700101, 11.2111653], [77.8690767, 11.2100602], [77.8677893, 11.2089762], [77.866888, 11.2081448], [77.865901, 11.206703], [77.8649086, 11.2049297], [77.8644172, 11.2037392], [77.862854, 11.1988308], [77.8614807, 11.1944946], [77.8610515, 11.1923791], [77.8608906, 11.1889059], [77.8611696, 11.1861484], [77.8617704, 11.1839171], [77.8634763, 11.180328], [77.8648496, 11.1776125], [77.8663945, 11.1750127], [77.8677034, 11.173076], [77.869817, 11.1706973], [77.8724027, 11.1681816], [77.8763294, 11.165266], [77.8785396, 11.1633082], [77.880342, 11.1610557], [77.881557, 11.1593294], [77.8829706, 11.1576768], [77.8844297, 11.1561611], [77.8857032, 11.1542283], [77.8862214, 11.1525611], [77.8863501, 11.1507612], [77.8861141, 11.1493717], [77.8854382, 11.1469296], [77.8846979, 11.1438242], [77.8839469, 11.1419821], [77.8830886, 11.1404031], [77.8817367, 11.1378556], [77.8810716, 11.1362661], [77.8804922, 11.1337607], [77.8803527, 11.1313921], [77.88046, 11.1271602], [77.8804707, 11.1246653], [77.8807819, 11.1212229], [77.8814117, 11.1176791], [77.8821766, 11.1150432], [77.8828418, 11.1132851], [77.8836143, 11.111985], [77.8842419, 11.1112428], [77.8851378, 11.110569], [77.8861892, 11.1097057], [77.8868061, 11.1088951], [77.8871387, 11.1082055], [77.8873748, 11.1072948], [77.8875914, 11.10585]]}}, {"type": "Feature", "properties": {"waterbody": "Cauvery", "name": "Kaveri", "city": "Cauvery Basin", "country": "India", "osm_id": 70237418}, "geometry": {"type": "LineString", "coordinates": [[77.9572356, 11.0678337], [77.9584157, 11.0681917], [77.9593384, 11.068813], [77.9617309, 11.0713189], [77.9632008, 11.0724561], [77.9644132, 11.073888], [77.9650891, 11.0757727], [77.9660439, 11.0769309], [77.9677713, 11.0781733], [77.9692411, 11.0787419], [77.9712367, 11.0797211], [77.972728, 11.0808476], [77.9758608, 11.0846801], [77.9769981, 11.0862068], [77.9778886, 11.087228], [77.9785752, 11.0876281], [77.9795515, 11.0877861], [77.980721, 11.087944], [77.9816866, 11.0882704], [77.9830599, 11.0892916], [77.9841918, 11.0905761], [77.9845619, 11.0912394], [77.9848731, 11.0916447], [77.9851949, 11.0918816], [77.9856884, 11.0920659], [77.9866058, 11.0921606], [77.9873621, 11.0923238], [77.9888534, 11.0928081], [77.9898512, 11.0934609], [77.9924154, 11.0953771], [77.9940998, 11.0971353], [77.995044, 11.0980933], [77.9959667, 11.0984618], [77.9970181, 11.0986197], [77.9997539, 11.0983671], [78.0029297, 11.0975143], [78.0055153, 11.0968405], [78.0075645, 11.0961351], [78.0094957, 11.0959456], [78.0105793, 11.0962298], [78.0125534, 11.0964825], [78.0141413, 11.0962825], [78.0165124, 11.0951454], [78.0187762, 11.093682], [78.0199027, 11.092945], [78.0211472, 11.0920185], [78.0235719, 11.0909657], [78.0262939, 11.0902222], [78.0306315, 11.0885862], [78.0315649, 11.0881967], [78.0321228, 11.0877861], [78.0327022, 11.0871649], [78.0334318, 11.0858172], [78.0348694, 11.0832693], [78.0356955, 11.082606], [78.0364787, 11.0823743], [78.0373478, 11.082269], [78.0386245, 11.0819111], [78.0405664, 11.0815952], [78.0416822, 11.0815636], [78.0422562, 11.0815583], [78.0425405, 11.081511], [78.0429375, 11.0813056], [78.0433023, 11.0810477], [78.0436027, 11.0809635], [78.0442947, 11.0810582], [78.0450189, 11.0809477], [78.0455339, 11.0807845], [78.0461508, 11.0806318], [78.0467302, 11.0806318], [78.0472183, 11.0808161], [78.0477118, 11.081153], [78.051939, 11.0784681], [78.0540204, 11.0776574], [78.0568743, 11.0771731], [78.0600714, 11.0768361], [78.0633438, 11.0766256], [78.0664165, 11.0766186], [78.0701458, 11.076615], [78.0709934, 11.076594], [78.0723882, 11.0763939], [78.0734718, 11.0761728], [78.0750811, 11.0764676], [78.0771625, 11.0771204], [78.0787411, 11.0777839], [78.0833423, 11.0778785], [78.0860138, 11.0775942], [78.0885994, 11.076773], [78.0919683, 11.0752884], [78.0936527, 11.0744882], [78.095938, 11.0736458], [78.0990386, 11.072993], [78.1017101, 11.0725929], [78.1032658, 11.0722876], [78.105669, 11.0713716], [78.1085014, 11.0698659], [78.1116603, 11.0682729], [78.1232788, 11.057591], [78.1376252, 11.0444022], [78.1435203, 11.0370761], [78.1450009, 11.0347383], [78.14646, 11.0331377], [78.1489062, 11.0297047], [78.1510949, 11.0265876], [78.1550399, 11.0221581], [78.1601138, 11.0163038], [78.1666732, 11.0060519], [78.1682181, 11.0028082], [78.1699777, 10.9990063], [78.1710505, 10.9949726], [78.1724453, 10.9916445], [78.174634, 10.9877581], [78.1772089, 10.9831766], [78.1805777, 10.979406], [78.1837535, 10.9762884], [78.1867575, 10.9738448], [78.190062, 10.9705586], [78.1940615, 10.9662097]]}}, {"type": "Feature", "properties": {"waterbody": "Cauvery", "name": "Kaveri", "city": "Cauvery Basin", "country": "India", "osm_id": 70237469}, "geometry": {"type": "LineString", "coordinates": [[78.5193515, 10.909083], [78.5215616, 10.908472], [78.5222697, 10.9079452], [78.5236215, 10.9068075], [78.5261965, 10.9058172], [78.5274625, 10.9049111], [78.5281706, 10.9034362], [78.5298872, 10.9017506], [78.5322904, 10.9007392], [78.5335994, 10.9001703], [78.5343075, 10.8996646], [78.5352516, 10.8992221], [78.5361528, 10.8992221], [78.537333, 10.8995382], [78.5396719, 10.9002125], [78.5437703, 10.8999385], [78.546474, 10.8991589], [78.5479116, 10.8978947], [78.549757, 10.8962933], [78.5519671, 10.8958719], [78.5554433, 10.8957244], [78.5584688, 10.8966304], [78.5616445, 10.8974417], [78.5628033, 10.8974733], [78.5637903, 10.8973152], [78.5649812, 10.8967463], [78.5657537, 10.895893]]}}, {"type": "Feature", "properties": {"waterbody": "Cauvery", "name": "Kaveri", "city": "Cauvery Basin", "country": "India", "osm_id": 75502674}, "geometry": {"type": "LineString", "coordinates": [[76.7228132, 12.406668], [76.7239505, 12.4043575], [76.724546, 12.4039069], [76.725356, 12.4037183], [76.7262036, 12.4037288], [76.7279202, 12.4039384], [76.7305434, 12.4040327], [76.7315841, 12.4042003], [76.7329091, 12.4044256], [76.7341697, 12.4045356], [76.7354196, 12.404368], [76.7371255, 12.4038755], [76.7382199, 12.4035454], [76.7390031, 12.4034459], [76.7404139, 12.4034721], [76.7414278, 12.4036817], [76.743139, 12.4038441], [76.7441636, 12.4039751], [76.7449897, 12.4042003], [76.7457837, 12.4045514], [76.7475057, 12.4052377], [76.7483103, 12.405442], [76.7493725, 12.4054944], [76.7508638, 12.4051696], [76.7527574, 12.4045514], [76.7538249, 12.4040536], [76.7547315, 12.403514], [76.755783, 12.403163], [76.7566466, 12.4029534], [76.7577022, 12.4028396], [76.7599726, 12.4030215], [76.7613804, 12.4035283], [76.763115, 12.4035403], [76.7652558, 12.4036087], [76.7661117, 12.4035098], [76.7666093, 12.4034329], [76.7670273, 12.4034642], [76.7677246, 12.4037107], [76.7684068, 12.4040208], [76.7697465, 12.4041951], [76.7703205, 12.4043366], [76.7710286, 12.4043942], [76.7724019, 12.4044047], [76.7739764, 12.4043523], [76.7749205, 12.4043156], [76.7754731, 12.4043077], [76.7762053, 12.4041427], [76.7770743, 12.4037812], [76.7777234, 12.4034407], [76.7784262, 12.4027176], [76.7789465, 12.4019527], [76.7797351, 12.4005538], [76.7804968, 12.3990921], [76.7806202, 12.3988013], [76.7807248, 12.3984267], [76.7808697, 12.3978713], [76.7810601, 12.3972478], [76.7813229, 12.3967187], [76.7826748, 12.3946753], [76.7840588, 12.3928415], [76.7854911, 12.3913064], [76.7868912, 12.3899598], [76.7878139, 12.38887], [76.788345, 12.3881208], [76.7887473, 12.3873034], [76.7892408, 12.386376], [76.7897826, 12.3854329], [76.7904371, 12.3843981], [76.7907804, 12.3839029], [76.7910875, 12.3834366], [76.7917997, 12.3824568], [76.7921913, 12.3818647], [76.7926204, 12.3811678], [76.7928752, 12.3805391], [76.7931032, 12.3797636], [76.7935431, 12.3783594], [76.7937577, 12.3774948], [76.7940688, 12.3761534], [76.7943799, 12.37444], [76.7944765, 12.3732925], [76.7947018, 12.3721869], [76.7950666, 12.3711966], [76.7956567, 12.3699442], [76.7963453, 12.3689301], [76.7973679, 12.36734], [76.7984623, 12.3656056], [76.7986849, 12.365168], [76.7988284, 12.3648366], [76.7988981, 12.364682], [76.798996, 12.3645916], [76.7992508, 12.3644737], [76.799688, 12.3642825], [76.800254, 12.3639262], [76.8007475, 12.3634362], [76.8011069, 12.3629856], [76.8014583, 12.3624144], [76.8018821, 12.3614319], [76.8023676, 12.3607219], [76.8029281, 12.3602634], [76.8033761, 12.3598363], [76.8039554, 12.3589612], [76.8045402, 12.3580337], [76.8049277, 12.3574678], [76.8051517, 12.3571639], [76.8053904, 12.3570695], [76.8056171, 12.3570276], [76.8060905, 12.3569909], [76.8064499, 12.3570695], [76.8070453, 12.3572032], [76.8074369, 12.3573289], [76.8080317, 12.3574741], [76.8085554, 12.3574521], [76.809108, 12.3573394], [76.810382, 12.3569962], [76.8117499, 12.3566189], [76.8127263, 12.356032], [76.8140459, 12.355094], [76.8157947, 12.353611], [76.8160629, 12.3535953], [76.8171626, 12.3539411], [76.8176132, 12.3539726], [76.8187183, 12.3538625], [76.8191689, 12.353742], [76.8194479, 12.3535534], [76.8195444, 12.3532442], [76.8195766, 12.351232], [76.8196195, 12.3508337], [76.8198073, 12.3506136], [76.8200755, 12.3505507], [76.8205905, 12.3504721], [76.8211645, 12.3501629], [76.8218243, 12.3495865], [76.8221033, 12.3490415], [76.8222856, 12.3487481], [76.8225217, 12.3485594], [76.822688, 12.3482764], [76.8231761, 12.3465209], [76.8231171, 12.3455881], [76.8230528, 12.3448859], [76.8232405, 12.344037], [76.824131, 12.3422867], [76.8245226, 12.341967], [76.8254721, 12.3415425], [76.826604, 12.3412438], [76.8276876, 12.3409137], [76.8283796, 12.3405102], [76.8287766, 12.3401748], [76.8288946, 12.3399232], [76.8288785, 12.3395145], [76.828739, 12.3390009], [76.8287283, 12.3385188], [76.8290073, 12.3378952], [76.8297261, 12.3366794], [76.8307078, 12.3352172], [76.8310404, 12.3343892], [76.8316895, 12.3325602], [76.8321884, 12.3315802], [76.8327624, 12.3304116], [76.8333203, 12.3288341], [76.8342966, 12.3270313], [76.8353909, 12.3257893], [76.8365711, 12.3247988], [76.838737, 12.3228452], [76.8395376, 12.3220997], [76.8409002, 12.3208996], [76.8429387, 12.3185831], [76.8442637, 12.3168431], [76.8456745, 12.3150769], [76.8470102, 12.3140025], [76.8478203, 12.3130801], [76.8484747, 12.3116965], [76.8493545, 12.3101451], [76.8504435, 12.3084522], [76.8510336, 12.3069533], [76.8517095, 12.3046472], [76.8520474, 12.3039082], [76.8522727, 12.3033473], [76.8522835, 12.3028809], [76.8519831, 12.3021314], [76.8516129, 12.300994], [76.8513983, 12.3003651], [76.8514144, 12.2998724], [76.8517148, 12.2994531], [76.8522084, 12.2992434], [76.8532544, 12.2989028], [76.8559152, 12.2980222], [76.8587476, 12.2969792], [76.8599653, 12.2962873], [76.8611777, 12.2950504], [76.8622506, 12.293761], [76.8637043, 12.2924821], [76.8651903, 12.2913919], [76.8669605, 12.2896622], [76.8675613, 12.2888235], [76.8680656, 12.2879115], [76.8685806, 12.2868475], [76.8686449, 12.2863653], [76.8685698, 12.2854847], [76.868484, 12.2845517], [76.8685591, 12.2840013], [76.8689454, 12.2831469], [76.8693477, 12.2825861], [76.8698037, 12.2821196], [76.8707424, 12.2813386], [76.8713003, 12.2807882], [76.8715578, 12.2802378], [76.8715954, 12.2798237], [76.8716222, 12.2790689], [76.8718958, 12.2777061], [76.8724537, 12.276469], [76.8737894, 12.2742727], [76.8747872, 12.272522], [76.8757045, 12.270745], [76.8767506, 12.2692406], [76.87792, 12.2678619], [76.879937, 12.2659958], [76.8823028, 12.2634377], [76.884191, 12.2613514], [76.8860793, 12.2587304], [76.8875384, 12.2547568], [76.8888688, 12.2521672], [76.8902743, 12.2492629], [76.8929887, 12.24617], [76.8952739, 12.2445344], [76.8990183, 12.2412107], [76.9020331, 12.2384951], [76.9042754, 12.2354229], [76.9056702, 12.2332735], [76.9075048, 12.2302852], [76.9078481, 12.2288592], [76.9081163, 12.2275695], [76.9086635, 12.2260281], [76.9094574, 12.2248747], [76.9100582, 12.2243923], [76.9105464, 12.2236688], [76.910702, 12.2230921], [76.911056, 12.2211628], [76.9113135, 12.2193383], [76.911807, 12.2169685], [76.9123543, 12.2161191], [76.913867, 12.2144414]]}}, {"type": "Feature", "properties": {"waterbody": "Cauvery", "name": "Kaveri", "city": "Cauvery Basin", "country": "India", "osm_id": 85000951}, "geometry": {"type": "LineString", "coordinates": [[78.8179296, 10.8312617], [78.8184272, 10.8311672], [78.8188201, 10.8311181], [78.8199091, 10.8311168], [78.8209008, 10.8312749], [78.825277, 10.8312808], [78.8345888, 10.8329181], [78.8375203, 10.8324664], [78.8436707, 10.8328616], [78.8482117, 10.8344424], [78.8551668, 10.8332003], [78.8621794, 10.8345553], [78.8740204, 10.8365877], [78.8833322, 10.8365877], [78.8922991, 10.8389588], [78.9020708, 10.8456204], [78.9088535, 10.8488947], [78.9113349, 10.8489825], [78.9180529, 10.8515696], [78.9246223, 10.8518429], [78.929547, 10.8530078], [78.9345763, 10.8523602], [78.9405535, 10.8541479], [78.9517366, 10.8530559], [78.9538195, 10.8540765], [78.954667, 10.8544686], [78.9599845, 10.8558561], [78.9633211, 10.8579177], [78.9678289, 10.8608256], [78.969685, 10.8632561], [78.9708783, 10.8662074], [78.9740602, 10.8679435], [78.9776399, 10.8684643], [78.9834735, 10.8686379], [78.9868764, 10.8685945], [78.9892628, 10.8692889], [78.9926216, 10.8701569], [78.9995379, 10.870656], [79.0034048, 10.87211], [79.006874, 10.8727827], [79.0088627, 10.8738677], [79.0110503, 10.8736072], [79.0161496, 10.872029], [79.0193192, 10.8713304], [79.0211762, 10.8714021], [79.0245294, 10.8719363], [79.0292802, 10.8729997], [79.0322854, 10.8726959], [79.036528, 10.8722185], [79.040417, 10.8723921], [79.043842, 10.8728912], [79.0474217, 10.872761], [79.0503164, 10.8718495], [79.0526366, 10.8714589], [79.0560616, 10.8728261], [79.0596854, 10.8738677], [79.0637071, 10.8737809], [79.0661819, 10.8726959], [79.0691871, 10.8734554], [79.0723248, 10.8746923], [79.0764569, 10.8746272], [79.0795726, 10.8737375], [79.0816276, 10.8744102], [79.0830418, 10.8752565], [79.0873721, 10.8757311], [79.0909525, 10.8749093], [79.0967418, 10.8742149], [79.0988588, 10.8745158], [79.101559, 10.8752565], [79.1071274, 10.8772095], [79.1132261, 10.8800738], [79.1222919, 10.8832627], [79.1242846, 10.8840095], [79.1270272, 10.885094], [79.1297271, 10.8862302], [79.1312591, 10.8866506], [79.133134, 10.8870294], [79.1347412, 10.8871778], [79.1380621, 10.88725], [79.1399799, 10.8880406], [79.140655, 10.8881555], [79.1419085, 10.8892287], [79.1437725, 10.8903766], [79.144769, 10.8915643], [79.146376, 10.8934264], [79.1486902, 10.8952885], [79.1515507, 10.8969928], [79.1528363, 10.8973085], [79.1550219, 10.898634], [79.1556969, 10.9001174], [79.1567575, 10.9011273], [79.158461, 10.9014114], [79.160968, 10.9026738], [79.1626393, 10.9039363], [79.1641499, 10.9047568], [79.1656284, 10.9065242], [79.1692603, 10.9077235], [79.170546, 10.9086703], [79.1739207, 10.9116685], [79.1769098, 10.9129624], [79.1805739, 10.913783], [79.1843462, 10.9143294], [79.1863914, 10.9148876], [79.1908268, 10.9165918], [79.1923696, 10.9174439], [79.1951016, 10.9180119], [79.2021131, 10.919681], [79.2051938, 10.9219568], [79.206833, 10.9230298], [79.2102027, 10.926423], [79.212327, 10.9281296], [79.2138065, 10.9290226], [79.2158375, 10.9299459], [79.2169383, 10.9303287], [79.219237, 10.9311399], [79.2200893, 10.9312995], [79.223646, 10.9319655], [79.2324868, 10.935335], [79.2368731, 10.9373656], [79.2403276, 10.9382136], [79.2475321, 10.9401995], [79.2559411, 10.9417392], [79.2625092, 10.9435466], [79.2666455, 10.9443945], [79.2750091, 10.9446623], [79.281092, 10.9436561], [79.282973, 10.9438281], [79.2866652, 10.9447875], [79.2883435, 10.9450603], [79.2901111, 10.9450208], [79.2912, 10.9452473], [79.2922337, 10.9456556], [79.2936778, 10.946284], [79.2955632, 10.9464259], [79.2967563, 10.9462546], [79.2985473, 10.9457676], [79.299208, 10.9462372], [79.2999323, 10.9469165], [79.3003548, 10.9478786], [79.301651, 10.9479765], [79.3028353, 10.947563], [79.3040995, 10.947163], [79.3063632, 10.9470904], [79.3081715, 10.9478005], [79.3092911, 10.9479346], [79.3109064, 10.9480814], [79.3125858, 10.9473104], [79.3138989, 10.9472893], [79.3152335, 10.9481968], [79.3160407, 10.9489101], [79.3169287, 10.9499405], [79.3179905, 10.950571], [79.3203305, 10.9506342], [79.3218735, 10.9508028], [79.3227411, 10.9517634], [79.3243556, 10.9532692], [79.3254759, 10.953369], [79.3272377, 10.9535236], [79.3282305, 10.953824], [79.3312981, 10.9546959], [79.3338814, 10.9558054], [79.3353564, 10.9571578], [79.3362221, 10.9587619], [79.3365894, 10.9593438], [79.3379985, 10.9598474], [79.3402588, 10.960006], [79.3418734, 10.9601645], [79.3428018, 10.9602684], [79.3437301, 10.9608778], [79.3447657, 10.9615971], [79.3455868, 10.9627798], [79.347605, 10.9641272], [79.3505919, 10.9650782], [79.3523679, 10.9649197], [79.3544668, 10.9643649], [79.3551126, 10.9643649], [79.3574537, 10.9647612], [79.3594719, 10.9646027], [79.3615708, 10.9647612], [79.3635831, 10.9654544], [79.3653857, 10.9660317], [79.3668987, 10.9661877], [79.3691591, 10.96595], [79.3719038, 10.9657122], [79.373922, 10.9667425], [79.3762631, 10.9676935], [79.3785234, 10.9680898], [79.381026, 10.9692786], [79.3824791, 10.9697541], [79.3851058, 10.9704659], [79.3864038, 10.9719536], [79.3871349, 10.9730551], [79.3884564, 10.9743596], [79.390735, 10.9749705], [79.3920534, 10.9755815], [79.3940212, 10.9768824], [79.3949727, 10.9775718], [79.396135, 10.9779047], [79.3973617, 10.9780797], [79.398698, 10.9783261], [79.3996557, 10.9788982], [79.4002832, 10.9795491], [79.4008809, 10.9806171], [79.4009732, 10.9821982], [79.4018622, 10.9839646], [79.402853, 10.9851191], [79.4036276, 10.9872399], [79.4046, 10.9884971], [79.4046164, 10.9885182]]}}, {"type": "Feature", "properties": {"waterbody": "Cauvery", "name": "Kaveri", "city": "Cauvery Basin", "country": "India", "osm_id": 86615196}, "geometry": {"type": "LineString", "coordinates": [[76.5953064, 12.4201375], [76.5964115, 12.4198546], [76.5979564, 12.4197708], [76.5990829, 12.4198651], [76.600703, 12.4198965], [76.6023874, 12.4196136], [76.6044688, 12.4195507], [76.6051018, 12.4194355], [76.6056168, 12.4191735], [76.6061211, 12.4186811], [76.6070866, 12.4179371], [76.6090715, 12.4173085], [76.6110349, 12.4170361], [76.6119468, 12.4166065], [76.6124215, 12.4162681], [76.6127407, 12.4160407], [76.6135347, 12.4157892], [76.6152727, 12.4158625], [76.6181749, 12.4171723], [76.6190332, 12.4173399], [76.6196448, 12.417429], [76.6205406, 12.4173032], [76.621533, 12.4172246], [76.6223431, 12.4174394], [76.623491, 12.4181519], [76.6247034, 12.4193674], [76.6254169, 12.4200694], [76.6265809, 12.4206771], [76.6277772, 12.4211695], [76.6326643, 12.4228082], [76.6419602, 12.4258167], [76.6479392, 12.4278072], [76.649766, 12.4288024], [76.6524869, 12.4302258], [76.6556327, 12.4313144], [76.6568457, 12.4316399], [76.6581853, 12.431685], [76.660863, 12.4309734], [76.6620773, 12.4304474], [76.662839, 12.4299654], [76.6632414, 12.4297192], [76.663692, 12.4295568], [76.6641265, 12.429452], [76.6654569, 12.4292634], [76.6678591, 12.4281219], [76.6699254, 12.426665], [76.6724682, 12.4269898], [76.6741311, 12.4274404], [76.6768885, 12.4279119], [76.6789484, 12.4283519], [76.6803753, 12.4283624], [76.6815126, 12.4282995], [76.6830039, 12.4279747], [76.6850692, 12.4278961], [76.6864371, 12.4277023], [76.6877675, 12.427367], [76.6885185, 12.4268746], [76.689291, 12.4264974], [76.6903317, 12.4262459], [76.6911042, 12.426005], [76.6915119, 12.4257849], [76.6919301, 12.4254731], [76.6931373, 12.4242866], [76.6938025, 12.4238832], [76.694119, 12.4237942], [76.6945642, 12.4236632], [76.6950792, 12.4234275], [76.6954923, 12.4230712], [76.696474, 12.4223902], [76.6971016, 12.4220759], [76.6978097, 12.4215101], [76.6982549, 12.4211695], [76.6986734, 12.4210386], [76.699242, 12.4209443], [76.6996604, 12.4208709], [76.7002022, 12.4206561], [76.7006099, 12.4206037], [76.7016452, 12.4204256], [76.7032117, 12.4203104], [76.7037928, 12.4203193], [76.7046118, 12.4201846], [76.7055345, 12.419996], [76.7062372, 12.419886], [76.7070955, 12.419886], [76.7086351, 12.4199122], [76.7098904, 12.4197655], [76.7104644, 12.419755], [76.7110598, 12.4197393], [76.7115104, 12.4197288], [76.71224, 12.4194617], [76.7130232, 12.4190216], [76.713683, 12.4186706], [76.7154264, 12.4175442], [76.7161989, 12.4172849], [76.7167059, 12.417036], [76.7170089, 12.4168448], [76.7173576, 12.4163655], [76.7180684, 12.4157551], [76.7186129, 12.4151422], [76.7194954, 12.4140289], [76.7200398, 12.4131566], [76.720646, 12.4121009], [76.721397, 12.4106497], [76.7221481, 12.4093242], [76.7222929, 12.408837], [76.722368, 12.408224], [76.722545, 12.4075272], [76.7226863, 12.4070385], [76.7228132, 12.406668]]}}, {"type": "Feature", "properties": {"waterbody": "Cauvery", "name": "Kaveri", "city": "Cauvery Basin", "country": "India", "osm_id": 128522904}, "geometry": {"type": "LineString", "coordinates": [[79.4046164, 10.9885182], [79.4071001, 10.9898579], [79.4095665, 10.9906384], [79.4104862, 10.9916765], [79.4110025, 10.9933757], [79.4112905, 10.9937849], [79.411605, 10.9940156], [79.4122059, 10.9943882], [79.4144011, 10.9952071], [79.4155298, 10.9952485], [79.4161243, 10.9954872], [79.4166347, 10.9966401], [79.4173371, 10.9976151], [79.4180286, 10.9981054], [79.4186652, 10.9981431], [79.4213323, 10.9974858], [79.4222737, 10.9976151], [79.4231433, 10.9981341], [79.4240653, 10.9984825], [79.4262191, 10.999194], [79.4278959, 10.9997323], [79.4292349, 11.0003033], [79.4309911, 11.001607], [79.4327472, 11.0021888], [79.4338228, 11.0023181], [79.4350521, 11.0028352], [79.4357426, 11.0032831], [79.4364156, 11.0044177], [79.437086, 11.0047771], [79.4462631, 11.0078044], [79.4479939, 11.0083241], [79.448871, 11.0084425], [79.4499417, 11.0088536], [79.4520001, 11.0106241], [79.4535198, 11.0103764], [79.4544698, 11.0106806], [79.4552173, 11.0113221], [79.4556474, 11.0133149], [79.456009, 11.0139203], [79.4591457, 11.0151556], [79.4604126, 11.0167958], [79.4619786, 11.0174354], [79.4631205, 11.0175332], [79.4650345, 11.017167], [79.465972, 11.0175097], [79.4666519, 11.0185432], [79.4671212, 11.0187773], [79.4684758, 11.0188687], [79.4701256, 11.0186164], [79.4713444, 11.0188036], [79.4722232, 11.019593], [79.4730463, 11.0198415], [79.4744782, 11.0195034], [79.4753156, 11.019064], [79.4760203, 11.019243], [79.4764763, 11.0200161], [79.4767996, 11.022075], [79.4771312, 11.0228318], [79.4776204, 11.023141], [79.4782702, 11.0233043], [79.4793531, 11.0229697], [79.4798023, 11.0229251], [79.4804977, 11.0230068], [79.481139, 11.0234746], [79.4815532, 11.0240254], [79.482036, 11.0252076], [79.4851392, 11.0284443], [79.4862413, 11.030067], [79.4889059, 11.0319238], [79.4899581, 11.0335769], [79.4911774, 11.0340258], [79.4932879, 11.0338186], [79.4959025, 11.0345781], [79.4966763, 11.0353722], [79.4967545, 11.0374828], [79.4974179, 11.0382658], [79.4982557, 11.0385689], [79.4989946, 11.0386068], [79.5000824, 11.0386556], [79.5006758, 11.0387356], [79.5017374, 11.0392322], [79.5028505, 11.0398613], [79.5050265, 11.0412019], [79.5067469, 11.0422204], [79.508556, 11.0423206], [79.510015, 11.0429077], [79.511857, 11.0426435], [79.5124015, 11.0427155], [79.5130299, 11.0433107], [79.5139396, 11.0444686], [79.5152818, 11.044755], [79.5163906, 11.0455425], [79.517193, 11.0466881], [79.5180392, 11.0476904], [79.5184915, 11.048435], [79.518725, 11.0493085], [79.519331, 11.0505592], [79.5217211, 11.0519014], [79.5226757, 11.051993], [79.5235338, 11.0524268], [79.5247122, 11.0529036], [79.5258148, 11.0531054], [79.5263261, 11.0533751], [79.5277267, 11.0542629], [79.5304007, 11.0556585], [79.531491, 11.0558843], [79.5325592, 11.0580515], [79.5331517, 11.0584568], [79.53357, 11.0589788], [79.5334363, 11.0595208], [79.5325231, 11.0607273], [79.5326109, 11.0613306], [79.5339127, 11.0616513], [79.5353857, 11.0618132], [79.5363341, 11.0627784], [79.5372706, 11.0629307], [79.5383275, 11.0637006], [79.540154, 11.0638643], [79.5423405, 11.0655448], [79.5429464, 11.0665617], [79.5428059, 11.0674235], [79.5434469, 11.0682336], [79.5446682, 11.0688278], [79.5455275, 11.0704611], [79.5460032, 11.0707961], [79.547897, 11.0709058], [79.5496356, 11.0724658], [79.551132, 11.0734469], [79.5535975, 11.076119], [79.5549004, 11.0765771], [79.5556865, 11.0765899], [79.5565734, 11.0767149], [79.5572584, 11.077038], [79.5585536, 11.0780937], [79.5609221, 11.0801746], [79.5619957, 11.0808047], [79.5628868, 11.0811795], [79.5648563, 11.0814464], [79.5679631, 11.0824913], [79.5690532, 11.0832487], [79.5710032, 11.0836154], [79.572021, 11.0835844], [79.5726973, 11.083194], [79.5751718, 11.0822024], [79.5764659, 11.0807022], [79.577895, 11.0807353], [79.5787727, 11.0804592], [79.5797066, 11.0797083], [79.580663, 11.0793881], [79.5816757, 11.0795316], [79.5824409, 11.0800065], [79.5832067, 11.080743], [79.5855353, 11.0814972], [79.5861992, 11.0814089], [79.5875382, 11.0808567], [79.5887872, 11.0807794], [79.5896416, 11.0810476], [79.5926202, 11.0825759], [79.5954626, 11.0842771], [79.5969591, 11.0854587], [79.5973305, 11.086294], [79.5979381, 11.0866292], [79.5994419, 11.0874905], [79.6006315, 11.0886384], [79.6020193, 11.0888329], [79.6026934, 11.0890664], [79.6032287, 11.0895528], [79.6044152, 11.0906727], [79.6050774, 11.0905937], [79.605754, 11.0904453], [79.6061034, 11.090331], [79.6064503, 11.0902848], [79.6071244, 11.0903213], [79.6075903, 11.0904623], [79.6079992, 11.090742], [79.6088914, 11.091187], [79.6099694, 11.0913427], [79.6110706, 11.0918629], [79.6117091, 11.0920212], [79.6122518, 11.0922157], [79.6128342, 11.092527], [79.6133075, 11.0929526], [79.6138379, 11.0932931], [79.6144748, 11.0934293], [79.6156723, 11.0938976], [79.6163582, 11.0940227], [79.6170482, 11.0939329], [79.6177996, 11.0937838], [79.6181527, 11.0937717], [79.6185051, 11.0938594], [79.6192285, 11.094227], [79.6198691, 11.0946944], [79.6205589, 11.0950973], [79.6212898, 11.09546], [79.6220617, 11.095742], [79.622731, 11.0961732], [79.6240955, 11.0970042], [79.6245048, 11.0970757], [79.6249319, 11.0970596], [79.6254262, 11.0969544], [79.6259194, 11.0969577], [79.6267632, 11.0975834], [79.6271492, 11.0979662], [79.6276131, 11.0981637], [79.6280936, 11.0983974], [79.6284713, 11.0987922], [79.6289107, 11.0990743], [79.6293693, 11.0993131], [79.6294609, 11.0995376], [79.6294978, 11.0998116], [79.6296916, 11.1002643], [79.6306927, 11.1012541], [79.6311731, 11.1017457], [79.6317597, 11.1021702], [79.6320395, 11.1023259], [79.6321997, 11.1023984], [79.6323649, 11.1024326], [79.6331173, 11.1023693], [79.6338493, 11.1023727], [79.6348009, 11.1028197], [79.6359437, 11.1029594], [79.6370783, 11.1039211], [79.6379768, 11.1040145], [79.6387335, 11.103953], [79.6404137, 11.1036071], [79.6409374, 11.1038248], [79.6413604, 11.1042156], [79.6422308, 11.1050617], [79.6432368, 11.1055291], [79.6442673, 11.1059278], [79.6453063, 11.106206], [79.6458278, 11.1062302], [79.6463, 11.1061295], [79.6479608, 11.1053944], [79.6487636, 11.1051061], [79.6496177, 11.1049368], [79.6503527, 11.1049409], [79.6506976, 11.1049812], [79.6510426, 11.1049686], [79.6518681, 11.1048592], [79.6529601, 11.1049086], [79.6540646, 11.1048522], [79.6551774, 11.1047998], [79.655781, 11.104824], [79.6563407, 11.1048868], [79.6603305, 11.1058957], [79.6610185, 11.1062001], [79.6624258, 11.1062915], [79.6629305, 11.1064249], [79.6633711, 11.1066744], [79.6638312, 11.1068553], [79.6641049, 11.1068763], [79.6643825, 11.106922], [79.6646076, 11.1069811], [79.6648017, 11.1070877], [79.6651997, 11.1073372], [79.6659606, 11.1078782], [79.6669428, 11.1083163], [79.6676494, 11.1084249], [79.6680881, 11.1086458], [79.6685816, 11.108812], [79.6694158, 11.1088058], [79.6702505, 11.108663], [79.6710968, 11.1085887], [79.671916, 11.1084458], [79.6735602, 11.1085754], [79.6736804, 11.1085849], [79.6745472, 11.1085372], [79.6753621, 11.1084819], [79.6759195, 11.1083791], [79.6764747, 11.1081372], [79.6768979, 11.1079656], [79.6771347, 11.1078706], [79.677618, 11.1078001], [79.6788894, 11.1084553], [79.6801881, 11.1091163], [79.6807801, 11.1094153], [79.6819467, 11.1093449], [79.6824883, 11.1095696], [79.6841421, 11.1096706], [79.6857785, 11.1097848], [79.6865627, 11.1102572], [79.6875699, 11.110248], [79.6885213, 11.1099639], [79.6890823, 11.1099353], [79.6899713, 11.1101848], [79.6910156, 11.1103506], [79.6915727, 11.1108344], [79.6919804, 11.111402], [79.6927588, 11.1115582], [79.6935585, 11.1115715], [79.6940962, 11.1113277], [79.6944922, 11.1113524]]}}, {"type": "Feature", "properties": {"waterbody": "Cauvery", "name": "Kaveripakkam River", "city": "Cauvery Basin", "country": "India", "osm_id": 164799248}, "geometry": {"type": "LineString", "coordinates": [[79.4601702, 12.9509509], [79.4608553, 12.9508731], [79.4635205, 12.9510257], [79.4642646, 12.9508243], [79.4648019, 12.9485884], [79.4647979, 12.9480598], [79.4661247, 12.9476014], [79.4659566, 12.9468887], [79.4663858, 12.9460522], [79.4678816, 12.9456475], [79.4683599, 12.9457594], [79.4694328, 12.9450484], [79.4694757, 12.9435845], [79.4699907, 12.9415351], [79.4711923, 12.939653], [79.4727373, 12.9388583], [79.4740479, 12.9373783], [79.4735527, 12.9366415], [79.4739818, 12.9361396], [79.4750547, 12.9355958], [79.4762992, 12.9340901], [79.4772863, 12.931706], [79.4780162, 12.9293609], [79.4780588, 12.9273978], [79.4785738, 12.9261848], [79.4786596, 12.9239261], [79.4781875, 12.9221693], [79.4795179, 12.9204125], [79.4806337, 12.9188648], [79.4814491, 12.9179027], [79.4824361, 12.9177354], [79.4841528, 12.9176099], [79.4864702, 12.9166897], [79.4881868, 12.9164805], [79.4905414, 12.9166292], [79.4917059, 12.9159786], [79.4933366, 12.916355], [79.4940233, 12.9173589], [79.495697, 12.9185302], [79.4977998, 12.9196595], [79.4993877, 12.9208726], [79.5010185, 12.9208726], [79.5035934, 12.9211654], [79.5053958, 12.9218765], [79.5055675, 12.9233405], [79.5059537, 12.9240515], [79.5074129, 12.9239261], [79.5081853, 12.924428], [79.5100307, 12.9235496], [79.5117473, 12.9237587], [79.5129919, 12.9240515], [79.5146226, 12.9237169], [79.5165109, 12.9238006], [79.5172834, 12.9243443], [79.5189142, 12.9239679], [79.520502, 12.9239679], [79.5222616, 12.9245535], [79.5237207, 12.9254319], [79.5253086, 12.9254319], [79.5265102, 12.926854], [79.5276689, 12.9278997], [79.5295143, 12.9279415], [79.5315313, 12.9281507], [79.5340204, 12.9284016], [79.5351362, 12.9279415], [79.5360374, 12.9279415], [79.537239, 12.9273559], [79.5393419, 12.9276069], [79.5407152, 12.9274396], [79.5415735, 12.926603], [79.542818, 12.9263939], [79.5439338, 12.9259338], [79.544835, 12.9254737], [79.5465087, 12.9258501], [79.5479679, 12.9253064], [79.5492553, 12.9257247], [79.5512294, 12.9250972], [79.5526886, 12.9260593], [79.5544052, 12.9268958], [79.5558214, 12.9274396], [79.5576667, 12.9274814], [79.5589113, 12.9282343], [79.5594692, 12.9299074], [79.5599842, 12.930493], [79.5613575, 12.930242], [79.5623874, 12.9307021], [79.5643186, 12.9312459], [79.5662927, 12.9323334], [79.5672798, 12.9332117], [79.5681381, 12.9341319], [79.5689964, 12.9341319], [79.5712709, 12.9344665], [79.5738458, 12.9340483], [79.5758199, 12.9340901], [79.5769357, 12.9348848], [79.5779657, 12.936767], [79.5787811, 12.9371434], [79.5810985, 12.9371016], [79.5852613, 12.9379381], [79.5871067, 12.9396948], [79.5895287, 12.9406803], [79.5912265, 12.9409496], [79.5929861, 12.9417024], [79.5948743, 12.9434591], [79.596076, 12.9442537], [79.5984363, 12.9445883], [79.6005392, 12.9473906], [79.602127, 12.9501091], [79.6028137, 12.9525767], [79.6049165, 12.9556716], [79.605174, 12.9582228], [79.6058178, 12.9617777], [79.6073198, 12.9651653], [79.6107101, 12.9681764], [79.6161174, 12.9727348], [79.6189069, 12.9767077], [79.6216106, 12.9798023], [79.6241426, 12.9839423], [79.6255588, 12.9882495], [79.6284198, 12.9914339], [79.6287668, 12.9937902], [79.6287078, 12.9962469], [79.6275115, 12.9981391], [79.6262294, 12.9995086], [79.626224, 13.0000208], [79.6274644, 13.0010088], [79.6283483, 13.0029792], [79.628976, 13.0036535], [79.62933, 13.0048557], [79.6292603, 13.0054411], [79.6286756, 13.0059272], [79.6285043, 13.0064857]]}}, {"type": "Feature", "properties": {"waterbody": "Cauvery", "name": "Kaveri", "city": "Cauvery Basin", "country": "India", "osm_id": 200172598}, "geometry": {"type": "LineString", "coordinates": [[75.678868, 12.3316143], [75.6790397, 12.331879], [75.6791094, 12.3322432], [75.6791496, 12.332576], [75.6790772, 12.3329402], [75.678927, 12.3333359], [75.6787419, 12.3336215], [75.678463, 12.3339045], [75.6782967, 12.3341639], [75.6782377, 12.3343525], [75.6782564, 12.3346041], [75.6783423, 12.3348504], [75.6784871, 12.3349788], [75.6787433, 12.3350522], [75.6789592, 12.3350443], [75.6793186, 12.3348766], [75.6800562, 12.334363], [75.6808609, 12.3337262], [75.6814536, 12.3331996], [75.6818989, 12.3328223], [75.6821617, 12.3325314], [75.6823736, 12.3322799], [75.6826124, 12.3319628], [75.6827894, 12.3315174], [75.6828511, 12.3312737], [75.6829235, 12.3311348], [75.6830576, 12.3309487], [75.6838569, 12.3303435], [75.684506, 12.3299137], [75.6851175, 12.329539], [75.6858149, 12.3289783], [75.6862387, 12.3286874], [75.6866759, 12.3282708], [75.686861, 12.3279537], [75.6871024, 12.3275554], [75.6874403, 12.3268479], [75.6877059, 12.3263029], [75.6878936, 12.3258548], [75.6880707, 12.3255823], [75.6882825, 12.3254486], [75.6885588, 12.3254486], [75.6892455, 12.3256163], [75.690085, 12.3259019], [75.6903881, 12.3260801], [75.6905329, 12.3263369], [75.6905195, 12.3267509], [75.6905436, 12.3272147], [75.690482, 12.3276969], [75.6903988, 12.3284096], [75.6905517, 12.3289599], [75.6907314, 12.3295652], [75.6909111, 12.3298272], [75.6911767, 12.3300238], [75.69152, 12.3301469], [75.6917238, 12.3300919], [75.6919384, 12.329864], [75.6920376, 12.3296176], [75.6921074, 12.3294473], [75.6923166, 12.3292665], [75.6926277, 12.3291355], [75.693183, 12.3291067], [75.6935639, 12.3292036], [75.6939152, 12.3292115], [75.6941619, 12.3290542], [75.6942961, 12.328863], [75.6943524, 12.3285721], [75.6943148, 12.3283808], [75.694178, 12.3282354], [75.6939487, 12.3280559], [75.6937623, 12.3280087], [75.6933841, 12.3280271], [75.6930247, 12.3280153], [75.6926894, 12.3279642], [75.6924883, 12.3278777], [75.6922093, 12.3276235], [75.6920028, 12.327351], [75.6918418, 12.3270706], [75.6917694, 12.3267811], [75.6918311, 12.3265177], [75.6919679, 12.3263317], [75.6923354, 12.3261221], [75.6930354, 12.3257762], [75.6933627, 12.3256137], [75.6939474, 12.3253883], [75.6943712, 12.3252311], [75.6947306, 12.3251027], [75.6949934, 12.3249586], [75.695157, 12.3246808], [75.6953663, 12.3240205], [75.6954762, 12.3234362], [75.6955996, 12.3230064], [75.6957793, 12.3226186], [75.69612, 12.3220919], [75.696592, 12.3216962], [75.6969729, 12.3213582], [75.6974101, 12.3210306], [75.6978178, 12.3208839], [75.6980404, 12.3206873], [75.6981558, 12.3203257], [75.6982174, 12.3197387], [75.698196, 12.3193692], [75.698078, 12.3189447], [75.697909, 12.3186722], [75.6976783, 12.3185228], [75.6972948, 12.3183315], [75.6969139, 12.3180852], [75.6966698, 12.3177419], [75.6965008, 12.3173987], [75.6961387, 12.3169244], [75.6958732, 12.3165627], [75.6957766, 12.3163164], [75.6957954, 12.3159941], [75.6959429, 12.3155512], [75.6962219, 12.3149433], [75.6965518, 12.314317], [75.6970292, 12.3138767], [75.6973055, 12.3134391], [75.6975335, 12.3133002], [75.6977802, 12.3132793], [75.6980216, 12.3133867], [75.6983381, 12.3140182], [75.6984991, 12.3143904], [75.6985849, 12.3149669], [75.6986654, 12.3151608], [75.6988397, 12.3153154], [75.6991187, 12.3154097], [75.6997088, 12.3155748], [75.7003283, 12.3156744], [75.7008031, 12.3157111], [75.7011142, 12.3156692], [75.7014146, 12.3155512], [75.7017446, 12.3152263], [75.7023668, 12.3145712], [75.7029783, 12.3139108], [75.7031661, 12.3135413], [75.7032076, 12.3132552], [75.7031473, 12.3127132], [75.7030991, 12.3121498], [75.7030508, 12.3118537], [75.7030025, 12.3113977], [75.7029569, 12.3111173], [75.7028469, 12.3109287], [75.7026136, 12.3108081], [75.7018599, 12.310588], [75.7012108, 12.3102342], [75.7009989, 12.3099931], [75.7009211, 12.3096551], [75.7009479, 12.3094035], [75.7011786, 12.3089056], [75.7013342, 12.3086488], [75.701471, 12.3085309], [75.7016748, 12.3084208], [75.7018062, 12.3083186], [75.7022247, 12.3079438], [75.7026082, 12.3075586], [75.7031018, 12.3070267], [75.703555, 12.3066807], [75.7038689, 12.3065209], [75.7041424, 12.3064292], [75.7045488, 12.3065117], [75.7047929, 12.306665], [75.7049163, 12.306758], [75.7050651, 12.3068301], [75.7053749, 12.3068969], [75.705568, 12.3069559], [75.7057115, 12.3070135], [75.7061353, 12.3073057], [75.7068086, 12.3078914], [75.7072055, 12.3082898], [75.7075301, 12.3086304], [75.70786, 12.3090786], [75.7082006, 12.3095555], [75.7084233, 12.309942], [75.70856, 12.3101739], [75.7087639, 12.3104334], [75.7090133, 12.3105985]]}}, {"type": "Feature", "properties": {"waterbody": "Cauvery", "name": "Kaveri", "city": "Cauvery Basin", "country": "India", "osm_id": 200172599}, "geometry": {"type": "LineString", "coordinates": [[75.7469746, 12.2821471], [75.7479107, 12.2814486], [75.7485062, 12.2810712], [75.7490855, 12.2806938], [75.7495952, 12.280264], [75.7499117, 12.2797766], [75.750086, 12.2792393], [75.7502255, 12.2785081], [75.7502201, 12.2779367], [75.7502013, 12.2773837], [75.7500941, 12.2767599], [75.7500297, 12.2762043], [75.749976, 12.2755465], [75.7499948, 12.2751638], [75.7500619, 12.2748493], [75.7502335, 12.2745243], [75.7507431, 12.274105], [75.7512689, 12.273801], [75.7517302, 12.2736332], [75.7520843, 12.2735808], [75.7523605, 12.2736778], [75.7526261, 12.2739372], [75.7527548, 12.2742911], [75.7527736, 12.2745558], [75.7525483, 12.2749175], [75.7520118, 12.275439], [75.7516471, 12.2760287], [75.7515078, 12.2763391], [75.7514459, 12.2766656], [75.7514164, 12.2772841], [75.7514754, 12.2778974], [75.7516363, 12.2783849], [75.7519287, 12.2788593], [75.7525268, 12.2794018], [75.7529318, 12.2796455], [75.753369, 12.2797346], [75.7537982, 12.2796481], [75.7542515, 12.2796612], [75.7546511, 12.2797844], [75.755091, 12.2801775], [75.7555094, 12.2806545], [75.7561666, 12.2809795], [75.7569471, 12.2811027], [75.7575721, 12.2812521], [75.7581165, 12.2814958], [75.7590151, 12.282151], [75.7595247, 12.2824288], [75.7599029, 12.2825206], [75.7602113, 12.2824157], [75.7604045, 12.2823319], [75.7605922, 12.2818208], [75.7607344, 12.2814329], [75.7608068, 12.281218], [75.7607907, 12.2809979], [75.7606834, 12.2807829], [75.7605064, 12.2806047], [75.7603508, 12.2804449], [75.7602864, 12.2802666], [75.7602918, 12.2800334], [75.7603535, 12.2797949], [75.7606137, 12.2794489], [75.7609946, 12.2789117], [75.7613647, 12.2784687], [75.7618958, 12.2779577], [75.7622096, 12.2776143], [75.7625114, 12.2773623], [75.7629794, 12.2771426], [75.7635748, 12.2770299], [75.7642132, 12.2770115], [75.7644922, 12.276967], [75.7656884, 12.2764061], [75.766249, 12.2761886], [75.7669357, 12.2760235], [75.7678771, 12.2758767], [75.7685611, 12.2758322], [75.7692075, 12.2758846], [75.7695025, 12.276034], [75.7700202, 12.2764428], [75.7703501, 12.2766708], [75.7707319, 12.2769129]]}}, {"type": "Feature", "properties": {"waterbody": "Cauvery", "name": "Kaveri", "city": "Cauvery Basin", "country": "India", "osm_id": 202521383}, "geometry": {"type": "LineString", "coordinates": [[77.8875914, 11.10585], [77.8876161, 11.1049261], [77.8876805, 11.1015571], [77.8876698, 11.0982302], [77.8874445, 11.0929766], [77.8876376, 11.0894706], [77.8877556, 11.087207], [77.8880238, 11.0858383], [77.8890216, 11.0833219], [77.8898821, 11.0803147], [77.891883, 11.07624], [77.8926802, 11.0753515], [77.8947723, 11.0741934], [77.8975478, 11.0733761], [77.9094279, 11.072435], [77.9137194, 11.0718664], [77.9168061, 11.0714071], [77.922163, 11.0712557], [77.9267549, 11.0713189], [77.9296088, 11.071003], [77.9316366, 11.0706556], [77.9330099, 11.0702976], [77.9374194, 11.0687393], [77.9388678, 11.0681812], [77.9399407, 11.068118], [77.9416466, 11.0685392], [77.942419, 11.068634], [77.946128, 11.0688275], [77.9475474, 11.0690762], [77.9499507, 11.0696237], [77.951324, 11.0696764], [77.9529226, 11.0693289], [77.955741, 11.0679852], [77.9572356, 11.0678337]]}}, {"type": "Feature", "properties": {"waterbody": "Cauvery", "name": "Kaveri", "city": "Cauvery Basin", "country": "India", "osm_id": 204433027}, "geometry": {"type": "LineString", "coordinates": [[77.0724286, 12.176279], [77.0734155, 12.1800924], [77.0740914, 12.1813718], [77.0747995, 12.1827037], [77.0751482, 12.1837157], [77.0751965, 12.1844655], [77.0750678, 12.1861749], [77.0751697, 12.1871345], [77.075631, 12.1884034], [77.0766073, 12.1898873], [77.0785171, 12.1916596], [77.0801103, 12.1921368], [77.0822185, 12.1922679], [77.0843589, 12.1917959], [77.0869929, 12.1911248], [77.0894766, 12.190354], [77.0939934, 12.1887967], [77.0957476, 12.1883877], [77.0984298, 12.1882723], [77.1014768, 12.1884034], [77.1052802, 12.1890117], [77.1073186, 12.189384], [77.1093839, 12.1904117], [77.1109343, 12.1915915], [77.1139598, 12.1938042], [77.1159017, 12.1948738], [77.1199465, 12.1959854], [77.1215987, 12.1968978], [77.1233797, 12.1985756], [77.1246135, 12.2009351], [77.127918, 12.2050248], [77.1282722, 12.2053969], [77.1287763, 12.2059266], [77.1303964, 12.206776], [77.1309274, 12.2072951], [77.1312064, 12.2078666], [77.1314156, 12.2084695], [77.1321773, 12.2122183], [77.1319842, 12.2143784], [77.1308255, 12.2166434], [77.1303749, 12.2179751], [77.1304607, 12.2194955], [77.1314692, 12.2213305], [77.1327031, 12.2241617], [77.1330678, 12.2260281], [77.1329391, 12.2276638], [77.1325743, 12.2289116], [77.1318214, 12.2300363], [77.130053, 12.2311764], [77.1274888, 12.2330847], [77.1262872, 12.2342696], [77.1247315, 12.2368594], [77.1239975, 12.2393876], [77.1239269, 12.2419446], [77.1246544, 12.2446827], [77.1263945, 12.2465474], [77.1288407, 12.2483403], [77.1309006, 12.2493154], [77.1344304, 12.2499444], [77.1377349, 12.2496718], [77.1394794, 12.2493656], [77.1437272, 12.2489723], [77.1484782, 12.2508095], [77.1500945, 12.2549088], [77.1513283, 12.2554645], [77.1518272, 12.2560254], [77.152487, 12.2562613], [77.153694, 12.2562351], [77.1554804, 12.2561407], [77.1581411, 12.2561932], [77.1600294, 12.2564815], [77.1616709, 12.2568851], [77.1628779, 12.2571787], [77.1649432, 12.2574513], [77.1671319, 12.2578706], [77.168988, 12.2590554], [77.1694171, 12.259632], [77.1697712, 12.261084], [77.1697712, 12.2626147], [77.1693742, 12.2638938], [77.1678454, 12.2664256], [77.167655, 12.2679603], [77.1676282, 12.2682092], [77.1675129, 12.268702], [77.16738, 12.269002], [77.1670971, 12.2693258], [77.1668047, 12.2700793], [77.1666706, 12.2708288], [77.1665847, 12.2715522], [77.1664721, 12.2722494], [77.1663594, 12.2727054], [77.1661556, 12.2730095], [77.1657211, 12.2733135], [77.165544, 12.273649], [77.1654099, 12.2744038], [77.1653537, 12.2749922], [77.1645409, 12.2774492], [77.1638195, 12.27928], [77.164793, 12.2806729], [77.1652973, 12.2813857], [77.1655601, 12.2817841], [77.1657747, 12.2822559], [77.1661073, 12.2826175], [77.1670407, 12.2831941], [77.1672767, 12.2833933], [77.167443, 12.2836396], [77.1675932, 12.2841743], [77.1678024, 12.2847561], [77.1684354, 12.2858411], [77.1687734, 12.2865173], [77.1690631, 12.2869156], [77.1695781, 12.2873926], [77.169857, 12.2878067], [77.1701038, 12.2883204], [77.1703774, 12.2894473], [77.1702594, 12.2899819], [77.1699375, 12.2904222], [77.1694869, 12.2908153], [77.1692133, 12.291177], [77.169098, 12.2914102], [77.1690121, 12.2916277], [77.1689746, 12.2918112], [77.1690202, 12.2923117], [77.1690094, 12.2925633], [77.1688807, 12.2927808], [77.1687868, 12.2931687], [77.1688277, 12.2933932], [77.1689558, 12.2937086], [77.1694922, 12.2948931]]}}, {"type": "Feature", "properties": {"waterbody": "Cauvery", "name": "Kaveri", "city": "Cauvery Basin", "country": "India", "osm_id": 204433029}, "geometry": {"type": "LineString", "coordinates": [[78.1940615, 10.9662097], [78.2007479, 10.9606366], [78.2083332, 10.9563706], [78.2105541, 10.9561073], [78.2122707, 10.9562548], [78.2137513, 10.9565602], [78.2148993, 10.9571185], [78.2167232, 10.9577926], [78.2177746, 10.9580665], [78.2194483, 10.958056], [78.2226133, 10.9576241], [78.2253384, 10.9574977], [78.2276988, 10.9577716], [78.2291043, 10.9582982], [78.2299089, 10.9590356], [78.2311309, 10.9601911], [78.2341361, 10.9619427], [78.2367325, 10.962996], [78.2423973, 10.9640914], [78.247633, 10.9647024], [78.2594991, 10.9660927], [78.2640695, 10.9678201], [78.2676315, 10.9688102], [78.2696056, 10.969084], [78.2722235, 10.9681361], [78.274219, 10.9664298], [78.2755065, 10.9660506], [78.2821584, 10.9655239], [78.2885313, 10.9640914], [78.2931447, 10.9625536], [78.298788, 10.9622587], [78.3014273, 10.9621955], [78.306942, 10.9619638], [78.3101821, 10.962364], [78.3155894, 10.962996], [78.3214044, 10.9633963], [78.329215, 10.9636912], [78.3394933, 10.9633963], [78.3457374, 10.9635016], [78.3503723, 10.9628275], [78.3583975, 10.9620691], [78.3656287, 10.9622587], [78.3712506, 10.9634805], [78.3733105, 10.9645338], [78.3766794, 10.9651447], [78.3804774, 10.9652079], [78.383975, 10.9643653], [78.3873009, 10.9619006], [78.3909702, 10.9601942], [78.3941889, 10.9595201], [78.4000039, 10.9588038], [78.4058833, 10.9583404], [78.4101748, 10.9581508], [78.4123421, 10.957919], [78.4138012, 10.9574556], [78.4156465, 10.9561073], [78.4174919, 10.9538321], [78.4201526, 10.950335], [78.4237146, 10.9466693], [78.4256673, 10.9445626], [78.4276199, 10.9434882], [78.4296369, 10.9429826], [78.4334349, 10.943446], [78.4345293, 10.9431932], [78.4355378, 10.9422452], [78.436954, 10.940328], [78.438735, 10.9391482], [78.439722, 10.9376314], [78.4410095, 10.9346186], [78.4417391, 10.9339023], [78.4442496, 10.9327436], [78.4461379, 10.9320694], [78.4502792, 10.9309317], [78.4536052, 10.9288038], [78.4545922, 10.9278346], [78.4558368, 10.9271394], [78.4566521, 10.9269498], [78.457725, 10.9265073], [78.4615659, 10.9248218], [78.4620809, 10.9245479], [78.4628105, 10.9236209], [78.4633469, 10.9230731], [78.4652138, 10.9221671], [78.4682393, 10.9214297], [78.4718442, 10.9212822], [78.4743547, 10.9216193], [78.476007, 10.9212401], [78.4774232, 10.9203131], [78.4789467, 10.9181851], [78.4811783, 10.9146876], [78.4821868, 10.9138448], [78.4833884, 10.9132338], [78.4868645, 10.9122646], [78.4907055, 10.9124963], [78.4954047, 10.911485], [78.4979152, 10.9106633], [78.500297, 10.9101365], [78.5019493, 10.9103683], [78.5034084, 10.9109582], [78.5047602, 10.9116325], [78.506155, 10.9119274], [78.5074854, 10.9115693], [78.508451, 10.9106843], [78.5099315, 10.9080506], [78.5107684, 10.9073131], [78.5114765, 10.907271], [78.513751, 10.9081138], [78.5193515, 10.909083]]}}, {"type": "Feature", "properties": {"waterbody": "Cauvery", "name": "Kaveri", "city": "Cauvery Basin", "country": "India", "osm_id": 206499320}, "geometry": {"type": "LineString", "coordinates": [[78.6916351, 10.8393651], [78.6942422, 10.8387328], [78.6951435, 10.8386169], [78.696152, 10.8388382], [78.6975145, 10.8391965], [78.6986518, 10.8393545], [78.6998641, 10.8393651], [78.7013554, 10.8396812], [78.7025142, 10.8401975], [78.7033296, 10.840461], [78.705014, 10.840756], [78.7057865, 10.8407982], [78.7074816, 10.8404715], [78.7088013, 10.8400395], [78.7103999, 10.8394388], [78.7117731, 10.8385537], [78.7128138, 10.8379636], [78.7139618, 10.8374894], [78.7142822, 10.8373644], [78.7162578, 10.8365937], [78.718307, 10.8360141], [78.719117, 10.8358772], [78.7197715, 10.8358772], [78.7202543, 10.8359351], [78.7207317, 10.8358666], [78.7213969, 10.8356032], [78.7222981, 10.8352554], [78.7229633, 10.835208], [78.7235159, 10.8353661], [78.7238914, 10.8356137], [78.7242508, 10.8359931], [78.7245941, 10.836246], [78.7248623, 10.8362881], [78.7251091, 10.8362038], [78.7254256, 10.8358192], [78.725844, 10.8353714], [78.726359, 10.8351395], [78.7268633, 10.83505], [78.7272978, 10.8350763], [78.7277216, 10.8352344], [78.7283546, 10.8356243], [78.7300712, 10.8360563], [78.7309992, 10.8365832], [78.7316966, 10.8371627], [78.7322599, 10.8373893], [78.733204, 10.8373261], [78.7343359, 10.8369941], [78.7355965, 10.8365463], [78.7367767, 10.8364356], [78.7379783, 10.8365568], [78.7386972, 10.836757], [78.7394053, 10.8370837], [78.7399256, 10.8374894], [78.740564, 10.8379847], [78.7417978, 10.8385906], [78.7427741, 10.8390226], [78.7434286, 10.8391543], [78.7440187, 10.8392702], [78.7443781, 10.8394283], [78.7447375, 10.8398761], [78.7450325, 10.8402924], [78.7452793, 10.8404978], [78.7456816, 10.8405979], [78.747071, 10.8407665], [78.7479186, 10.8409457], [78.7484068, 10.8409826], [78.7492114, 10.840893], [78.7500054, 10.8407876], [78.7509012, 10.8408614], [78.751561, 10.8408034], [78.7522638, 10.8406032], [78.7534976, 10.8400289], [78.7544042, 10.8396022], [78.7547421, 10.8392228], [78.7551391, 10.8385484], [78.755579, 10.8381058], [78.7560779, 10.8377528], [78.7567592, 10.8373524], [78.7577999, 10.8364409], [78.7596291, 10.8354978], [78.7603104, 10.8351237], [78.7604338, 10.8349394], [78.7604874, 10.834697], [78.7604284, 10.8343123], [78.7605196, 10.8340489], [78.7608093, 10.8337749], [78.7615067, 10.8336327], [78.7619197, 10.8335852], [78.7627029, 10.8332796], [78.7634379, 10.8330004], [78.7646717, 10.832326], [78.7649506, 10.8322417], [78.7651652, 10.832268], [78.7661415, 10.8325104], [78.766619, 10.8326052], [78.7669033, 10.8325736], [78.768003, 10.8320415], [78.7686682, 10.8316463], [78.76921, 10.8315778], [78.7696928, 10.8317148], [78.7708622, 10.8323734], [78.7717152, 10.8327791], [78.7729222, 10.8331953], [78.7738287, 10.8333481], [78.7746334, 10.8333218], [78.7755346, 10.8329582], [78.7763554, 10.8324314], [78.7776589, 10.8318254], [78.7796813, 10.8302132], [78.7806523, 10.8298444], [78.7815267, 10.8299813], [78.7823796, 10.830308], [78.7829268, 10.8304345], [78.7846649, 10.8304134], [78.7859952, 10.8308507], [78.7875187, 10.8315199], [78.7883502, 10.8323945], [78.7887955, 10.8326105], [78.7894446, 10.832621], [78.7899327, 10.8324524], [78.7906569, 10.8321785], [78.7911451, 10.8321574], [78.7921804, 10.8322996], [78.7934571, 10.8326948], [78.7960482, 10.8342017], [78.7980115, 10.8356453], [78.798902, 10.8361617], [78.8009512, 10.8362987], [78.8026035, 10.8358772], [78.8048565, 10.8354767], [78.8092339, 10.8339488], [78.8129246, 10.8327896], [78.8179296, 10.8312617]]}}, {"type": "Feature", "properties": {"waterbody": "Cauvery", "name": "Kaveri", "city": "Cauvery Basin", "country": "India", "osm_id": 206500965}, "geometry": {"type": "LineString", "coordinates": [[76.4483772, 12.4967118], [76.4487398, 12.4949378], [76.4489651, 12.4930419], [76.4495873, 12.4910936], [76.449995, 12.4892081], [76.450274, 12.4874064], [76.4512288, 12.4843686], [76.4523983, 12.4815613], [76.4541793, 12.4800109], [76.4582133, 12.478293], [76.4684486, 12.4765122], [76.4770746, 12.4746266], [76.4843273, 12.4714839], [76.4885981, 12.4682127], [76.4923095, 12.4627261], [76.496129, 12.4581585], [76.5005493, 12.4553508], [76.5081453, 12.4532346], [76.5180158, 12.4501545], [76.5221119, 12.4483643], [76.5334224, 12.4435333], [76.549344, 12.4371633], [76.5619182, 12.4319247], [76.5707738, 12.4265974], [76.5724486, 12.4257352]]}}, {"type": "Feature", "properties": {"waterbody": "Cauvery", "name": "Kaveri", "city": "Cauvery Basin", "country": "India", "osm_id": 232629623}, "geometry": {"type": "LineString", "coordinates": [[75.8070213, 12.2915308], [75.8079037, 12.2917771], [75.8085394, 12.2918557], [75.809108, 12.2919396], [75.8097008, 12.2920864], [75.8103392, 12.2924244], [75.8106342, 12.292773], [75.8106315, 12.2931844], [75.8104143, 12.2937531], [75.8099958, 12.2943664], [75.8098054, 12.2948853], [75.8096525, 12.2955771], [75.8095694, 12.2961642], [75.8094487, 12.2964393], [75.8089551, 12.2970185], [75.8086225, 12.2973435], [75.8081719, 12.2977156], [75.8077159, 12.2981873], [75.8073834, 12.2985935], [75.8071849, 12.299157], [75.8070937, 12.2996732], [75.8072171, 12.3001528], [75.8074397, 12.3003572], [75.8078447, 12.3004778], [75.8083999, 12.3003782], [75.8089954, 12.3002314], [75.8094889, 12.3001712], [75.8103821, 12.3002026], [75.8111438, 12.3003625], [75.8120987, 12.3007136], [75.8128899, 12.3010569], [75.8134451, 12.3013137], [75.8139172, 12.3017068], [75.8144426, 12.3022564], [75.8148158, 12.302666], [75.815202, 12.3031036], [75.815497, 12.3036277], [75.8156043, 12.3042698], [75.8156472, 12.3047258], [75.8156526, 12.3052185], [75.8157492, 12.3061461], [75.8157492, 12.3069166], [75.8158672, 12.3076399], [75.8159798, 12.3083002], [75.8161943, 12.3091431], [75.8165163, 12.3097258], [75.8170044, 12.3104753], [75.8173531, 12.3109051], [75.8178681, 12.3114606], [75.8183348, 12.3119376], [75.8195364, 12.3129229], [75.8206147, 12.3138296], [75.8214301, 12.3149931], [75.8218968, 12.315339], [75.8223957, 12.3154857], [75.8229751, 12.3154433], [75.8237743, 12.3150664], [75.8244073, 12.3147887], [75.8248633, 12.3144637], [75.8252817, 12.3140602], [75.8254963, 12.3136094], [75.8257431, 12.3132688], [75.8260757, 12.3128914], [75.826478, 12.3124564], [75.8269072, 12.3120895], [75.8273524, 12.3118485], [75.8281839, 12.3113506], [75.8289939, 12.3106063], [75.8296215, 12.3098569], [75.8303297, 12.30862], [75.8309144, 12.3075612], [75.8311021, 12.3066755], [75.8310217, 12.305926], [75.8306247, 12.3048883], [75.8299166, 12.3040602], [75.8292621, 12.3034627], [75.8279747, 12.3029333], [75.8268106, 12.3022781], [75.826478, 12.3017068], [75.826478, 12.3012561], [75.8266175, 12.3006219], [75.8267677, 12.2999248], [75.8270305, 12.299233], [75.8275509, 12.2987612], [75.8283663, 12.2984415], [75.8295304, 12.2983786], [75.8308124, 12.2985149], [75.8312148, 12.2985254], [75.8316653, 12.2986673], [75.8319417, 12.299115], [75.8320597, 12.2997912], [75.8320919, 12.3004122], [75.8322984, 12.3009128], [75.8326803, 12.3011314], [75.8331513, 12.3012089], [75.83361, 12.3011067], [75.8341518, 12.3011277], [75.8345139, 12.3012351], [75.8346936, 12.3014893], [75.8347982, 12.3020082], [75.8349591, 12.3024092], [75.8352891, 12.302818], [75.8358952, 12.3035413], [75.8362198, 12.3038584], [75.836724, 12.3040628], [75.8372632, 12.3041047], [75.8381054, 12.3040339], [75.8386096, 12.3039527], [75.839138, 12.3039553], [75.8395243, 12.3041204], [75.839771, 12.3043432], [75.8399159, 12.3045948], [75.8400661, 12.3051189], [75.8405489, 12.3062405], [75.8411685, 12.3073123], [75.8416405, 12.3077997], [75.8425176, 12.3083893], [75.8430675, 12.3087877], [75.8433625, 12.309089], [75.8438963, 12.3094533], [75.844481, 12.3097127], [75.8458704, 12.3100613], [75.846667, 12.3100586]]}}, {"type": "Feature", "properties": {"waterbody": "Cauvery", "name": "Kaveri", "city": "Cauvery Basin", "country": "India", "osm_id": 391935061}, "geometry": {"type": "LineString", "coordinates": [[76.913867, 12.2144414], [76.9161737, 12.212816], [76.9182336, 12.2120505], [76.9200468, 12.2118513], [76.923641, 12.2121659], [76.9292307, 12.2128055], [76.9361079, 12.2134557], [76.939924, 12.2142336], [76.9439292, 12.2157521], [76.9475984, 12.217713], [76.9500983, 12.2192439], [76.9536713, 12.2212492], [76.954933, 12.2217684], [76.9563276, 12.2221254], [76.9575893, 12.2222876], [76.9588637, 12.2220436], [76.95984, 12.2214459], [76.9611597, 12.221362], [76.9626188, 12.2218129], [76.9640243, 12.2225049], [76.9663417, 12.2236584], [76.9708371, 12.2255667], [76.9735783, 12.2270661], [76.9782419, 12.230238], [76.9821267, 12.2321201], [76.9826911, 12.2325744], [76.983156, 12.2331585], [76.983488, 12.2338074], [76.9836208, 12.2345213], [76.9839197, 12.2351703], [76.9846501, 12.236306], [76.9870076, 12.2385126], [76.9898733, 12.2400764], [76.9922205, 12.2403297], [76.9949432, 12.2404595], [76.99637, 12.240509], [77.0020518, 12.2409788], [77.0061553, 12.2417525], [77.0076719, 12.2419032], [77.0094179, 12.2419537], [77.0108127, 12.241693], [77.0120936, 12.2412488], [77.0141159, 12.2402798], [77.0162415, 12.2390508], [77.0184493, 12.2378956], [77.0216596, 12.23644], [77.0250236, 12.2350979], [77.0275926, 12.2339236], [77.0299923, 12.2324166], [77.0315623, 12.2311555], [77.0323241, 12.230432], [77.0329732, 12.2295722], [77.0346352, 12.2255262], [77.0351557, 12.2232941], [77.0352569, 12.221065], [77.0350664, 12.2198529], [77.0347854, 12.2188484], [77.034061, 12.2177307], [77.0307791, 12.2149761], [77.0291483, 12.2138541], [77.0259619, 12.2121449], [77.0246031, 12.2115109], [77.0236136, 12.2110491], [77.0208549, 12.2100058], [77.0192563, 12.2095758], [77.0173573, 12.2089152], [77.0163274, 12.2080239], [77.0152867, 12.206042], [77.0143211, 12.2037664], [77.0139134, 12.2020886], [77.0134628, 12.2008879], [77.0129585, 12.199813], [77.0122719, 12.1981352], [77.0117569, 12.1963629], [77.0110702, 12.1936888], [77.010287, 12.1904379], [77.0093341, 12.1875226], [77.0090479, 12.1857974], [77.0089245, 12.1840198], [77.0088816, 12.1822318], [77.008917, 12.1816942], [77.0092777, 12.1799775], [77.0094287, 12.1790541], [77.0094341, 12.178063], [77.0093268, 12.1775072], [77.0089053, 12.1764235], [77.0088494, 12.1760442], [77.0089406, 12.1754412], [77.0093038, 12.1748656], [77.0105284, 12.1734538], [77.0111185, 12.1728141], [77.0120668, 12.1722204], [77.015233, 12.1708371], [77.0175397, 12.1702184], [77.0201898, 12.1700191], [77.0224857, 12.1704491], [77.0245027, 12.1713301], [77.0266378, 12.1719908], [77.0286377, 12.1721852], [77.0309186, 12.1720852], [77.0329785, 12.1724103], [77.0345148, 12.1728668], [77.0358097, 12.1732887], [77.037171, 12.1734834], [77.0378019, 12.173451], [77.0386259, 12.1733182], [77.0396945, 12.1729641], [77.0439005, 12.1713196], [77.0452201, 12.1708686], [77.0461643, 12.1703547], [77.0467973, 12.1698513], [77.0488036, 12.1685089], [77.0498979, 12.1681208], [77.0513356, 12.1678691], [77.0547366, 12.1673867], [77.0583401, 12.1674895], [77.0608306, 12.1681628], [77.0634162, 12.1692954], [77.0649505, 12.1702918], [77.0675254, 12.1715922], [77.0696819, 12.1728822], [77.0710015, 12.1740044], [77.0717096, 12.1749588], [77.0724286, 12.176279]]}}, {"type": "Feature", "properties": {"waterbody": "Cauvery", "name": "Kaveri", "city": "Cauvery Basin", "country": "India", "osm_id": 409592619}, "geometry": {"type": "LineString", "coordinates": [[77.7736866, 12.1092253], [77.7732253, 12.1083651], [77.7723563, 12.1075364], [77.7708757, 12.1073476], [77.7699208, 12.1073266], [77.768807, 12.1070237], [77.7677204, 12.1062188], [77.7672708, 12.1055433], [77.7667655, 12.1045125], [77.7665351, 12.1038686], [77.7661013, 12.1032354], [77.7655542, 12.1026584], [77.7649748, 12.1018402], [77.7644062, 12.1010744], [77.7602789, 12.0903784], [77.7573413, 12.0829148], [77.7568477, 12.0817136], [77.756322, 12.0806592], [77.7558017, 12.0798094], [77.7551418, 12.0789334], [77.7543318, 12.0781413], [77.7528673, 12.0771551], [77.7486348, 12.0743644], [77.7455933, 12.0717036], [77.7421546, 12.0694543], [77.7399874, 12.0683632], [77.7373615, 12.0664551], [77.7336573, 12.064775], [77.730348, 12.0636859], [77.7292371, 12.0631593], [77.7278209, 12.0624039], [77.7263296, 12.0608615], [77.7237278, 12.0570922], [77.7226496, 12.0554371], [77.7208042, 12.0523524], [77.7168149, 12.0451702], [77.7152681, 12.0426993], [77.7137875, 12.0407266], [77.7126932, 12.0393835], [77.7114057, 12.0384392], [77.709732, 12.0366554], [77.7083373, 12.0346617], [77.704668, 12.0285127], [77.700355, 12.0212723], [77.6980376, 12.0182291], [77.6975724, 12.017554], [77.696042, 12.0153328], [77.6928448, 12.008218], [77.6885533, 11.9983114], [77.684412, 11.9886563], [77.6816869, 11.9820655], [77.6781583, 11.9745735], [77.6763868, 11.9703107], [77.6749921, 11.9666583], [77.6741123, 11.9638244], [77.6736402, 11.9617462], [77.6735759, 11.959773], [77.6741767, 11.9562254], [77.6745844, 11.9540212], [77.6757538, 11.9519849], [77.6784253, 11.9507044], [77.681365, 11.949004], [77.6838541, 11.9466108], [77.6859998, 11.9447424], [77.6879096, 11.9432939], [77.6894758, 11.9423307], [77.6906132, 11.9418663], [77.6919671, 11.9416474], [77.6933641, 11.9417613], [77.6986027, 11.9428774], [77.7014708, 11.9434828], [77.7032518, 11.9434828], [77.7046895, 11.9432099], [77.7069211, 11.9421917], [77.7086592, 11.941394], [77.7104938, 11.9409426], [77.7131653, 11.9407537], [77.7161479, 11.9406802], [77.7199459, 11.9403338], [77.7211261, 11.9402603], [77.7219307, 11.9404283], [77.7226603, 11.9408272], [77.723422, 11.9410371], [77.724055, 11.9409951], [77.7264905, 11.9405857], [77.728529, 11.9403233], [77.7302778, 11.9402078], [77.73193, 11.9403338], [77.7336573, 11.9407222], [77.7355349, 11.9409741], [77.7369511, 11.9407117], [77.7380991, 11.9400924], [77.738539, 11.9394521], [77.7388394, 11.9383394], [77.7389896, 11.9371533], [77.7389789, 11.9356627], [77.739011, 11.9349175], [77.7391075, 11.9340518]]}}, {"type": "Feature", "properties": {"waterbody": "Cauvery", "name": "Kaveri", "city": "Cauvery Basin", "country": "India", "osm_id": 431410161}, "geometry": {"type": "LineString", "coordinates": [[75.9308857, 12.4406311], [75.9306496, 12.4412336], [75.9306872, 12.4417417], [75.9309447, 12.442166], [75.9315079, 12.4424122], [75.9320658, 12.4425484], [75.9325433, 12.4425065], [75.9331065, 12.4422917], [75.9333909, 12.442056], [75.9336162, 12.4417941], [75.933879, 12.4416945], [75.9342384, 12.4417888], [75.9347212, 12.4422813], [75.935381, 12.4428837], [75.9361374, 12.4433447], [75.936572, 12.4435961], [75.9367973, 12.4438528], [75.9369651, 12.4442319], [75.9370118, 12.4450733], [75.9370387, 12.4454086], [75.9371459, 12.4457229], [75.9374245, 12.4459231], [75.9378664, 12.445949], [75.9387146, 12.44588], [75.9392059, 12.4458853], [75.9395546, 12.4460529], [75.9397343, 12.446286], [75.9400025, 12.4465191], [75.9403582, 12.4466738], [75.9406945, 12.4467444], [75.9410566, 12.4467417], [75.9413449, 12.4467077], [75.9415917, 12.4466212], [75.9420249, 12.4463515]]}}, {"type": "Feature", "properties": {"waterbody": "Cauvery", "name": "Kaveri River காவிரி ஆறு", "city": "Cauvery Basin", "country": "India", "osm_id": 456753320}, "geometry": {"type": "LineString", "coordinates": [[77.8118732, 11.8210056], [77.8071475, 11.8140118], [77.8038645, 11.8102102], [77.8015339, 11.8072337], [77.8012866, 11.8068893], [77.8011471, 11.8067278], [77.80101, 11.8065053], [77.8007632, 11.8060643], [77.8007203, 11.8056652], [77.8007632, 11.8050456], [77.8011709, 11.804363], [77.8016859, 11.8039639], [77.8035205, 11.8031447], [77.8043252, 11.8022941], [77.8051084, 11.8007293], [77.8064173, 11.7991329], [77.8083354, 11.7974992]]}}, {"type": "Feature", "properties": {"waterbody": "Cauvery", "name": "Kaveri        காவிரி", "city": "Cauvery Basin", "country": "India", "osm_id": 456753360}, "geometry": {"type": "LineString", "coordinates": [[77.8156555, 11.7995939], [77.8163351, 11.7987195], [77.8169693, 11.7979135], [77.8173382, 11.7967382], [77.8178885, 11.7957296], [77.8184957, 11.7947791], [77.8190536, 11.7935608], [77.8193969, 11.7924686], [77.8192896, 11.790116], [77.8189677, 11.7873643], [77.8177875, 11.7844656], [77.8156632, 11.7812098], [77.814247, 11.7799284], [77.8130025, 11.7792352], [77.8107923, 11.7761053], [77.8074664, 11.7726603], [77.8060073, 11.7706857], [77.8049344, 11.7685431], [77.8042263, 11.7662533], [77.8034109, 11.7659172], [77.8000688, 11.7663111], [77.7982878, 11.7661588]]}}, {"type": "Feature", "properties": {"waterbody": "Cauvery", "name": "Kaveri", "city": "Cauvery Basin", "country": "India", "osm_id": 530070995}, "geometry": {"type": "LineString", "coordinates": [[75.7707319, 12.2769129], [75.770967, 12.2772867], [75.7711279, 12.2776065], [75.771203, 12.2780258], [75.7713425, 12.2784399], [75.7717878, 12.2794778], [75.7720238, 12.2800858], [75.772284, 12.2809192], [75.7726568, 12.2816216], [75.7731289, 12.2823502], [75.7732791, 12.2830945], [75.773381, 12.2836606], [75.7734507, 12.2838598], [75.7736224, 12.2841324], [75.7738048, 12.2843315], [75.7741749, 12.2845936], [75.7749635, 12.2848347], [75.7761437, 12.2850758], [75.7767472, 12.2852907], [75.7768759, 12.285427], [75.776943, 12.2855764], [75.7770395, 12.2859302], [75.7770824, 12.2862552], [75.7771575, 12.2866116], [75.7774579, 12.2875184], [75.7777959, 12.2882732], [75.7786596, 12.2896045], [75.7793516, 12.2909725], [75.7800275, 12.2925817], [75.7803333, 12.2934989], [75.7806444, 12.2941069], [75.7819158, 12.2959047], [75.7822698, 12.296366], [75.7826132, 12.2967329], [75.7829297, 12.2969477], [75.7834768, 12.2970631], [75.785054, 12.297105], [75.7859605, 12.2971522], [75.7865775, 12.2973408], [75.7870173, 12.2976239], [75.7876342, 12.2981061], [75.7885033, 12.2988346], [75.7891524, 12.2994164], [75.7898122, 12.3004385], [75.7900429, 12.3011618], [75.7902414, 12.301623], [75.7903755, 12.301885], [75.7906276, 12.3022939], [75.7907993, 12.3024721], [75.7909897, 12.302611], [75.7912579, 12.3026922], [75.7915771, 12.3026765], [75.7921457, 12.3025926], [75.7938838, 12.3021838], [75.7944324, 12.3019791], [75.7959008, 12.3012089], [75.7962227, 12.3010307], [75.7964104, 12.3008787], [75.7966143, 12.3005734], [75.7969201, 12.3000611], [75.7974458, 12.2989237], [75.7979393, 12.298072], [75.7981431, 12.297789], [75.7985938, 12.2975322], [75.7995111, 12.2972989], [75.80082, 12.2971888], [75.8015227, 12.29705], [75.801917, 12.2968822], [75.8023301, 12.2966097], [75.8029443, 12.2961353], [75.8037007, 12.2952679], [75.803867, 12.294956], [75.8039099, 12.2946389], [75.8039287, 12.2941646], [75.8039609, 12.2930744], [75.8040681, 12.2925371], [75.8041486, 12.2920733], [75.8043498, 12.2916303], [75.8046958, 12.291253], [75.8048648, 12.2911298], [75.8051115, 12.2910485], [75.8053583, 12.2910354], [75.8055863, 12.2910748], [75.8070213, 12.2915308]]}}, {"type": "Feature", "properties": {"waterbody": "Cauvery", "name": "Kaveri", "city": "Cauvery Basin", "country": "India", "osm_id": 530098598}, "geometry": {"type": "LineString", "coordinates": [[75.6287482, 12.3316589], [75.6290674, 12.3312999], [75.6293303, 12.330933], [75.6295502, 12.3304954], [75.629746, 12.3294787], [75.6299016, 12.3290097], [75.6301215, 12.3285642], [75.6302248, 12.328407], [75.6303039, 12.3283389], [75.6306083, 12.3282878], [75.6307451, 12.328221], [75.6308605, 12.3281214], [75.6310925, 12.327841], [75.631358, 12.3276707], [75.631873, 12.3275502], [75.6321439, 12.3275135], [75.6324309, 12.3274951], [75.632785, 12.3275685], [75.6331417, 12.3277703], [75.6335507, 12.3280244], [75.6337237, 12.3282039], [75.6337908, 12.3284018], [75.6337948, 12.3285708], [75.6337532, 12.3286808], [75.6335829, 12.3288223], [75.633253, 12.3290136], [75.6323424, 12.3294997], [75.6317443, 12.3297906], [75.6315538, 12.3299216], [75.6315109, 12.3300631], [75.6315511, 12.3302072], [75.6316745, 12.3303408], [75.6319508, 12.3305465], [75.6322592, 12.3306684], [75.6323504, 12.3307286], [75.6325221, 12.3308885], [75.6326804, 12.3311178], [75.6328131, 12.3313693], [75.6328775, 12.331554], [75.6328547, 12.3316772], [75.6327769, 12.3318187], [75.6325892, 12.3321227], [75.632447, 12.3324004], [75.6323531, 12.3327044], [75.6323129, 12.3329507], [75.6323478, 12.3332284], [75.6324537, 12.3336896], [75.632565, 12.3340224], [75.6329861, 12.3349526], [75.6331176, 12.3351989], [75.6333777, 12.3355107], [75.6336138, 12.3357229], [75.6340483, 12.3359955], [75.6341636, 12.3361029], [75.6342199, 12.3362365], [75.6343111, 12.3367396], [75.6344184, 12.3369597], [75.6345686, 12.3371143], [75.6348073, 12.3371851], [75.635089, 12.3371012], [75.6353116, 12.336944], [75.63584, 12.3362575], [75.6361136, 12.3357989], [75.6362209, 12.3355081], [75.6363228, 12.3348687], [75.6364676, 12.3345936], [75.6366768, 12.3343421], [75.6367895, 12.33408], [75.6368217, 12.3337184], [75.6368136, 12.3333568], [75.6368566, 12.3331079], [75.6369746, 12.332893], [75.6372012, 12.3326467], [75.6375131, 12.3322566], [75.6379241, 12.3319025], [75.6381574, 12.3316562], [75.6383881, 12.3314178], [75.638828, 12.3310221], [75.6390506, 12.3308518], [75.6392571, 12.3307496], [75.6401315, 12.3306029], [75.6403863, 12.3306264], [75.6405955, 12.3307155], [75.6407243, 12.3308728], [75.6408665, 12.331085], [75.6410113, 12.3313235], [75.6411642, 12.3315436], [75.6413385, 12.3318082], [75.641486, 12.3320676], [75.6415933, 12.3322275], [75.6418079, 12.3323821], [75.6420895, 12.3325], [75.64239, 12.3325891], [75.6426904, 12.3325917], [75.6429666, 12.3325], [75.6434199, 12.3322144], [75.6435111, 12.3320676], [75.6436479, 12.3316353], [75.6440207, 12.3306029], [75.6443292, 12.3295705], [75.6444687, 12.3286979], [75.6445679, 12.3275711], [75.644635, 12.3271466], [75.6447986, 12.3267326], [75.6450266, 12.3263946], [75.6452545, 12.326198], [75.6453672, 12.3261456], [75.6454879, 12.3261221], [75.6457266, 12.3261614], [75.6461719, 12.3263684], [75.6465501, 12.3266959], [75.646778, 12.3270182], [75.6470355, 12.3275633], [75.647116, 12.3279065], [75.6470919, 12.3281738], [75.6470033, 12.3285013], [75.6468719, 12.3291198], [75.6469041, 12.3292953], [75.647006, 12.3294814], [75.6471723, 12.3297447], [75.6473561, 12.3300342], [75.647572, 12.3301902], [75.6477946, 12.3302517], [75.648087, 12.3302439], [75.6489828, 12.3298849], [75.6493637, 12.3296988], [75.6494898, 12.3296464], [75.6496426, 12.3296491], [75.6497312, 12.3297224], [75.6500101, 12.330029], [75.6503078, 12.3302203], [75.6507879, 12.3305478], [75.6513861, 12.3309985], [75.6520513, 12.3314545], [75.6524348, 12.3318685], [75.6528291, 12.3322144], [75.6530625, 12.3323716], [75.653438, 12.3325498], [75.6540066, 12.3329271], [75.6542587, 12.3331367], [75.6547523, 12.3335638], [75.6550553, 12.3338468], [75.6552377, 12.3340093], [75.6555301, 12.3342268], [75.6557098, 12.3342661], [75.6558841, 12.334253], [75.6560397, 12.3341822], [75.6563106, 12.3339543], [75.6564233, 12.333666], [75.6563508, 12.3329716], [75.6560639, 12.3317637], [75.6560612, 12.3315488], [75.6561121, 12.3314047], [75.6562597, 12.3312108], [75.6565332, 12.3310221], [75.6573808, 12.3306238], [75.6581506, 12.3302439], [75.6585932, 12.3299766], [75.6589338, 12.3298194], [75.6591618, 12.3297775], [75.6595722, 12.3297827], [75.6600764, 12.3297303], [75.661836, 12.3294761], [75.6627533, 12.3293844], [75.6634587, 12.3294132], [75.6638074, 12.3294552], [75.6642714, 12.329484], [75.664435, 12.3294604], [75.6645986, 12.3293634], [75.6646818, 12.3292246], [75.6646737, 12.3290411], [75.664596, 12.3287346], [75.6644753, 12.3284856]]}}, {"type": "Feature", "properties": {"waterbody": "Cauvery", "name": "Kaveri", "city": "Cauvery Basin", "country": "India", "osm_id": 537243322}, "geometry": {"type": "LineString", "coordinates": [[75.9116811, 12.4071447], [75.9114745, 12.4073491], [75.9113699, 12.4076503], [75.9113029, 12.4079437], [75.9114048, 12.4082554], [75.9116435, 12.4085226], [75.9118259, 12.4086693], [75.9120244, 12.4087846], [75.912255, 12.4088003], [75.9126306, 12.408706], [75.9129202, 12.4086798], [75.9132367, 12.4086798], [75.9136766, 12.4087322], [75.9151089, 12.4094238]]}}, {"type": "Feature", "properties": {"waterbody": "Cauvery", "name": "Kaveri", "city": "Cauvery Basin", "country": "India", "osm_id": 537243323}, "geometry": {"type": "LineString", "coordinates": [[75.9151089, 12.4094238], [75.9152322, 12.4100525], [75.9153718, 12.410482], [75.9155596, 12.4109274], [75.9158492, 12.4115089], [75.9160262, 12.4123105], [75.9161174, 12.4127034], [75.9162193, 12.4133792], [75.9163038, 12.413856], [75.9163615, 12.4140944], [75.9164594, 12.4142214], [75.9166002, 12.4142856], [75.9169999, 12.4143773], [75.9171729, 12.4144768], [75.9172708, 12.4146576], [75.9173566, 12.414909], [75.9175068, 12.4151186], [75.9180164, 12.4156111]]}}, {"type": "Feature", "properties": {"waterbody": "Cauvery", "name": "Kaveri", "city": "Cauvery Basin", "country": "India", "osm_id": 537243324}, "geometry": {"type": "LineString", "coordinates": [[75.9126037, 12.3894464], [75.9116811, 12.3906514], [75.9110427, 12.3916626], [75.9106564, 12.3923962], [75.9103507, 12.3930878], [75.9100932, 12.3936641], [75.9099376, 12.3942981], [75.9096694, 12.3958123], [75.9093314, 12.3971954], [75.9091383, 12.3979656], [75.9088486, 12.3991078], [75.9088433, 12.3995793], [75.9089398, 12.4001295], [75.90909, 12.4007477]]}}, {"type": "Feature", "properties": {"waterbody": "Cauvery", "name": "Kaveri", "city": "Cauvery Basin", "country": "India", "osm_id": 537243325}, "geometry": {"type": "LineString", "coordinates": [[75.9041709, 12.3711442], [75.9042728, 12.3720769], [75.9046054, 12.3727109], [75.9049702, 12.373172], [75.9053993, 12.3736279], [75.9057641, 12.3738689], [75.9065473, 12.3743247], [75.9070462, 12.3746077], [75.9073493, 12.3747649], [75.9075746, 12.3749168], [75.9078348, 12.375129], [75.9080172, 12.3753151], [75.9085321, 12.3757342], [75.9087789, 12.3759281], [75.9092081, 12.3761639], [75.9093904, 12.3762897], [75.9097713, 12.3765333], [75.9099832, 12.3766879], [75.9101817, 12.3768346], [75.9104902, 12.3772119], [75.9106672, 12.3774293], [75.9109354, 12.3776598], [75.9112492, 12.3778301], [75.9116515, 12.37799], [75.9120056, 12.3780109]]}}, {"type": "Feature", "properties": {"waterbody": "Cauvery", "name": "Kaveri", "city": "Cauvery Basin", "country": "India", "osm_id": 537243326}, "geometry": {"type": "LineString", "coordinates": [[75.9007886, 12.3590817], [75.9007215, 12.3596005], [75.9006277, 12.3602346], [75.900389, 12.3611961], [75.9000322, 12.362176], [75.8996111, 12.3630432], [75.8990532, 12.3639759], [75.8984604, 12.3650187], [75.8982405, 12.3656344], [75.8981949, 12.3661348], [75.8982861, 12.3664964], [75.8986884, 12.367154], [75.8994824, 12.3677802], [75.9004426, 12.3682386], [75.9016845, 12.3684875], [75.9025374, 12.3686474], [75.9030148, 12.3689644], [75.9035432, 12.3697818], [75.9041709, 12.3711442], [75.904879, 12.3718463], [75.9056997, 12.3723389], [75.906617, 12.3726454], [75.9076202, 12.3728419], [75.9087038, 12.3730986], [75.9095246, 12.3734471], [75.9099135, 12.3738322], [75.9100315, 12.374233], [75.9100395, 12.3748042], [75.9100315, 12.3752993], [75.9101361, 12.3758914], [75.9102997, 12.3762661], [75.9107906, 12.3768503], [75.9110615, 12.3771359], [75.9115335, 12.377597], [75.9120056, 12.3780109], [75.9123731, 12.3784222], [75.9125501, 12.378768], [75.9127191, 12.3789907], [75.9130329, 12.3791689], [75.9134567, 12.3793051], [75.9139582, 12.3795854], [75.9142935, 12.3799732], [75.9144464, 12.3806203], [75.914433, 12.3813774], [75.9145135, 12.381925], [75.9146798, 12.3824044], [75.9148541, 12.3832584], [75.9147897, 12.3837248], [75.914441, 12.3845369], [75.9140816, 12.3850609], [75.9138375, 12.385611], [75.91366, 12.3860724], [75.9134647, 12.3865803], [75.9130865, 12.3880841], [75.9126037, 12.3894464], [75.9119278, 12.3911701], [75.9116864, 12.3921761], [75.911445, 12.3928992], [75.9113002, 12.3938684], [75.9113538, 12.3948954], [75.9113914, 12.3956865], [75.9112734, 12.3960899], [75.9109729, 12.3963938], [75.9104633, 12.3967239], [75.9102112, 12.3970854], [75.9095031, 12.3991916], [75.90909, 12.4007477], [75.9092081, 12.4012716], [75.9095299, 12.4022461], [75.9099859, 12.4032678], [75.910179, 12.4035978], [75.9102863, 12.4041427], [75.9103131, 12.4046823], [75.9104848, 12.4053425], [75.9107262, 12.405924], [75.9111768, 12.4065632], [75.9116811, 12.4071447], [75.9119171, 12.4073334], [75.9124803, 12.4077315], [75.9132153, 12.4079882], [75.9137249, 12.4081716], [75.9141219, 12.408431], [75.9151089, 12.4094238], [75.9156669, 12.4097014], [75.916214, 12.4101834], [75.9168953, 12.4111317], [75.9173083, 12.4118494], [75.9179413, 12.4127191], [75.9181291, 12.4130859], [75.9182417, 12.4135312], [75.918172, 12.4140708], [75.9180272, 12.4145056], [75.9179521, 12.4149562], [75.9180164, 12.4156111], [75.9186548, 12.4164283], [75.9191483, 12.4168632], [75.9198993, 12.4178062], [75.9207684, 12.419053], [75.9214389, 12.4201427], [75.9220558, 12.4210857], [75.9224796, 12.4215258], [75.9230536, 12.4221963], [75.923472, 12.4230712], [75.9234667, 12.4240823], [75.923118, 12.4254654], [75.9225655, 12.4270108], [75.922147, 12.4287029], [75.9220773, 12.4296144], [75.9221524, 12.4304421], [75.9223133, 12.4311232], [75.9225118, 12.4317047], [75.922898, 12.4323071], [75.9233487, 12.4327891], [75.9237134, 12.4330929], [75.9241962, 12.4332867], [75.9244966, 12.4334072], [75.9248561, 12.4336587], [75.9250116, 12.4340201], [75.925312, 12.4364246], [75.9254676, 12.4368437], [75.925646, 12.4371988], [75.9261382, 12.4378128], [75.9266531, 12.4382214], [75.9274149, 12.4385986], [75.9279782, 12.438892], [75.9283054, 12.4391853], [75.9286487, 12.4397144], [75.9287104, 12.4401021], [75.9288311, 12.4405657], [75.9289652, 12.4407464], [75.9291851, 12.4407962], [75.9295124, 12.4407621], [75.9301507, 12.4406259], [75.9308857, 12.4406311]]}}, {"type": "Feature", "properties": {"waterbody": "Cauvery", "name": "Kaveri", "city": "Cauvery Basin", "country": "India", "osm_id": 537243327}, "geometry": {"type": "LineString", "coordinates": [[75.8861464, 12.3227758], [75.8854973, 12.3233104], [75.8846283, 12.324369], [75.8837807, 12.3259937], [75.8834803, 12.3266907], [75.8832067, 12.3271938], [75.8826542, 12.3277126], [75.8805191, 12.3293687], [75.8802777, 12.3295364], [75.8797949, 12.3300185], [75.8793551, 12.330485], [75.8789205, 12.3313968], [75.8789259, 12.3318265], [75.8790332, 12.3322615], [75.8793122, 12.3328537], [75.8797574, 12.3334302], [75.8838451, 12.3368156], [75.8843225, 12.3374602], [75.8843923, 12.3380157], [75.8843172, 12.338393], [75.8840811, 12.3387232], [75.8835769, 12.3393311], [75.8834857, 12.3396612], [75.8834588, 12.3400071], [75.8835661, 12.3403582], [75.8843386, 12.3414587], [75.8847128, 12.3417679], [75.8849891, 12.3418727], [75.8852318, 12.3418517], [75.8855148, 12.3417142], [75.8858098, 12.3414469], [75.8863798, 12.3409818], [75.8869323, 12.3407303], [75.8876055, 12.3406936], [75.8885416, 12.3407617], [75.889357, 12.3409006], [75.8900142, 12.3409373], [75.8911541, 12.3410185], [75.8922404, 12.3408822], [75.8930343, 12.3407617], [75.8932596, 12.3407696], [75.8934635, 12.3408141], [75.8935694, 12.3408718], [75.8936606, 12.3409491], [75.8937585, 12.3410938], [75.8938698, 12.3413296], [75.8937988, 12.3417626], [75.8935305, 12.3421845], [75.8934313, 12.3425539], [75.893442, 12.34285], [75.8933991, 12.3431199], [75.8932918, 12.3435156], [75.8932596, 12.3438274], [75.8933428, 12.3442728], [75.8936432, 12.3449593], [75.8939061, 12.3455279], [75.894244, 12.3459314], [75.8946088, 12.346293], [75.8952713, 12.346872], [75.8958319, 12.3472939], [75.8962128, 12.3474616], [75.8967116, 12.3475244], [75.8979267, 12.3473934], [75.898321, 12.3472886], [75.8989164, 12.3468982], [75.899992, 12.3459654], [75.9005043, 12.3456641], [75.9010515, 12.3455017], [75.9016684, 12.3454519], [75.9020519, 12.3455121], [75.9025025, 12.345651], [75.9032482, 12.3461908], [75.9040582, 12.3474118], [75.9041762, 12.347962], [75.9042352, 12.3489472], [75.9041923, 12.3497594], [75.9042621, 12.3503149], [75.9043211, 12.350666], [75.9044445, 12.3510538], [75.9045893, 12.3514416], [75.9050131, 12.3522643], [75.9055495, 12.3533595], [75.9058124, 12.3541088], [75.9058016, 12.3550888], [75.9056729, 12.3557543], [75.905351, 12.3564093], [75.9048656, 12.3569307], [75.904431, 12.3571429], [75.9033179, 12.3573368], [75.9024462, 12.3574206], [75.9016952, 12.3576774], [75.9011614, 12.3581647], [75.9007886, 12.3590817]]}}, {"type": "Feature", "properties": {"waterbody": "Cauvery", "name": "Kaveri", "city": "Cauvery Basin", "country": "India", "osm_id": 547774115}, "geometry": {"type": "LineString", "coordinates": [[77.7391075, 11.9340518], [77.7397466, 11.9329672], [77.7404863, 11.9318523], [77.7408496, 11.9313081], [77.7418274, 11.9301046], [77.7440482, 11.928404], [77.7468914, 11.9251866], [77.7480278, 11.9243333], [77.7488226, 11.9242471], [77.7502978, 11.9243678], [77.7514189, 11.9241107], [77.7524236, 11.9236084], [77.7542016, 11.9220298], [77.7546132, 11.9215304], [77.7564078, 11.9180671], [77.7571374, 11.9172768], [77.7625487, 11.9126223], [77.7636766, 11.9120175], [77.7679323, 11.9094487], [77.7691835, 11.9089333], [77.7704573, 11.9087369], [77.7715214, 11.9090138], [77.773283, 11.9100287], [77.7749293, 11.9105764], [77.7765922, 11.9117524], [77.7784032, 11.9126384], [77.7791476, 11.91281], [77.7800495, 11.9128639], [77.7812022, 11.9125476], [77.7821785, 11.9120332], [77.7828115, 11.9114191], [77.7835894, 11.9103641], [77.7839595, 11.909351], [77.784158, 11.908359], [77.784394, 11.9069995], [77.7846032, 11.9065796], [77.7849841, 11.9062909], [77.7853972, 11.9061491], [77.787779, 11.9060756], [77.7895707, 11.9062961], [77.79199, 11.9067108], [77.8005946, 11.9073617], [77.8028208, 11.9071937], [77.8060019, 11.9065691], [77.808314, 11.9059602], [77.8181272, 11.9039093], [77.8246829, 11.9026074], [77.8317601, 11.9014211], [77.8419226, 11.8973958], [77.8442287, 11.8964541], [77.8455806, 11.8951522], [77.8459883, 11.8931365], [77.8411484, 11.8814883], [77.8358173, 11.8734826], [77.8279209, 11.8639491], [77.8176835, 11.8430889], [77.8121668, 11.8284785]]}}, {"type": "Feature", "properties": {"waterbody": "Cauvery", "name": "Kaveri", "city": "Cauvery Basin", "country": "India", "osm_id": 646668513}, "geometry": {"type": "LineString", "coordinates": [[76.5724486, 12.4257352], [76.5736395, 12.4253344], [76.5746051, 12.4251353], [76.5759248, 12.4250881], [76.5772766, 12.4252034], [76.5781939, 12.4254339], [76.5788913, 12.4256173], [76.5794331, 12.4256382], [76.57983, 12.4255177], [76.5802538, 12.425261], [76.5809298, 12.4249048], [76.5818471, 12.4242133], [76.5830702, 12.4236685], [76.5851193, 12.4228355], [76.5869754, 12.4219763], [76.5884077, 12.4216358], [76.5895235, 12.4213424], [76.5906393, 12.4209757], [76.5918731, 12.4207714], [76.5931593, 12.4207039], [76.5938862, 12.420605], [76.5953064, 12.4201375]]}}, {"type": "Feature", "properties": {"waterbody": "Cauvery", "name": "Kaveri", "city": "Cauvery Basin", "country": "India", "osm_id": 646668514}, "geometry": {"type": "LineString", "coordinates": [[76.6055035, 12.413272], [76.6057026, 12.413264], [76.6059608, 12.413395], [76.6061425, 12.4134631], [76.6065234, 12.4135469], [76.6067219, 12.4135705], [76.6070303, 12.413539], [76.6073307, 12.4135967], [76.6076016, 12.4137407], [76.6077679, 12.4139084], [76.6080523, 12.4142149], [76.6082722, 12.4143537], [76.6089052, 12.4147702], [76.609793, 12.4152103], [76.6106433, 12.4155482], [76.6124215, 12.4162681]]}}, {"type": "Feature", "properties": {"waterbody": "Cauvery", "name": "Kaveri", "city": "Cauvery Basin", "country": "India", "osm_id": 646668515}, "geometry": {"type": "LineString", "coordinates": [[76.5942335, 12.4159804], [76.5949, 12.4160197], [76.5956081, 12.4160603], [76.5959528, 12.4160747], [76.5962559, 12.4160014], [76.5966287, 12.4158101], [76.5969506, 12.4155089], [76.5971732, 12.4153281], [76.5974012, 12.4152469], [76.5979806, 12.4152312], [76.5988415, 12.4151762], [76.5996167, 12.41493], [76.6003731, 12.4146811], [76.6023123, 12.4141965], [76.6034067, 12.4140184], [76.6041791, 12.4138665], [76.6047273, 12.4137232], [76.6053641, 12.4133145], [76.6055035, 12.413272]]}}, {"type": "Feature", "properties": {"waterbody": "Cauvery", "name": "Kaveri", "city": "Cauvery Basin", "country": "India", "osm_id": 649012599}, "geometry": {"type": "LineString", "coordinates": [[79.7813791, 11.1495572], [79.7815055, 11.1495889]]}}, {"type": "Feature", "properties": {"waterbody": "Cauvery", "name": "Kaveri", "city": "Cauvery Basin", "country": "India", "osm_id": 649012600}, "geometry": {"type": "LineString", "coordinates": [[79.7815055, 11.1495889], [79.7819791, 11.1496508], [79.7823694, 11.1496813], [79.782747, 11.1496204], [79.7834584, 11.1493927], [79.7840002, 11.149352], [79.784536, 11.1493963], [79.7850436, 11.1494987], [79.7855999, 11.1494916], [79.7866287, 11.149445], [79.7877159, 11.1494629], [79.7883397, 11.1495166], [79.7888999, 11.1495788], [79.7897698, 11.1497224], [79.7906217, 11.1497618], [79.7918256, 11.1492857], [79.7923345, 11.1491211], [79.7928515, 11.1490968], [79.7945946, 11.148994], [79.7953826, 11.1491461], [79.7961056, 11.1494373], [79.797183, 11.1497027], [79.7982437, 11.1500484], [79.7999027, 11.1506817], [79.8004463, 11.1507622], [79.800999, 11.1507712], [79.8017906, 11.1504651], [79.8023991, 11.1501181], [79.8031332, 11.1499211], [79.8034798, 11.1497171], [79.8036713, 11.1494361], [79.803923, 11.1490674], [79.8042441, 11.148858], [79.8049648, 11.1487183], [79.8054005, 11.1479095], [79.8056048, 11.1474656], [79.8059711, 11.1472108], [79.8075803, 11.1466728], [79.8083337, 11.1463131], [79.8087733, 11.1460894], [79.8092397, 11.145898], [79.8105974, 11.145769], [79.8113088, 11.1459623], [79.8120426, 11.146059], [79.8133463, 11.1460894], [79.8145575, 11.146288], [79.8149297, 11.146322], [79.8152543, 11.1461699], [79.8158581, 11.1458495], [79.8162631, 11.1457117], [79.8166516, 11.1456867], [79.8173672, 11.1456738], [79.8181091, 11.1458012], [79.818525, 11.1457565], [79.8189062, 11.1455041], [79.8203304, 11.1444785], [79.8218521, 11.1435748], [79.8227605, 11.1431202], [79.8235204, 11.1427228], [79.8245463, 11.142127], [79.8256463, 11.1419408], [79.826872, 11.1423632], [79.827671, 11.1421699], [79.8283846, 11.1418142], [79.8287819, 11.1416724], [79.829196, 11.141624], [79.8300047, 11.1416549], [79.8312408, 11.1412965], [79.8325757, 11.1411372], [79.8333002, 11.1410746], [79.8340116, 11.1408777], [79.8346354, 11.1404357], [79.8354034, 11.1403014], [79.836237, 11.1402621], [79.8368481, 11.1398665], [79.8372931, 11.1397412], [79.8378057, 11.1399453], [79.8383695, 11.1400511], [79.8393653, 11.1396589], [79.8401205, 11.1396178], [79.8409788, 11.1396682], [79.8423605, 11.1399632], [79.8432014, 11.1400276], [79.8440845, 11.1398151], [79.8454943, 11.1392688], [79.8467215, 11.1385037], [79.8482432, 11.1376992], [79.8488903, 11.1373451], [79.8496686, 11.1370542], [79.850387, 11.1368556], [79.8512196, 11.1368184], [79.8523639, 11.1369367], [79.853416, 11.1371368], [79.854185, 11.1372135], [79.8549353, 11.1371714], [79.8554242, 11.1370293], [79.8561654, 11.1366528], [79.8565453, 11.1365541], [79.8569809, 11.1365601], [79.8572527, 11.1365924], [79.8579454, 11.1367319]]}}, {"type": "Feature", "properties": {"waterbody": "Cauvery", "name": "Kaveri", "city": "Cauvery Basin", "country": "India", "osm_id": 651193579}, "geometry": {"type": "LineString", "coordinates": [[79.6944922, 11.1113524], [79.6949315, 11.1114072], [79.6960955, 11.1117734], [79.6968603, 11.1117905], [79.6973456, 11.1119886], [79.6976271, 11.112242], [79.698025, 11.1125429], [79.6983084, 11.112682], [79.6986539, 11.112661], [79.6992363, 11.1124743], [79.6998206, 11.112421], [79.7011644, 11.1124689], [79.7022683, 11.1123639], [79.7025168, 11.1124934], [79.7028817, 11.1124305], [79.7028487, 11.1121829], [79.7027167, 11.111981], [79.7028584, 11.111701], [79.7036931, 11.1112782], [79.7042929, 11.1111334], [79.7046831, 11.1112344], [79.7051548, 11.1112725], [79.7056575, 11.1111658], [79.706137, 11.1109886], [79.7065252, 11.1107106], [79.7068901, 11.1104591], [79.7073599, 11.1104248], [79.7077151, 11.110101], [79.7081939, 11.1099741], [79.7093049, 11.1093944], [79.7103181, 11.1092039], [79.7114498, 11.1092515], [79.7125878, 11.1086594], [79.7132764, 11.1089829], [79.7138063, 11.1094572], [79.7145478, 11.1098268], [79.7154408, 11.1100839], [79.7168811, 11.1108801], [79.7175818, 11.111101], [79.7183641, 11.1112305], [79.7191075, 11.1108058], [79.7199267, 11.1104725], [79.7208817, 11.110221], [79.7214194, 11.1104477], [79.7218892, 11.1107886], [79.7221803, 11.1115296], [79.7224793, 11.1116305], [79.7227265, 11.1116526], [79.72305, 11.1115086], [79.7235294, 11.1110382], [79.7241137, 11.1102801], [79.7247096, 11.1103029], [79.7260684, 11.1106915], [79.726905, 11.1103753], [79.7275204, 11.1103467], [79.7279047, 11.1095963], [79.7286346, 11.1092306], [79.7302496, 11.1087658], [79.7329444, 11.1089411], [79.7345123, 11.1093601], [79.7351878, 11.1100458], [79.7359798, 11.1103658], [79.7371677, 11.1105029], [79.7376602, 11.110736], [79.7389303, 11.1116763], [79.7397145, 11.1123924], [79.7397067, 11.1131848], [79.7398543, 11.1142514], [79.7408326, 11.1148], [79.7408714, 11.1159047], [79.7410438, 11.1170057], [79.742005, 11.1176647], [79.7420205, 11.1184951], [79.742797, 11.1189751], [79.7434725, 11.119676], [79.7444897, 11.1201865], [79.7450021, 11.1202093], [79.7454641, 11.1205639], [79.745631, 11.1213598], [79.7461668, 11.1218473], [79.7471762, 11.1220759], [79.7473972, 11.1226788], [79.7478462, 11.1235688], [79.7484831, 11.1236873], [79.7490101, 11.1254866], [79.7506462, 11.1265102], [79.7511953, 11.1272321], [79.7520078, 11.1278031], [79.7520188, 11.1286327], [79.7534134, 11.1290206], [79.7531498, 11.1301088], [79.754669, 11.1306034], [79.755012, 11.1307833], [79.7547635, 11.1318194], [79.7544918, 11.1331374], [79.7551284, 11.1337088], [79.7548179, 11.1343335], [79.7549421, 11.1354381], [79.7542743, 11.1355676], [79.7548334, 11.1374417], [79.7571666, 11.1381206], [79.7573569, 11.1387521], [79.7572714, 11.1394987], [79.7570696, 11.1409842], [79.7576519, 11.142485], [79.757582, 11.1435896], [79.7575707, 11.1444977], [79.7577451, 11.1453875], [79.7580176, 11.1464632], [79.7588212, 11.1473963], [79.7591885, 11.147458], [79.7598429, 11.1473159], [79.7611835, 11.1469699], [79.7622788, 11.146143], [79.7641758, 11.1462648], [79.7657559, 11.1466904], [79.7670068, 11.146952], [79.7673972, 11.1471274], [79.7677211, 11.1473909], [79.7679718, 11.1479005], [79.7682466, 11.1485643], [79.7685117, 11.1486683], [79.7688656, 11.148756], [79.7696226, 11.1488365], [79.7700184, 11.1488061], [79.7703942, 11.1488831], [79.7707572, 11.149062], [79.7711223, 11.1491648], [79.7714996, 11.1491229], [79.7718717, 11.1490012], [79.7726342, 11.1487417], [79.7734696, 11.1486952], [79.7743341, 11.148692], [79.7757717, 11.1487632], [79.7764393, 11.1486916], [79.7770843, 11.1487135], [79.777324, 11.1487453], [79.7775666, 11.1487399], [79.7780427, 11.1488526], [79.7782579, 11.1493394], [79.7787606, 11.1495592], [79.7793031, 11.1496723], [79.7798412, 11.14959], [79.7804031, 11.1493895], [79.7809284, 11.149445], [79.7813791, 11.1495572]]}}, {"type": "Feature", "properties": {"waterbody": "Cauvery", "name": "Kaveri River காவிரி ஆறு", "city": "Cauvery Basin", "country": "India", "osm_id": 1109084536}, "geometry": {"type": "LineString", "coordinates": [[77.8102095, 11.8045814], [77.8150097, 11.800108], [77.815182, 11.7999403]]}}, {"type": "Feature", "properties": {"waterbody": "Cauvery", "name": "Kaveri", "city": "Cauvery Basin", "country": "India", "osm_id": 1109084538}, "geometry": {"type": "LineString", "coordinates": [[77.815182, 11.7999403], [77.8156555, 11.7995939]]}}, {"type": "Feature", "properties": {"waterbody": "Cauvery", "name": "Kaveripoyil thodu", "city": "Cauvery Basin", "country": "India", "osm_id": 1169816889}, "geometry": {"type": "LineString", "coordinates": [[76.0670639, 11.8338119], [76.0670936, 11.8337869], [76.0671276, 11.8337599], [76.0671658, 11.8337183], [76.0672211, 11.8336663], [76.0672657, 11.8336102], [76.0672975, 11.8335374], [76.0673145, 11.8334896], [76.0673676, 11.833419], [76.0673952, 11.8333836], [76.0674441, 11.8333379], [76.0675036, 11.8333005], [76.0675205, 11.8332838], [76.0675567, 11.8332526]]}}, {"type": "Feature", "properties": {"waterbody": "Cauvery", "name": "Kaveripoyil thodu", "city": "Cauvery Basin", "country": "India", "osm_id": 1169823526}, "geometry": {"type": "LineString", "coordinates": [[76.069336, 11.8324597], [76.069347, 11.8324129], [76.0693524, 11.83235], [76.0693647, 11.8323085], [76.0693647, 11.832259], [76.0693634, 11.832188], [76.0693743, 11.8321185], [76.0693661, 11.8320743], [76.069362, 11.8320328], [76.0693579, 11.8319913], [76.0693921, 11.8319565], [76.0694495, 11.8319324], [76.0694987, 11.831895], [76.0695944, 11.8318521], [76.0696491, 11.83182], [76.0696956, 11.8317839], [76.0697531, 11.8317678], [76.0697924, 11.8317531]]}}, {"type": "Feature", "properties": {"waterbody": "Cauvery", "name": "Kaveripoyil thodu", "city": "Cauvery Basin", "country": "India", "osm_id": 1169823527}, "geometry": {"type": "LineString", "coordinates": [[76.0692731, 11.8324597], [76.069336, 11.8324597]]}}, {"type": "Feature", "properties": {"waterbody": "Cauvery", "name": "Kaveripoyil thodu", "city": "Cauvery Basin", "country": "India", "osm_id": 1181939623}, "geometry": {"type": "LineString", "coordinates": [[76.0684185, 11.8325347], [76.0684992, 11.8325079], [76.0685853, 11.8324865], [76.0686728, 11.8324664], [76.0687617, 11.832457], [76.0688397, 11.8324463], [76.0689162, 11.8324504], [76.0689832, 11.8324504], [76.069068, 11.8324504], [76.0691336, 11.8324597], [76.0692034, 11.8324611], [76.0692731, 11.8324597]]}}, {"type": "Feature", "properties": {"waterbody": "Cauvery", "name": "Kaveripoyil thodu", "city": "Cauvery Basin", "country": "India", "osm_id": 1181939624}, "geometry": {"type": "LineString", "coordinates": [[76.0683795, 11.8325571], [76.0684185, 11.8325347]]}}, {"type": "Feature", "properties": {"waterbody": "Cauvery", "name": "Kaveripoyil thodu", "city": "Cauvery Basin", "country": "India", "osm_id": 1181939625}, "geometry": {"type": "LineString", "coordinates": [[76.068298, 11.832604], [76.0683795, 11.8325571]]}}, {"type": "Feature", "properties": {"waterbody": "Cauvery", "name": "Kaveripoyil thodu", "city": "Cauvery Basin", "country": "India", "osm_id": 1181940128}, "geometry": {"type": "LineString", "coordinates": [[76.0675567, 11.8332526], [76.0675821, 11.8332318], [76.0676374, 11.8331903], [76.0681494, 11.8326921], [76.068298, 11.832604]]}}, {"type": "Feature", "properties": {"waterbody": "Cauvery", "name": "Kaveripoyil thodu", "city": "Cauvery Basin", "country": "India", "osm_id": 1181940129}, "geometry": {"type": "LineString", "coordinates": [[76.0667241, 11.8340171], [76.066779, 11.8340245], [76.0668225, 11.8340264], [76.0668679, 11.8340097], [76.0668906, 11.833993], [76.0669417, 11.8339875], [76.0669701, 11.8339653], [76.0669928, 11.8339338], [76.0670155, 11.8338801], [76.0670639, 11.8338119]]}}, {"type": "Feature", "properties": {"waterbody": "Narmada", "name": "Narmada", "city": "Narmada Basin", "country": "India", "osm_id": 48511330}, "geometry": {"type": "LineString", "coordinates": [[79.5588567, 23.1359612], [79.5568085, 23.1360388], [79.5547271, 23.1365518], [79.545865, 23.1393932], [79.5443415, 23.1397286], [79.5416808, 23.1399062], [79.536252, 23.1397878], [79.532454, 23.1404784], [79.5224005, 23.1430572], [79.5219223, 23.1432136], [79.5203671, 23.1435553], [79.5181417, 23.1437735], [79.5153951, 23.1435195], [79.5139146, 23.1429448], [79.5062425, 23.1387236], [79.5036793, 23.1366505], [79.5008039, 23.1333355], [79.4998911, 23.1319358], [79.4991946, 23.1305532], [79.4977569, 23.128422], [79.4970703, 23.1276722], [79.4952893, 23.126725], [79.4883799, 23.1235084], [79.48367, 23.1208838], [79.4798076, 23.1181309], [79.4783699, 23.1169764], [79.4700014, 23.1075823], [79.467566, 23.1053916], [79.4664931, 23.1041679], [79.46262, 23.1000923], [79.4615579, 23.0992929], [79.4592726, 23.0980198], [79.4570946, 23.097556], [79.4542193, 23.0976547], [79.4520736, 23.0983554], [79.4511187, 23.0988291], [79.4452608, 23.1034081], [79.4446063, 23.103862], [79.4414735, 23.1066646], [79.4396379, 23.107781], [79.4374287, 23.1083224], [79.4356799, 23.1085395], [79.4342422, 23.1085395], [79.4296074, 23.1077599], [79.4280195, 23.1073257], [79.4227195, 23.1052436], [79.4195437, 23.1047205], [79.415853, 23.1040988], [79.4140184, 23.1036449], [79.4063043, 23.1001909], [79.4048023, 23.0999146], [79.4030321, 23.1000133], [79.4011974, 23.1003883], [79.3998778, 23.1008817], [79.3970883, 23.1024903], [79.3945563, 23.1047995], [79.3929362, 23.10626], [79.3898561, 23.1096756], [79.3882263, 23.1112137], [79.3856406, 23.1124965], [79.383333, 23.113307], [79.3818641, 23.1136017], [79.3794823, 23.1136905], [79.3781831, 23.1134648], [79.3763924, 23.1127728], [79.3700409, 23.1086974], [79.3658459, 23.1063784], [79.3648052, 23.1059343], [79.3621015, 23.1055001], [79.3603098, 23.1055297], [79.3564904, 23.1059047], [79.3517804, 23.1070889], [79.3503213, 23.1072172], [79.3467582, 23.1070767]]}}, {"type": "Feature", "properties": {"waterbody": "Narmada", "name": "Narmada", "city": "Narmada Basin", "country": "India", "osm_id": 48511419}, "geometry": {"type": "LineString", "coordinates": [[79.9232566, 22.9410175], [79.9194557, 22.9443516], [79.9168149, 22.9468364], [79.9121801, 22.9534755], [79.9087469, 22.9591659], [79.9075452, 22.9662785], [79.9066869, 22.9714942], [79.9022984, 22.9833651], [79.9018478, 22.9868023], [79.9020521, 22.9890364], [79.9022555, 22.9915728], [79.9025345, 22.9923431], [79.9029905, 22.9929012], [79.9039292, 22.9933209], [79.90659, 22.9942493], [79.9125234, 22.9966216], [79.9141216, 22.9974887], [79.9170613, 22.9996516], [79.9186492, 23.0010638], [79.9199045, 23.0026439], [79.9207949, 23.0041056], [79.9215674, 23.0057252], [79.9231767, 23.0081743], [79.9242067, 23.0092803], [79.9251938, 23.0098333], [79.9267173, 23.0113047], [79.9279189, 23.0129538], [79.9285197, 23.0140006], [79.9293458, 23.0164199], [79.9293351, 23.0172889], [79.9288523, 23.0201426], [79.9281446, 23.0222182], [79.9277258, 23.0240035], [79.9277687, 23.0258203], [79.9279729, 23.0271158], [79.9285626, 23.0296119], [79.9291746, 23.0313813], [79.9317706, 23.0366912], [79.93294, 23.038735], [79.9354398, 23.041924], [79.9399352, 23.0470183], [79.9409008, 23.0481832], [79.942714, 23.0506019], [79.947199, 23.0576032], [79.9487114, 23.0593386], [79.951458, 23.0610563], [79.9542371, 23.0623415], [79.9564469, 23.0627936], [79.9607277, 23.0647086], [79.9634957, 23.066446], [79.9645042, 23.0673047], [79.9652016, 23.0685978], [79.9653196, 23.0693283], [79.9651372, 23.0711149], [79.9649119, 23.0722599], [79.9643759, 23.0735648], [79.9638069, 23.074382], [79.9624872, 23.075458], [79.9605131, 23.0771557], [79.9577182, 23.0800328]]}}, {"type": "Feature", "properties": {"waterbody": "Narmada", "name": "Narmada River", "city": "Narmada Basin", "country": "India", "osm_id": 49834623}, "geometry": {"type": "LineString", "coordinates": [[79.9577182, 23.0800328], [79.9572623, 23.0808076], [79.9571228, 23.081311], [79.9571228, 23.0817354], [79.9571121, 23.0822684], [79.9569511, 23.0828309], [79.9562591, 23.0838031], [79.9533248, 23.0866999], [79.9517316, 23.0882099], [79.9478853, 23.091299], [79.9466085, 23.0930952], [79.9452674, 23.0951085], [79.9426496, 23.0990758], [79.9410939, 23.101316], [79.9391949, 23.1031219], [79.9379074, 23.1039113], [79.9373442, 23.1041136], [79.9366414, 23.1042074], [79.9353111, 23.104089], [79.9343938, 23.1039755], [79.9337983, 23.1039212], [79.9334228, 23.1039952], [79.9329346, 23.1041975], [79.9323767, 23.1047946], [79.9320066, 23.1049179], [79.9311912, 23.1048686], [79.9301076, 23.1048488], [79.9295175, 23.1050659], [79.9289596, 23.1053521], [79.9284983, 23.1054508], [79.9255697, 23.1057686], [79.91925, 23.1063389], [79.9183273, 23.1062106], [79.9161601, 23.1054508], [79.9141645, 23.1049673], [79.9134135, 23.1049179], [79.9129951, 23.104987], [79.9119866, 23.1056876], [79.9112141, 23.1061514], [79.9099803, 23.1067978], [79.9091657, 23.1070727], [79.9075556, 23.1072172], [79.9053347, 23.1074146], [79.9039507, 23.1078389], [79.9031889, 23.1081547], [79.8955178, 23.1119637], [79.8946702, 23.1123386], [79.893769, 23.112536], [79.8911297, 23.1130787], [79.8887041, 23.1131491], [79.8863017, 23.1128616], [79.8848212, 23.1124768], [79.8826959, 23.1117281], [79.8767762, 23.1087857], [79.8745485, 23.1080772], [79.8733314, 23.107845], [79.8715389, 23.1079672], [79.8670542, 23.1090033], [79.8652518, 23.1093191], [79.8634386, 23.109398], [79.8582244, 23.1091119], [79.8547069, 23.1090715], [79.8523119, 23.1090441], [79.8504889, 23.1087862], [79.8488688, 23.1081645], [79.8472292, 23.1072417], [79.8458897, 23.1062788], [79.8449211, 23.1059325], [79.8416805, 23.1050462], [79.8410153, 23.1047946], [79.8395653, 23.1041372], [79.8374909, 23.1037288], [79.8362195, 23.1035758], [79.8345405, 23.1036696], [79.8341221, 23.1036844], [79.8330707, 23.1038888], [79.8328066, 23.1039465], [79.8300349, 23.1041727], [79.828012, 23.1047501], [79.8277223, 23.1050659], [79.8275667, 23.1055297], [79.8274058, 23.107459], [79.8271966, 23.1089836], [79.826906, 23.1095177], [79.8255658, 23.1112927], [79.8202979, 23.1172428], [79.8194504, 23.1183479], [79.8189461, 23.1195419], [79.8178079, 23.1230953], [79.8171222, 23.1240412], [79.8163465, 23.1246824], [79.8154809, 23.124959], [79.8134415, 23.125398], [79.8131043, 23.1256643], [79.8128039, 23.1257383], [79.8119621, 23.1257212], [79.8114896, 23.1256347], [79.8106795, 23.1255854], [79.8100197, 23.1256002], [79.8078203, 23.1257334], [79.8074448, 23.1257728], [79.8069942, 23.1257432], [79.80524, 23.1254275], [79.8031479, 23.1251216], [79.8017263, 23.1249835], [79.801088, 23.1250378], [79.800356, 23.1252268], [79.7992948, 23.1257143], [79.7988027, 23.1259948], [79.7979015, 23.1267003], [79.7951486, 23.1284628], [79.7947472, 23.1287328], [79.7944827, 23.1291156], [79.7943824, 23.1294185], [79.7943778, 23.1297147], [79.7944844, 23.129828], [79.7947633, 23.1299119], [79.7954047, 23.1299837], [79.7963136, 23.1300796], [79.796614, 23.1302769], [79.7967052, 23.1304052], [79.7966855, 23.130598], [79.7966082, 23.131055], [79.7966784, 23.1313425], [79.7969037, 23.1315398], [79.7974616, 23.1316286], [79.7983628, 23.1318851], [79.7991943, 23.1322847], [79.7994786, 23.13263], [79.7994608, 23.1330432], [79.7992909, 23.1337005], [79.7990763, 23.134549], [79.7989154, 23.1362114], [79.7988725, 23.1366801], [79.7984102, 23.1373029], [79.7977996, 23.1376962], [79.7925317, 23.138742], [79.7911692, 23.1389196], [79.7895276, 23.1386927], [79.7877335, 23.138258], [79.784646, 23.1371536], [79.7821784, 23.1361177], [79.7809875, 23.135506], [79.7799573, 23.1347401], [79.7784984, 23.1333552], [79.7778439, 23.132704], [79.77705, 23.1321121], [79.7763097, 23.1316977], [79.7750437, 23.1312142], [79.7738957, 23.1307801], [79.77337, 23.1304348], [79.7722435, 23.1294876], [79.7707629, 23.1286292], [79.7679734, 23.1273367], [79.7669864, 23.1269124], [79.7657955, 23.1266756], [79.7645509, 23.1263402], [79.7637346, 23.1259369], [79.7603774, 23.1239327], [79.7493267, 23.1172823], [79.7478998, 23.1165521], [79.7350144, 23.1117663], [79.7289526, 23.1097829], [79.7274291, 23.109329], [79.721936, 23.1086678], [79.7187495, 23.1088553], [79.7150373, 23.1093388], [79.7089746, 23.1107808], [79.707967, 23.111115], [79.7072589, 23.1111249], [79.7066152, 23.1109177], [79.7057891, 23.1100789], [79.7051453, 23.1095066], [79.7045982, 23.1093191], [79.7037345, 23.1090674], [79.7033161, 23.1088306], [79.7021788, 23.1082188], [79.7018355, 23.1079721], [79.7017282, 23.1077402], [79.701519, 23.1073208], [79.7005266, 23.1054064], [79.6997863, 23.1045676], [79.6981609, 23.1032995], [79.693923, 23.1009903], [79.6921313, 23.1003883], [79.6904683, 23.1002896], [79.6898055, 23.1004309], [79.6870887, 23.10101], [79.681499, 23.1035956], [79.6798575, 23.103941], [79.6788812, 23.10401], [79.6779477, 23.1038028], [79.6766603, 23.1032304], [79.6742248, 23.1017304], [79.6729257, 23.1005179], [79.6723151, 23.0998357], [79.6717465, 23.0984047], [79.6712959, 23.096273], [79.670738, 23.0945855], [79.6702557, 23.0937066], [79.6701693, 23.0935492], [79.6690106, 23.0919208], [79.6680021, 23.0908747], [79.6665215, 23.090549], [79.6652233, 23.0906279], [79.6635389, 23.0911707], [79.6610284, 23.092128], [79.6587539, 23.0939242], [79.6571445, 23.0959178], [79.6557283, 23.0983455], [79.6542146, 23.1020969], [79.6523595, 23.1045627], [79.6506098, 23.1058863], [79.6496129, 23.1062995], [79.6476173, 23.1066942], [79.6446347, 23.10626], [79.639678, 23.1045627], [79.6383798, 23.1044442], [79.6367812, 23.1046811], [79.6303537, 23.1065179], [79.6289706, 23.106635], [79.6271896, 23.106556], [79.6177053, 23.1058061], [79.616214, 23.1057764], [79.6124053, 23.1058455], [79.6066975, 23.1064771], [79.6041012, 23.1072073], [79.5978999, 23.1103059], [79.5958498, 23.1112545], [79.5936084, 23.1115887], [79.5890379, 23.111115], [79.5845318, 23.1112729], [79.5820427, 23.1116479], [79.5799827, 23.1131675], [79.579103, 23.1149437], [79.5786836, 23.1177276], [79.5777082, 23.1264685], [79.577086, 23.1286786], [79.5760131, 23.13079], [79.5733621, 23.1335144], [79.5707989, 23.1348549], [79.5676875, 23.1360388], [79.5653701, 23.136611], [79.5632243, 23.1365913], [79.5588567, 23.1359612]]}}, {"type": "Feature", "properties": {"waterbody": "Narmada", "name": "Narmada River", "city": "Narmada Basin", "country": "India", "osm_id": 49834624}, "geometry": {"type": "LineString", "coordinates": [[79.0131193, 23.0307227], [79.0114081, 23.0302241], [79.0104049, 23.0301155], [79.0092462, 23.0303475], [79.0078676, 23.0310041], [79.0060544, 23.0321001], [79.0048849, 23.0331171], [79.0039613, 23.0341847], [79.0030932, 23.0349141], [79.0020955, 23.0357335], [79.0010977, 23.0362075], [79.0005281, 23.0362384], [78.9993918, 23.036089], [78.9978576, 23.035773], [78.9968812, 23.0356249], [78.9959264, 23.0357829], [78.9953363, 23.0360199], [78.9930403, 23.0371158], [78.9910984, 23.0383302], [78.9891243, 23.0398506], [78.9871609, 23.0416377], [78.9863026, 23.0423584], [78.9848542, 23.0433457], [78.9825153, 23.0450833], [78.9810991, 23.0463568], [78.9804554, 23.0474823], [78.9800584, 23.0490224], [78.9799511, 23.0499306], [78.9801872, 23.0517767], [78.9801121, 23.0528528], [78.9796829, 23.0545014], [78.9790177, 23.0557848], [78.9785993, 23.0562487], [78.9779341, 23.0564363], [78.9773869, 23.056456], [78.9747906, 23.0556071], [78.974061, 23.0554886], [78.9732563, 23.0555775], [78.9706063, 23.0562882], [78.9695871, 23.0562981], [78.9683533, 23.0561402], [78.9662826, 23.0552221], [78.9657032, 23.0550049], [78.9582682, 23.0535735], [78.9562395, 23.0529824], [78.9502537, 23.0505526], [78.9495027, 23.0503551], [78.9445031, 23.049516], [78.9431727, 23.0496147], [78.9418316, 23.0500195], [78.9407158, 23.0504934], [78.9388275, 23.051451], [78.9370787, 23.052685], [78.935405, 23.0531687], [78.934536, 23.0532773], [78.9336562, 23.0531588], [78.9324331, 23.0525665], [78.9319825, 23.0520532], [78.9310062, 23.0501676], [78.9306414, 23.0493185], [78.9299226, 23.0487854], [78.9290106, 23.0486275], [78.9243758, 23.0494963], [78.9190972, 23.0506908], [78.917028, 23.0510892], [78.9086902, 23.0526948], [78.9045694, 23.0531404], [78.8971674, 23.0532082], [78.8933158, 23.0532082], [78.8875651, 23.0532477], [78.8847649, 23.0533661], [78.8759887, 23.0538005], [78.8721478, 23.0536919], [78.8698625, 23.0532674], [78.8672769, 23.0525566], [78.8646161, 23.0517076], [78.8625124, 23.0506131], [78.861258, 23.0491705], [78.8607216, 23.0484399], [78.8605177, 23.0474922], [78.8596702, 23.0448661], [78.8593376, 23.0441552], [78.8587046, 23.0435036], [78.8580179, 23.0430593], [78.8566017, 23.0427829], [78.8548529, 23.042931], [78.8536835, 23.0433062], [78.845315, 23.0473737], [78.8430083, 23.0482326], [78.8407767, 23.0487262], [78.8327944, 23.0498615], [78.8317108, 23.0502169], [78.8272583, 23.0529811], [78.8249946, 23.0546298], [78.823235, 23.0555676], [78.8203382, 23.0562981], [78.8187289, 23.0564363], [78.8163471, 23.0564462], [78.8117766, 23.0557058], [78.8072169, 23.0543533], [78.8035047, 23.0525369], [78.8005972, 23.0510265], [78.7989449, 23.0499306], [78.7963271, 23.0481734], [78.7953079, 23.0476699], [78.7927759, 23.0473441], [78.7904799, 23.0473342], [78.7878942, 23.047739], [78.786242, 23.0483214], [78.7808767, 23.050331], [78.7790966, 23.0508586], [78.7765753, 23.0512733], [78.7756848, 23.0510758], [78.7747836, 23.0506019], [78.7718975, 23.0477291], [78.7708032, 23.0469689], [78.7685072, 23.0461396], [78.7668872, 23.0458829], [78.761276, 23.0461791], [78.7598383, 23.0466135], [78.7582612, 23.0474033], [78.7562764, 23.0491211], [78.7553, 23.0503946], [78.7530684, 23.0565745], [78.7521779, 23.0589437], [78.7515128, 23.0597236], [78.7497425, 23.0610859], [78.7474787, 23.0622309], [78.7458801, 23.0626752], [78.7447643, 23.0627245], [78.7433481, 23.0624876], [78.7415028, 23.0617769], [78.7394312, 23.060564], [78.7373292, 23.0584008], [78.7361812, 23.0564758], [78.7353873, 23.053998], [78.7341097, 23.0460323], [78.7334347, 23.0446291], [78.7326085, 23.0438788], [78.7308481, 23.043031], [78.729229, 23.0426644], [78.7205708, 23.0429113], [78.7175345, 23.0429902], [78.7139511, 23.0428323], [78.711622, 23.0423992], [78.7072563, 23.0411341], [78.7029647, 23.039515], [78.6965704, 23.036553], [78.6935663, 23.0355459], [78.691206, 23.0352103], [78.6894679, 23.0353683], [78.6865228, 23.0360401], [78.6852622, 23.0364444], [78.6837065, 23.0369578]]}}, {"type": "Feature", "properties": {"waterbody": "Narmada", "name": "Narmada River", "city": "Narmada Basin", "country": "India", "osm_id": 49834648}, "geometry": {"type": "LineString", "coordinates": [[78.44661, 22.9895086], [78.4428334, 22.9869406], [78.4389066, 22.9837602], [78.436439, 22.9813699], [78.4350228, 22.979829], [78.4331345, 22.9773202], [78.4317912, 22.9758643], [78.4295296, 22.9741593], [78.425796, 22.9720849], [78.4228134, 22.9708008], [78.4206247, 22.9702871], [78.4141016, 22.9695561], [78.4092521, 22.969003], [78.4051752, 22.9677978], [78.4018063, 22.9662765], [78.3991456, 22.9645182], [78.3924937, 22.9600925], [78.3881593, 22.9562595], [78.387537, 22.9553703], [78.3853912, 22.9509246], [78.3813572, 22.9426453], [78.3795762, 22.9397998], [78.3762502, 22.93648], [78.3747911, 22.9353338], [78.3659935, 22.930176], [78.3614445, 22.927014], [78.3546638, 22.9217966], [78.3497071, 22.9181206], [78.3478188, 22.9169545], [78.3451152, 22.9162628], [78.3427548, 22.9163023], [78.3308351, 22.9204428], [78.3281636, 22.9207887], [78.3263397, 22.9206701], [78.3243012, 22.9198005], [78.3211684, 22.9175672], [78.313744, 22.9105311], [78.3122635, 22.9087324], [78.3073711, 22.9005692], [78.3050966, 22.8978611], [78.299185, 22.8906164], [78.2978225, 22.8894204], [78.2939386, 22.8870087], [78.2922327, 22.8851999], [78.2912242, 22.883905], [78.2907522, 22.8821753], [78.289336, 22.8749495], [78.288424, 22.8722014], [78.2874048, 22.8709558], [78.2843041, 22.8681582], [78.2796693, 22.8653211], [78.2774162, 22.8650443], [78.276, 22.8652815], [78.2750773, 22.8658549], [78.2735753, 22.8675058], [78.2713973, 22.8702935], [78.2674599, 22.8746134], [78.2652926, 22.8762839], [78.2633829, 22.8770451], [78.2618809, 22.877312], [78.2597995, 22.8771538], [78.2573533, 22.8766892], [78.2528204, 22.8756315], [78.2514954, 22.8750977], [78.2485342, 22.8732097], [78.2432449, 22.8688107], [78.2401121, 22.8671301], [78.2382345, 22.8664975], [78.2367647, 22.8663591], [78.2356059, 22.8664975], [78.233782, 22.8673971], [78.2312608, 22.8695027], [78.2261753, 22.8759676], [78.224447, 22.878964], [78.2239115, 22.8801193], [78.2234502, 22.8814438], [78.2220311, 22.8891194], [78.2213044, 22.8908734]]}}, {"type": "Feature", "properties": {"waterbody": "Narmada", "name": "Narmada Canal", "city": "Narmada Basin", "country": "India", "osm_id": 116801089}, "geometry": {"type": "LineString", "coordinates": [[73.707513, 22.2572152], [73.7058865, 22.2619688]]}}, {"type": "Feature", "properties": {"waterbody": "Narmada", "name": "Narmada Canal", "city": "Narmada Basin", "country": "India", "osm_id": 116801098}, "geometry": {"type": "LineString", "coordinates": [[73.4280215, 22.8036235], [73.428066, 22.8093939], [73.4279568, 22.8166397]]}}, {"type": "Feature", "properties": {"waterbody": "Narmada", "name": "Narmada Canal", "city": "Narmada Basin", "country": "India", "osm_id": 116801101}, "geometry": {"type": "LineString", "coordinates": [[73.0476192, 22.9927532], [73.0462123, 22.9941711]]}}, {"type": "Feature", "properties": {"waterbody": "Narmada", "name": "Narmada Canal", "city": "Narmada Basin", "country": "India", "osm_id": 116801116}, "geometry": {"type": "LineString", "coordinates": [[73.3851741, 22.8477796], [73.3798262, 22.8500402]]}}, {"type": "Feature", "properties": {"waterbody": "Narmada", "name": "Narmada Canal", "city": "Narmada Basin", "country": "India", "osm_id": 116801119}, "geometry": {"type": "LineString", "coordinates": [[72.9594381, 23.0454723], [72.9563688, 23.0482618]]}}, {"type": "Feature", "properties": {"waterbody": "Narmada", "name": "Narmada Canal", "city": "Narmada Basin", "country": "India", "osm_id": 116801132}, "geometry": {"type": "LineString", "coordinates": [[73.7058865, 22.2619688], [73.7006817, 22.2772231], [73.6987258, 22.2799881], [73.6970353, 22.281692], [73.6946148, 22.2832014], [73.6938803, 22.2835547], [73.6907697, 22.284533], [73.6711467, 22.2879902], [73.6686114, 22.2889023], [73.6660846, 22.2908016], [73.6557769, 22.2985578], [73.6535544, 22.2999421], [73.6523249, 22.300358], [73.6490043, 22.300358], [73.6459788, 22.2991927], [73.6421036, 22.2969868], [73.6386921, 22.2960049], [73.6355943, 22.2958677], [73.6294832, 22.2953938], [73.6262671, 22.2946424], [73.6088365, 22.2850321], [73.604432, 22.2834598], [73.5991957, 22.282987], [73.5939594, 22.2835779], [73.5938466, 22.2835988], [73.5875737, 22.2847597], [73.584764, 22.2861778], [73.5813799, 22.288382], [73.5557729, 22.3069749], [73.5523246, 22.3082746], [73.5477529, 22.308667], [73.532912, 22.3082746], [73.5318832, 22.3083766], [73.529336, 22.3086291], [73.5262709, 22.3102832], [73.5158386, 22.3213513], [73.5139885, 22.325521], [73.5112211, 22.3328083], [73.5094625, 22.3381137], [73.5073473, 22.3445215], [73.5066245, 22.3491196]]}}, {"type": "Feature", "properties": {"waterbody": "Narmada", "name": "Narmada Canal", "city": "Narmada Basin", "country": "India", "osm_id": 116801144}, "geometry": {"type": "LineString", "coordinates": [[73.0462123, 22.9941711], [73.0377627, 23.0025359], [73.0358967, 23.0033947], [73.0329644, 23.0042535], [73.0301975, 23.0050026], [73.0114225, 23.0100855], [72.9933119, 23.0156628], [72.9914459, 23.0165215], [72.9893799, 23.0181163], [72.9687599, 23.0372446], [72.9670437, 23.0388366], [72.9594381, 23.0454723]]}}, {"type": "Feature", "properties": {"waterbody": "Narmada", "name": "Narmada Canal", "city": "Narmada Basin", "country": "India", "osm_id": 116801153}, "geometry": {"type": "LineString", "coordinates": [[73.2998505, 22.8885677], [73.2832201, 22.8853989], [73.2794148, 22.8855488], [73.2756819, 22.8872002], [73.2643193, 22.8938147], [73.2598234, 22.8948578], [73.2561713, 22.8944509], [73.2441137, 22.8947245]]}}, {"type": "Feature", "properties": {"waterbody": "Narmada", "name": "Narmada Canal", "city": "Narmada Basin", "country": "India", "osm_id": 116801198}, "geometry": {"type": "LineString", "coordinates": [[73.4134992, 22.4640346], [73.413046, 22.4799665], [73.4145324, 22.4914583], [73.4177137, 22.5160731], [73.4178001, 22.5179857], [73.4165643, 22.521618], [73.4157678, 22.5238969], [73.4115725, 22.5358997], [73.4094869, 22.5445604], [73.4094592, 22.5475346], [73.4096253, 22.5485791], [73.4098372, 22.5499113], [73.4152051, 22.5745659], [73.417174, 22.579746]]}}, {"type": "Feature", "properties": {"waterbody": "Narmada", "name": "Narmada Canal", "city": "Narmada Basin", "country": "India", "osm_id": 116801202}, "geometry": {"type": "LineString", "coordinates": [[73.1019397, 22.9253431], [73.0995406, 22.9287189], [73.0856317, 22.9519269], [73.0826797, 22.9565499], [73.0718838, 22.9734557], [73.0698179, 22.9754805], [73.0690963, 22.9757919], [73.0676853, 22.9764008], [73.0638867, 22.9775666], [73.0616874, 22.9787937], [73.0597548, 22.9808184], [73.0476192, 22.9927532]]}}, {"type": "Feature", "properties": {"waterbody": "Narmada", "name": "Narmada Canal", "city": "Narmada Basin", "country": "India", "osm_id": 116801217}, "geometry": {"type": "LineString", "coordinates": [[73.3798262, 22.8500402], [73.3594476, 22.8590111], [73.3572042, 22.8594617], [73.3549016, 22.8592797], [73.3501271, 22.8580055], [73.3483649, 22.8577867], [73.3436394, 22.8590813], [73.3317305, 22.8632338], [73.3293395, 22.8649474], [73.327812, 22.8675789], [73.3267137, 22.8714338], [73.3250224, 22.87737], [73.3235609, 22.8792052], [73.3219553, 22.8802578]]}}, {"type": "Feature", "properties": {"waterbody": "Narmada", "name": "Narmada Canal", "city": "Narmada Basin", "country": "India", "osm_id": 116801221}, "geometry": {"type": "LineString", "coordinates": [[72.9563688, 23.0482618], [72.949061, 23.0552813], [72.9472616, 23.0561398], [72.9435296, 23.0573662], [72.9355991, 23.059635], [72.9310008, 23.0617198], [72.9049255, 23.0728792], [72.8959942, 23.0767013], [72.8918148, 23.078213], [72.8713554, 23.083976], [72.8666904, 23.0849569], [72.8317029, 23.0915778], [72.8289039, 23.091823], [72.826838, 23.0914552], [72.8260076, 23.0909852], [72.8259716, 23.0909648]]}}, {"type": "Feature", "properties": {"waterbody": "Narmada", "name": "Narmada Canal", "city": "Narmada Basin", "country": "India", "osm_id": 116801244}, "geometry": {"type": "LineString", "coordinates": [[73.7559934, 21.8382277], [73.7548656, 21.8394927], [73.7497847, 21.838591], [73.7493983, 21.8385224], [73.7473106, 21.838152], [73.7449928, 21.8389349], [73.7407645, 21.8404244], [73.7376643, 21.8409627], [73.7366072, 21.8420677], [73.7360372, 21.8432397], [73.7355023, 21.8443278], [73.7287682, 21.8496441], [73.7277626, 21.8505906], [73.7273596, 21.85097], [73.7273596, 21.8518045], [73.7262153, 21.8534735], [73.7254335, 21.8612127], [73.7249892, 21.8656111], [73.7249082, 21.8664452], [73.7247389, 21.8681893], [73.7241718, 21.874031], [73.7245805, 21.8759273], [73.7298934, 21.8791889], [73.7311195, 21.8805542], [73.7302125, 21.8819435], [73.7292942, 21.8834194], [73.7280952, 21.8843466], [73.7268691, 21.8867737], [73.7274413, 21.8888973], [73.7295665, 21.8909451], [73.743564, 21.9004252], [73.7453009, 21.90289], [73.7465432, 21.9068271], [73.7470361, 21.9105505], [73.7504487, 21.9469149], [73.7501814, 21.9484603], [73.749644, 21.9502805], [73.7483984, 21.9527586], [73.7451098, 21.9580459], [73.7446958, 21.961851], [73.7447443, 21.9626408], [73.7448768, 21.9647962], [73.745799, 21.9679885], [73.748272, 21.9713526], [73.7534746, 21.9765277], [73.7553723, 21.9804881], [73.7581618, 21.9885832], [73.7584465, 21.9898995], [73.7583975, 21.9924675], [73.7584007, 21.9945083], [73.758403, 21.9959678], [73.7586714, 21.9984706], [73.759331, 22.0009257], [73.7631656, 22.0102308], [73.763364, 22.0111832], [73.7638528, 22.0137756], [73.7634031, 22.0175118], [73.7629548, 22.0213708]]}}, {"type": "Feature", "properties": {"waterbody": "Narmada", "name": "Narmada", "city": "Narmada Basin", "country": "India", "osm_id": 120230382}, "geometry": {"type": "LineString", "coordinates": [[80.3686849, 22.5860477], [80.3674471, 22.5867228], [80.3668892, 22.5874756], [80.3664493, 22.5887931], [80.3660202, 22.5913884], [80.3657903, 22.5921922], [80.3650117, 22.5949147], [80.3646683, 22.5959845], [80.362941, 22.5989362], [80.3622614, 22.5999896], [80.3596687, 22.6044631], [80.3595185, 22.6049485], [80.3595734, 22.6053739], [80.3596258, 22.6057804], [80.3597867, 22.606444], [80.360468, 22.6072067], [80.3609133, 22.6076177], [80.3610045, 22.6078455], [80.3610581, 22.6083655], [80.3606558, 22.6093758], [80.3597867, 22.6103068], [80.3583705, 22.6112377], [80.3574157, 22.6115646], [80.3532636, 22.6120598], [80.3516006, 22.6124361], [80.3478992, 22.614724], [80.3450882, 22.6169424], [80.3427172, 22.6184775], [80.3416765, 22.618735], [80.3407216, 22.6187845], [80.337975, 22.6184973], [80.3372536, 22.6185942], [80.3368163, 22.6188935], [80.3366125, 22.6192698], [80.3365702, 22.6194774], [80.3363953, 22.6203372], [80.3364086, 22.6208345], [80.3365803, 22.6213347], [80.3373474, 22.6230628], [80.3372991, 22.6232906], [80.3371167, 22.6236174], [80.3344452, 22.6249048], [80.334295, 22.6253207], [80.3342307, 22.6259942], [80.3347778, 22.6277569], [80.3354645, 22.6314012], [80.3357863, 22.6346096], [80.3348636, 22.6395211], [80.3334904, 22.6440562], [80.3324175, 22.6469475], [80.3310227, 22.6483535], [80.3295636, 22.6495615], [80.3266883, 22.6509279], [80.3233194, 22.6519378], [80.3183708, 22.6547179], [80.3178192, 22.65532], [80.3168177, 22.6564131], [80.3162569, 22.6581165], [80.3159676, 22.658995], [80.3157449, 22.6618981], [80.3161955, 22.6638386], [80.3171611, 22.6668879], [80.3180623, 22.6701153], [80.3191781, 22.6751246], [80.3202724, 22.6776786], [80.3219247, 22.6814601], [80.3258729, 22.6869441], [80.3281474, 22.6907056], [80.3297138, 22.6953974], [80.330615, 22.7010194], [80.3301429, 22.7048992], [80.3252935, 22.7192497], [80.3236198, 22.7227332], [80.3208089, 22.7246134], [80.3184485, 22.7255436], [80.3148865, 22.7264936], [80.31214, 22.726454], [80.3102517, 22.7259988], [80.3033638, 22.723129], [80.2998662, 22.7224561], [80.2966475, 22.7222186], [80.2938233, 22.72282], [80.2912187, 22.7236634], [80.2889442, 22.7253259], [80.2878151, 22.7272534], [80.2854895, 22.7337372], [80.284481, 22.7392191], [80.2833009, 22.7548126], [80.2830004, 22.7560394], [80.2819919, 22.7572465], [80.2802968, 22.7581764], [80.2793312, 22.7591658], [80.2782154, 22.7622723], [80.2781296, 22.7636969], [80.2781296, 22.7654579], [80.281807, 22.7831334], [80.2816701, 22.7854404], [80.2807259, 22.7881506], [80.2800178, 22.7891793], [80.2775154, 22.790097], [80.2699327, 22.7918302], [80.2587747, 22.7938479], [80.2427029, 22.7961228], [80.2392911, 22.7969537], [80.2342701, 22.7977845], [80.227189, 22.7989318], [80.2200436, 22.7991692], [80.2138638, 22.7983186], [80.2122545, 22.797468], [80.2100658, 22.795292], [80.2069759, 22.7902278]]}}, {"type": "Feature", "properties": {"waterbody": "Narmada", "name": "Narmada River", "city": "Narmada Basin", "country": "India", "osm_id": 132534217}, "geometry": {"type": "LineString", "coordinates": [[77.6596498, 22.7324508], [77.6532125, 22.7367058], [77.6467323, 22.7413762], [77.6426554, 22.744206], [77.637999, 22.7464026], [77.6358533, 22.7469369], [77.6319051, 22.7475504], [77.6283474, 22.7475147], [77.6257038, 22.7467786], [77.6241159, 22.7458881], [77.6216697, 22.7438103], [77.6167774, 22.7384671], [77.6153076, 22.7365078], [77.6141488, 22.7347168], [77.6131969, 22.7329419], [77.6126575, 22.7319362], [77.6094701, 22.7254064], [77.6065421, 22.7200216], [77.6001692, 22.711748], [77.5973153, 22.7081257], [77.5943112, 22.704919], [77.5929165, 22.7029197], [77.5920367, 22.7012767], [77.5909424, 22.6981094], [77.5893545, 22.6907254], [77.588067, 22.6878548], [77.5862646, 22.68441], [77.5849771, 22.6819353], [77.5832176, 22.6789655], [77.5814366, 22.6759561], [77.5805139, 22.6745108], [77.5795269, 22.6737188], [77.5759649, 22.6719567], [77.5687122, 22.6694223], [77.5624037, 22.6679571], [77.5603008, 22.6677393], [77.5568247, 22.6682739], [77.5479841, 22.6692441], [77.5448084, 22.6695015], [77.5328994, 22.6694025], [77.5306034, 22.6690659], [77.5272345, 22.6680363], [77.5250459, 22.6669671], [77.5214624, 22.6644524], [77.5194025, 22.6629476], [77.5177502, 22.6606704], [77.517364, 22.6594032], [77.5173104, 22.658017], [77.5173211, 22.6573834], [77.5172782, 22.6559775], [77.516967, 22.6549577], [77.5163662, 22.6541755], [77.5133407, 22.6512942], [77.5107014, 22.6497001], [77.5084591, 22.6486209], [77.507354, 22.648205], [77.5008131, 22.6461181], [77.4945779, 22.6440114], [77.4927521, 22.6436602], [77.490896, 22.6435512], [77.4895066, 22.6439225], [77.4841046, 22.6464723], [77.4809074, 22.647205], [77.4759722, 22.6479179], [77.4713802, 22.6481555], [77.4679255, 22.6480763], [77.4652648, 22.6475416], [77.4632031, 22.6466087], [77.4477982, 22.6388478], [77.4464777, 22.6378787], [77.4426269, 22.6351047], [77.4376488, 22.6317576], [77.4346125, 22.6291235], [77.4338293, 22.6280144], [77.4329495, 22.6270142], [77.4312651, 22.625707], [77.4306106, 22.6254198], [77.4293875, 22.6251623], [77.4257827, 22.6248058], [77.4245381, 22.6243304], [77.4191308, 22.6213198], [77.4150538, 22.6188043], [77.4128222, 22.6171009], [77.4094963, 22.6144566], [77.4086487, 22.6134464], [77.407254, 22.6115349], [77.4037671, 22.6084447], [77.400459, 22.6058643], [77.3995829, 22.6049485], [77.3987567, 22.6042749], [77.3973405, 22.6036212], [77.3952913, 22.6031161], [77.3929953, 22.6027991], [77.3920298, 22.6028883], [77.3911071, 22.603017], [77.3874676, 22.6044554], [77.3848414, 22.6053744], [77.384026, 22.6057804], [77.3800564, 22.6077316], [77.3784256, 22.6081872], [77.3756361, 22.6082863], [77.3729324, 22.6080882], [77.3695099, 22.6075137], [77.3681259, 22.6071374], [77.3648429, 22.6062559], [77.3632443, 22.606038], [77.3615491, 22.6060182], [77.3607445, 22.6057903], [77.3596609, 22.6053347], [77.3555946, 22.6017691], [77.3535347, 22.5986193], [77.3518395, 22.595727], [77.345488, 22.5806503], [77.3416686, 22.570803], [77.3402095, 22.5682074], [77.337892, 22.5655918], [77.3352742, 22.5636499], [77.3281932, 22.5593302], [77.3256826, 22.5582799], [77.3206401, 22.5567937], [77.3170137, 22.5567541], [77.3113489, 22.5576062], [77.3071217, 22.5584979], [77.3003411, 22.560638], [77.2964573, 22.5621836], [77.2926378, 22.5646209], [77.2903418, 22.5667609], [77.2873914, 22.5698222], [77.2860932, 22.5719423], [77.2834647, 22.577401], [77.2824025, 22.5800361], [77.2812009, 22.5828891], [77.2807503, 22.5842958], [77.2798276, 22.5884365], [77.2787332, 22.594677], [77.2777462, 22.5973316], [77.2765445, 22.599273], [77.2729611, 22.6041462], [77.2712552, 22.6058696], [77.2703433, 22.606553], [77.2687072, 22.6071693]]}}, {"type": "Feature", "properties": {"waterbody": "Narmada", "name": "Narmada River", "city": "Narmada Basin", "country": "India", "osm_id": 132534222}, "geometry": {"type": "LineString", "coordinates": [[76.1770963, 22.2350424], [76.1731696, 22.2357772], [76.1666465, 22.2381209], [76.16246, 22.2400171]]}}, {"type": "Feature", "properties": {"waterbody": "Narmada", "name": "Narmada River", "city": "Narmada Basin", "country": "India", "osm_id": 132534224}, "geometry": {"type": "LineString", "coordinates": [[75.2058964, 22.1112529], [75.2035832, 22.1097164], [75.2012551, 22.1084441], [75.1988196, 22.1071916], [75.1966631, 22.1063268], [75.1928758, 22.1052831], [75.1880693, 22.1045277], [75.183649, 22.1042295], [75.1731562, 22.1040108], [75.1634145, 22.1040903], [75.155003, 22.103812], [75.1452613, 22.1033945], [75.140841, 22.1030565], [75.1353264, 22.1021619], [75.1291466, 22.1008895], [75.1220012, 22.0990306], [75.1105428, 22.0962969], [75.105865, 22.0954022], [75.1006293, 22.0946865], [75.0965524, 22.0945473], [75.0888705, 22.0947859], [75.0813818, 22.0950046], [75.0624776, 22.0948654], [75.0589371, 22.0945473], [75.0460195, 22.0920422], [75.0372219, 22.0904914], [75.0265789, 22.0894177], [75.0157213, 22.0885826], [75.0076532, 22.0877078], [74.9955511, 22.0862762], [74.9821615, 22.0854013], [74.9699735, 22.0844072], [74.9582147, 22.0836516], [74.9543318, 22.0835344], [74.9489879, 22.0833732], [74.9413919, 22.0832937], [74.9379907, 22.083445], [74.9333453, 22.0836516], [74.9262213, 22.0837112], [74.917531, 22.083413], [74.9108791, 22.0831744], [74.9028968, 22.0824188], [74.8961162, 22.0813053], [74.8908162, 22.0799532], [74.8836278, 22.0779648], [74.8768901, 22.0760162], [74.8711395, 22.0741072], [74.8661184, 22.0719597], [74.8577499, 22.0685394], [74.8459911, 22.063727], [74.8392534, 22.0620963], [74.8338031, 22.0615395], [74.8286533, 22.0621361], [74.8241472, 22.063369], [74.8181176, 22.0659343], [74.8004579, 22.0741072], [74.7962308, 22.0759963], [74.7919488, 22.0774501], [74.7912526, 22.0776864], [74.7856951, 22.078621], [74.7829056, 22.0785415], [74.7795581, 22.0780444], [74.7735071, 22.0766525], [74.7691727, 22.0752009], [74.7645691, 22.0736895], [74.763701, 22.0733615], [74.7560834, 22.0705279], [74.751234, 22.0684996], [74.7439813, 22.0647213], [74.7340679, 22.0604258], [74.7255946, 22.0579286], [74.720292, 22.0562893], [74.7184116, 22.0557416], [74.7142839, 22.0545392], [74.7068166, 22.052272], [74.6971392, 22.048891], [74.6953682, 22.0480948], [74.6942639, 22.0475983], [74.6913764, 22.0457732], [74.6879339, 22.0425664], [74.6845436, 22.0393046], [74.6812391, 22.0369973], [74.6779346, 22.0353663], [74.6749306, 22.0347099], [74.6712613, 22.0344315], [74.6663475, 22.0343917], [74.6608972, 22.0347298], [74.6534943, 22.0353663], [74.6472208, 22.0362029], [74.6424222, 22.0363807], [74.6390104, 22.0363409], [74.6347833, 22.0356647], [74.6311676, 22.0346304], [74.6276164, 22.0332182], [74.6219301, 22.0310103], [74.6185397, 22.0296379], [74.612801, 22.0277948], [74.6091018, 22.0266067], [74.600172, 22.0247048], [74.5922756, 22.0236107], [74.5855808, 22.0229941], [74.5811176, 22.0227156], [74.5749915, 22.0226062], [74.5748163, 22.0225983], [74.5670938, 22.0222488], [74.5618915, 22.0235113], [74.5574069, 22.0257192], [74.5544672, 22.0280465], [74.5509267, 22.0327209], [74.547472, 22.0383299], [74.5436311, 22.0443763], [74.541378, 22.0479762], [74.5392966, 22.0502434], [74.5376014, 22.0517748], [74.5349192, 22.0532664], [74.5311641, 22.053167], [74.5271945, 22.0525306], [74.5232892, 22.051387], [74.5179462, 22.0490999], [74.5079898, 22.0459476], [74.4999218, 22.0444758], [74.4940737, 22.0438946], [74.4815111, 22.042646], [74.4746446, 22.0413731], [74.4682931, 22.039941], [74.4538522, 22.0356647]]}}, {"type": "Feature", "properties": {"waterbody": "Narmada", "name": "Narmada River", "city": "Narmada Basin", "country": "India", "osm_id": 135840728}, "geometry": {"type": "LineString", "coordinates": [[79.3467582, 23.1070767], [79.3448281, 23.1058455], [79.3433475, 23.1047995], [79.338701, 23.1014653], [79.3366313, 23.1004574], [79.3330693, 23.0993719], [79.3303452, 23.0987161], [79.3290782, 23.0984047], [79.3273401, 23.0981876], [79.3231129, 23.0984639], [79.3159246, 23.1000232], [79.3128347, 23.1003785], [79.3123734, 23.100339], [79.3116438, 23.1001712], [79.3105495, 23.0996778], [79.3097877, 23.0990363], [79.3092942, 23.0981284], [79.3091011, 23.0972402], [79.3088543, 23.0967468], [79.3081784, 23.0958388], [79.3065798, 23.0949111], [79.304595, 23.0944177], [79.3023848, 23.0933321], [79.300518, 23.0925426], [79.2959475, 23.090924], [79.2926216, 23.0900358], [79.2851758, 23.0897397], [79.2844891, 23.0897989], [79.28303, 23.0900753], [79.2748761, 23.0938453], [79.2730737, 23.0945559], [79.2711854, 23.0950098], [79.2674517, 23.0952467], [79.2605951, 23.0943598], [79.2560577, 23.0933913], [79.2526459, 23.0920491], [79.2503071, 23.0905885], [79.2483973, 23.0892067], [79.246273, 23.0869368], [79.2428183, 23.0826928], [79.2405867, 23.0809853], [79.2383766, 23.0801167], [79.2362845, 23.0798996], [79.234879, 23.0798897], [79.2323041, 23.0800476], [79.2284632, 23.0801661], [79.2205024, 23.07987], [79.217627, 23.0795541], [79.2153525, 23.0788237], [79.2116189, 23.0773629], [79.206469, 23.075606], [79.2037868, 23.0749546], [79.1962123, 23.0734148], [79.1913199, 23.0721908], [79.1818571, 23.0702562], [79.1769433, 23.0693283], [79.1716003, 23.0688545], [79.1658175, 23.0686324], [79.1612032, 23.0681451], [79.1558611, 23.0679661], [79.1520309, 23.0673146], [79.1504002, 23.0671863], [79.1492844, 23.0673442], [79.1484904, 23.0677489], [79.1476858, 23.0688249], [79.1469133, 23.0706214], [79.1452718, 23.0732075], [79.1445315, 23.0738392], [79.1436732, 23.0742143], [79.1411948, 23.0746387], [79.136914, 23.0757639], [79.1352939, 23.076366], [79.1313136, 23.077205], [79.1283309, 23.0772544], [79.1268933, 23.0771655], [79.124296, 23.0761995], [79.1220868, 23.0747374], [79.1189861, 23.0721316], [79.1168833, 23.0699501], [79.1081393, 23.059921], [79.10301, 23.0534563], [79.0964341, 23.0439183], [79.0956509, 23.0431778], [79.094578, 23.0426249], [79.0933227, 23.0421609], [79.0923786, 23.0417858], [79.0896964, 23.0403344], [79.0886664, 23.0393274], [79.0882909, 23.0382907], [79.0882373, 23.0374515], [79.0885699, 23.0365234], [79.090426, 23.0345191], [79.0912306, 23.0334429], [79.0918636, 23.0320409], [79.0922499, 23.0301155], [79.0925825, 23.0276174], [79.0926039, 23.0259685], [79.0925395, 23.023727], [79.0920996, 23.0197279], [79.091649, 23.017753], [79.0910911, 23.0166865], [79.0901489, 23.0154933], [79.0878296, 23.0138623], [79.0865636, 23.0130526]]}}, {"type": "Feature", "properties": {"waterbody": "Narmada", "name": "Narmada", "city": "Narmada Basin", "country": "India", "osm_id": 144901510}, "geometry": {"type": "LineString", "coordinates": [[76.070448, 22.2312155], [76.0658169, 22.2285473], [76.0620189, 22.2271767], [76.0586607, 22.2265312], [76.0515153, 22.2260346], [76.0411191, 22.2258459], [76.0337376, 22.2255082], [76.0267639, 22.2246342], [76.0242748, 22.2239589], [76.0219574, 22.2227869], [76.0201335, 22.2216547], [76.0178375, 22.2198272], [76.0149192, 22.2161721], [76.0125589, 22.2126759], [76.0070014, 22.2074512], [76.0030746, 22.2044514], [76.0005212, 22.202723], [75.9967232, 22.2004383], [75.9923672, 22.198551], [75.9868312, 22.1971007], [75.9794283, 22.196147], [75.9747076, 22.195094], [75.970695, 22.1939218], [75.9662103, 22.1921734], [75.9631204, 22.190882], [75.9592366, 22.1893323], [75.954473, 22.1879613], [75.9508252, 22.1877626], [75.9467268, 22.1883587], [75.9416628, 22.1896104], [75.9330368, 22.1921337], [75.9285092, 22.1928887], [75.9244752, 22.1928291], [75.919261, 22.1920741], [75.9144811, 22.1911954], [75.908972, 22.1902263], [75.9049916, 22.1892329], [75.8993053, 22.1877229], [75.8930826, 22.1856168], [75.8837271, 22.1822688], [75.8823001, 22.1818218], [75.8813774, 22.1818913], [75.8805621, 22.1821198], [75.8793068, 22.1824178], [75.8780193, 22.1823284], [75.8765387, 22.1819112], [75.8753371, 22.1812058], [75.8734488, 22.1803315], [75.8701443, 22.1792784], [75.8655953, 22.1781657], [75.8606279, 22.1768642], [75.8556122, 22.1755826], [75.8525705, 22.1751057], [75.8479357, 22.1751256], [75.8434939, 22.1755627], [75.8387089, 22.1763178], [75.8331513, 22.1776093], [75.8278513, 22.1790797], [75.8233022, 22.1803911], [75.8220976, 22.1806471], [75.8193755, 22.1812257], [75.813303, 22.1817224], [75.8078956, 22.1815635], [75.8021664, 22.181027], [75.7954502, 22.1802521], [75.7871461, 22.1790599], [75.7828975, 22.1782651], [75.7795286, 22.1775497], [75.7751941, 22.1760396], [75.7708597, 22.1730988], [75.7672119, 22.1697207], [75.7627487, 22.1653489], [75.7583577, 22.1612829], [75.7562899, 22.1595859], [75.7523632, 22.1573602], [75.7484793, 22.1560684], [75.7429004, 22.1548959], [75.7383084, 22.1541009], [75.7307124, 22.1532464], [75.7221079, 22.1524117], [75.7126665, 22.1520937], [75.707109, 22.1523322], [75.702002, 22.1532464], [75.6941485, 22.1551145], [75.6875396, 22.1569031], [75.6802091, 22.1594543], [75.6748859, 22.1619314], [75.674486, 22.1621186]]}}, {"type": "Feature", "properties": {"waterbody": "Narmada", "name": "Narmada River", "city": "Narmada Basin", "country": "India", "osm_id": 144901513}, "geometry": {"type": "LineString", "coordinates": [[76.4780616, 22.2820678], [76.4747143, 22.2828223], [76.471767, 22.2835751], [76.4712504, 22.2837847], [76.4708063, 22.283964], [76.4707124, 22.2840136], [76.4683011, 22.2849629], [76.4677083, 22.2852148], [76.4671022, 22.2853985], [76.4661258, 22.2856219], [76.4647794, 22.2856914], [76.4640391, 22.2857112], [76.4632666, 22.2858502], [76.4626765, 22.2860934], [76.4622259, 22.2865947], [76.4616465, 22.2874485], [76.4607775, 22.2884412], [76.4603376, 22.2889177], [76.459769, 22.2895481], [76.4594901, 22.2899204], [76.4591896, 22.2905408], [76.459077, 22.2912506], [76.4591521, 22.2918313], [76.4593238, 22.2923972], [76.4598548, 22.2929878], [76.4607561, 22.2935388], [76.4608425, 22.2936147], [76.4611798, 22.293911], [76.461491, 22.2942684], [76.4617673, 22.2947672], [76.4619818, 22.2951047], [76.4623305, 22.2954596], [76.4634812, 22.2963431], [76.4658093, 22.2976733], [76.4670351, 22.2984699], [76.4675689, 22.2988793], [76.468277, 22.2995444], [76.4687705, 22.3002343], [76.4689904, 22.3010483], [76.4690012, 22.3017133], [76.4689314, 22.3025273], [76.4688992, 22.304175], [76.4688456, 22.3059617], [76.4686203, 22.3068948], [76.4681268, 22.3079469], [76.4675689, 22.3090586], [76.4672148, 22.3098824], [76.4669788, 22.3107658], [76.4670002, 22.3116492], [76.4672148, 22.3130983], [76.4675903, 22.3147658], [76.4680302, 22.3171975], [76.4679444, 22.3180908], [76.4676654, 22.3187557], [76.4671719, 22.3193314], [76.4663458, 22.3201552], [76.465584, 22.3207904], [76.4649939, 22.3217134], [76.4644682, 22.322825], [76.4642947, 22.3230344], [76.4639747, 22.3234205], [76.4630628, 22.3238572], [76.4615929, 22.3240457], [76.4596081, 22.3241648], [76.4583957, 22.3244179], [76.4575052, 22.3247603], [76.4565503, 22.3252764], [76.4556223, 22.3255741], [76.4540398, 22.3258967], [76.4516365, 22.3263284], [76.4494264, 22.327043], [76.4473343, 22.3276484], [76.4443731, 22.3287797], [76.4408541, 22.3305463], [76.4367556, 22.3327097], [76.4335155, 22.3340991], [76.4308548, 22.3350121], [76.4270997, 22.3358259], [76.4225936, 22.3370366], [76.4168322, 22.338019], [76.4100194, 22.3387038], [76.4057278, 22.3385251], [76.4012432, 22.3378503], [76.3966083, 22.3365999], [76.3927245, 22.334635], [76.3862228, 22.330586], [76.3809657, 22.3277873], [76.3752794, 22.3252665], [76.3710308, 22.3235197], [76.3653874, 22.3216539], [76.3601303, 22.3195299], [76.3549161, 22.3170089], [76.3523412, 22.3149643], [76.3503241, 22.3121455], [76.3487148, 22.3097633], [76.3465261, 22.3075797], [76.3425779, 22.3050188], [76.3392734, 22.3033115], [76.3350248, 22.301485], [76.3314384, 22.3002465], [76.3235879, 22.297852], [76.314125, 22.2962439], [76.3078594, 22.2950924], [76.3009929, 22.2944173], [76.2908649, 22.2939408], [76.2802219, 22.2938217], [76.2736988, 22.2935835], [76.2646436, 22.2929085], [76.2580132, 22.2920746], [76.2542581, 22.2914988], [76.2517476, 22.2909032], [76.2488937, 22.2900097], [76.2468709, 22.2893592], [76.2288093, 22.284927], [76.2233161, 22.2838151], [76.2092185, 22.2810552], [76.2073839, 22.2802411], [76.2056136, 22.2787519], [76.2046793, 22.2768073], [76.2030011, 22.2659021], [76.202791, 22.26394], [76.2022876, 22.2569286], [76.2017512, 22.2520234], [76.2003877, 22.2464639], [76.1983394, 22.2429472], [76.194992, 22.2399283], [76.1904001, 22.2370285], [76.1861086, 22.2356779], [76.1815166, 22.2348636], [76.1770963, 22.2350424]]}}, {"type": "Feature", "properties": {"waterbody": "Narmada", "name": "Narmada River", "city": "Narmada Basin", "country": "India", "osm_id": 144901514}, "geometry": {"type": "LineString", "coordinates": [[76.16246, 22.2400171], [76.1613073, 22.2405604], [76.158396, 22.2421528], [76.1561, 22.2434139], [76.1548233, 22.2439105], [76.1538899, 22.2441488], [76.1529243, 22.2442977], [76.1516261, 22.2444467], [76.1507249, 22.2446751], [76.1498129, 22.2451418], [76.1482143, 22.2458965], [76.1467981, 22.2466612], [76.1410904, 22.250097], [76.136949, 22.2531554], [76.1346102, 22.2546746], [76.1324644, 22.2555385], [76.1300182, 22.2557967], [76.1277652, 22.2558165], [76.1245572, 22.2552803], [76.1203408, 22.2541235], [76.1087867, 22.2523798], [76.0959702, 22.2480949], [76.0865762, 22.2426506], [76.070448, 22.2312155]]}}, {"type": "Feature", "properties": {"waterbody": "Narmada", "name": "Narmada River", "city": "Narmada Basin", "country": "India", "osm_id": 148449573}, "geometry": {"type": "LineString", "coordinates": [[78.2213044, 22.8908734], [78.2197488, 22.8943711], [78.2190943, 22.895074], [78.2180536, 22.896003], [78.2163906, 22.8967147], [78.2140195, 22.8973571], [78.2124424, 22.8976635], [78.2087409, 22.8978315], [78.205812, 22.8976338], [78.2021427, 22.8969716], [78.1999218, 22.8959734], [78.1978941, 22.8948368], [78.1942677, 22.8919507], [78.1923365, 22.8904088], [78.1901693, 22.888689], [78.18753, 22.8859017], [78.1866503, 22.8848935], [78.1857383, 22.8833515], [78.1854486, 22.8816909], [78.1834745, 22.8716083], [78.1825304, 22.8700464], [78.1816935, 22.8693742], [78.179698, 22.8684845], [78.1756425, 22.8674168], [78.1650853, 22.8655188], [78.1624245, 22.8649454], [78.1606221, 22.8642534], [78.1585622, 22.8630869], [78.1506872, 22.8550197], [78.1488418, 22.8526865], [78.1464386, 22.8499973], [78.1436276, 22.8470707], [78.1410527, 22.8453701], [78.1342077, 22.8415338], [78.1261611, 22.8359374], [78.1244015, 22.8338213], [78.123436, 22.8315866], [78.1231141, 22.8295299], [78.1233072, 22.8270577], [78.124659, 22.8220145], [78.1251526, 22.8198785], [78.1259894, 22.8157448], [78.1271267, 22.8112549], [78.1277704, 22.8093956], [78.1289506, 22.8068243], [78.1293368, 22.8050243], [78.129251, 22.8033825], [78.1284141, 22.8007319], [78.1277704, 22.7990505], [78.1267619, 22.7971713], [78.125453, 22.7953711], [78.1235862, 22.7934919], [78.1222129, 22.7922852], [78.1206679, 22.791118], [78.1181788, 22.7901487], [78.1152391, 22.7892387], [78.1117201, 22.788388], [78.1083298, 22.7880913], [78.1033945, 22.7882495], [78.1002617, 22.7890606], [78.0955839, 22.7914741], [78.0899191, 22.7955492], [78.0858207, 22.7986746], [78.0795336, 22.8034814], [78.0743282, 22.8080404], [78.0723452, 22.8097121], [78.0675816, 22.8132724], [78.0645132, 22.8148349], [78.0620456, 22.815547], [78.0602002, 22.8157052], [78.0577004, 22.8155569], [78.0554366, 22.8149635], [78.0538702, 22.8143701], [78.0387211, 22.804688], [78.0373263, 22.803699], [78.0330133, 22.8002373], [78.0318332, 22.7995846], [78.029859, 22.7990703], [78.0279493, 22.7992285], [78.0259108, 22.8001978], [78.0171346, 22.8077539], [78.0143237, 22.8103253], [78.01162, 22.8132328], [78.0069423, 22.8191269], [78.0041528, 22.8220343], [78.0015778, 22.823656], [77.9991102, 22.8246251], [77.9959774, 22.8253371], [77.9907203, 22.8257525], [77.9793262, 22.8267018], [77.9723954, 22.8277104], [77.9624498, 22.8272357], [77.9581475, 22.8263853], [77.955594, 22.8254558], [77.9519892, 22.8234187], [77.9507231, 22.8223112], [77.9484088, 22.8196272], [77.9432452, 22.8136383], [77.9410458, 22.811601], [77.9367328, 22.808466], [77.9340935, 22.8072199], [77.93154, 22.8062704], [77.9279888, 22.8055484], [77.9257679, 22.8055188], [77.9237723, 22.8059836], [77.9217338, 22.8071902], [77.9201996, 22.8086737], [77.9190087, 22.8100681], [77.91785, 22.8117098], [77.9166269, 22.8137075], [77.9152965, 22.8172282], [77.9148674, 22.8191665], [77.9146743, 22.8205707], [77.914567, 22.8220145], [77.9148888, 22.8240911], [77.9155862, 22.8254558], [77.9176891, 22.8277203], [77.9212403, 22.8306176], [77.9225063, 22.8315866], [77.9266145, 22.8343566], [77.9308748, 22.8375293], [77.9318297, 22.8384291], [77.9323661, 22.8393585], [77.932688, 22.8404363], [77.9329133, 22.8413558], [77.9329133, 22.8429774], [77.9326665, 22.8450241], [77.9320979, 22.846695], [77.9300594, 22.8502345], [77.9276776, 22.8537344], [77.9249096, 22.8571749], [77.9231071, 22.8586579], [77.9211116, 22.8592708], [77.9185164, 22.859479], [77.9157042, 22.8593302], [77.9134941, 22.8586777], [77.9116273, 22.8575111], [77.9065156, 22.8530522], [77.9020571, 22.8489097], [77.8966284, 22.84363], [77.8945899, 22.8418502], [77.8880238, 22.8362736], [77.8818655, 22.8303803], [77.8797841, 22.8287783], [77.8775096, 22.8277302], [77.8759217, 22.8275719], [77.8736901, 22.8280862], [77.8699458, 22.8298957], [77.8667271, 22.8318833], [77.8641844, 22.8342465], [77.8631758, 22.8357989], [77.8624892, 22.8380138], [77.862339, 22.8406439], [77.8627467, 22.8442034], [77.8637865, 22.8468545], [77.8667807, 22.8526667], [77.8704715, 22.8574122], [77.8710508, 22.8585788], [77.8718447, 22.8619203], [77.8713512, 22.8643325], [77.8703856, 22.8658351], [77.8682497, 22.86726], [77.8656649, 22.8684054], [77.8539061, 22.8724979], [77.8510308, 22.8731504], [77.8475547, 22.8730713], [77.8451514, 22.8724386], [77.8432202, 22.871371], [77.837694, 22.8671018], [77.829144, 22.8583811], [77.826612, 22.8553558], [77.8227281, 22.8523899], [77.8188228, 22.8502543], [77.8153038, 22.8486526], [77.8056049, 22.8450537], [77.8038239, 22.844243], [77.7997899, 22.8421864], [77.7972793, 22.8403275], [77.7958417, 22.8386862], [77.7942753, 22.835621], [77.7845312, 22.8182035], [77.7842767, 22.8177485], [77.7829885, 22.8153294], [77.7821088, 22.8134702], [77.7798986, 22.8080012], [77.7792549, 22.8059539], [77.7784502, 22.8019286], [77.7782893, 22.8011275], [77.7785039, 22.7985164], [77.7787185, 22.7973493], [77.7791261, 22.7958261], [77.7789545, 22.7943623], [77.7779245, 22.7922852], [77.7755856, 22.7903663], [77.7724626, 22.7883102], [77.7635479, 22.7813254], [77.7592563, 22.7781995], [77.7489781, 22.7689402], [77.7469396, 22.7668231], [77.7430558, 22.7625098], [77.7356744, 22.7583545], [77.7328849, 22.757939], [77.7295804, 22.7582952], [77.7260184, 22.7598583], [77.719152, 22.7647852], [77.7166629, 22.765913], [77.7114701, 22.7671991], [77.7058482, 22.7681884], [77.7031874, 22.7683269], [77.6996643, 22.7680384], [77.6960206, 22.7677729], [77.694025, 22.767298], [77.6909995, 22.765636], [77.6867294, 22.7615204], [77.6838112, 22.7586118], [77.6824808, 22.7567617], [77.6820409, 22.755614], [77.6805281, 22.7499052], [77.6789725, 22.7450669], [77.6780391, 22.7423953], [77.677052, 22.7398524], [77.6758173, 22.7378153], [77.672503, 22.7347465], [77.6709795, 22.7336976], [77.6670742, 22.7318373], [77.6652717, 22.7314217], [77.6631903, 22.7314415], [77.6596498, 22.7324508]]}}, {"type": "Feature", "properties": {"waterbody": "Narmada", "name": "Narmada River", "city": "Narmada Basin", "country": "India", "osm_id": 159660244}, "geometry": {"type": "LineString", "coordinates": [[77.2116449, 22.566247], [77.2052192, 22.5678507], [77.1974516, 22.5707634], [77.1893289, 22.5741727], [77.1825599, 22.5768561], [77.1814334, 22.5772227], [77.1713805, 22.5808881], [77.1690631, 22.5815419], [77.1666384, 22.5818589], [77.1644711, 22.5817004], [77.1615314, 22.5807692], [77.1559095, 22.5776784], [77.1522501, 22.5752822], [77.1487856, 22.5729033], [77.1444297, 22.5681479], [77.1397519, 22.5636896], [77.1311688, 22.5567343], [77.1264052, 22.5524737], [77.1153974, 22.5414155], [77.1069109, 22.5339735], [77.0887584, 22.5143592], [77.086451, 22.5120614], [77.0848846, 22.5107729], [77.0829534, 22.5096827], [77.0818645, 22.5092119], [77.0807326, 22.5087708], [77.078458, 22.5081662], [77.0764303, 22.5077598], [77.0745206, 22.5073039], [77.0697784, 22.5060749], [77.0624614, 22.5038546], [77.0491147, 22.5000088], [77.0460033, 22.4990175], [77.0432567, 22.4979867], [77.0415401, 22.497273], [77.0387399, 22.4961529], [77.0357573, 22.4955185], [77.0337856, 22.4952173], [77.0330322, 22.4951021], [77.0304894, 22.4948642], [77.0278716, 22.494557], [77.0246422, 22.4940812], [77.0200395, 22.4936153], [77.0169926, 22.4933278], [77.013613, 22.4932881], [77.0110488, 22.4933278], [77.0087206, 22.4935261], [77.0063817, 22.4938829], [77.0036137, 22.4941307], [77.0019293, 22.4941307], [77.0005989, 22.4940118], [76.9998908, 22.4939027], [76.9992202, 22.4936747], [76.9986516, 22.4932881], [76.998201, 22.492847], [76.9976592, 22.492619], [76.9969511, 22.4925298], [76.9963878, 22.4925249], [76.9956636, 22.492743], [76.9944513, 22.4931593], [76.9924128, 22.4934071], [76.9906747, 22.4931989], [76.9888401, 22.492852], [76.9859433, 22.4922374], [76.9811368, 22.4914047], [76.9769525, 22.4907307], [76.9738197, 22.4904531], [76.9712662, 22.4904333], [76.9641423, 22.4909091], [76.9600439, 22.491266], [76.9512248, 22.4918607], [76.9453883, 22.492059], [76.9391012, 22.4917418], [76.9258189, 22.4900764], [76.9151544, 22.4881732], [76.9094038, 22.4868646], [76.9048976, 22.4853182], [76.9003057, 22.4834545], [76.8968296, 22.4816701], [76.8890619, 22.4774072], [76.8784189, 22.4704476], [76.8674755, 22.4627142], [76.8620252, 22.4590655], [76.8555879, 22.4554167], [76.8482923, 22.4526008], [76.8391084, 22.4496261], [76.8288517, 22.4467703], [76.822114, 22.4441524], [76.8184876, 22.4428435], [76.8159127, 22.4418122], [76.8130374, 22.4403644], [76.8097329, 22.4382621], [76.8062782, 22.4357036], [76.8036604, 22.4340574], [76.7993688, 22.4319352], [76.7948627, 22.4297535], [76.7923093, 22.4279782], [76.790775, 22.4264311], [76.7895734, 22.4245865], [76.788758, 22.4227121], [76.7884683, 22.4213038], [76.7884254, 22.4179713], [76.7891658, 22.4136866], [76.7902708, 22.4084299], [76.7910862, 22.4033712], [76.7908716, 22.4005542], [76.7903995, 22.3974594], [76.7883396, 22.3917456], [76.7858934, 22.3862499], [76.7844987, 22.3830754], [76.7827391, 22.3798611], [76.7817306, 22.377996], [76.7808723, 22.3758332], [76.7792201, 22.3707734], [76.7779111, 22.362975], [76.7769241, 22.3569026], [76.7761945, 22.3481706], [76.7722892, 22.3347541], [76.7657661, 22.3199865], [76.7570111, 22.3097438], [76.7501446, 22.3011677], [76.7425915, 22.2938617], [76.7380428, 22.2840534], [76.7311334, 22.2798837], [76.7229365, 22.2758331], [76.7007061, 22.2709884], [76.6866299, 22.2655872], [76.6759869, 22.261139], [76.6598507, 22.2589148], [76.6522976, 22.2624099], [76.646716, 22.2625458], [76.6392514, 22.2627276], [76.6286084, 22.2592325], [76.6213986, 22.2554196], [76.619682, 22.248429], [76.6148755, 22.2398492], [76.6110989, 22.2344468], [76.6000154, 22.2342293], [76.5926588, 22.2330944]]}}, {"type": "Feature", "properties": {"waterbody": "Narmada", "name": "Narmada", "city": "Narmada Basin", "country": "India", "osm_id": 162389376}, "geometry": {"type": "LineString", "coordinates": [[74.4538522, 22.0356647], [74.4491958, 22.0346503], [74.4443249, 22.0335364], [74.4376731, 22.0318258], [74.4321477, 22.0301649], [74.4244122, 22.027589], [74.4173955, 22.0256596], [74.4099283, 22.0242672], [74.3989849, 22.0235908], [74.3973864, 22.0233713], [74.3949294, 22.0230338], [74.392333, 22.0223973], [74.3897366, 22.0213032], [74.3871188, 22.0192742], [74.3848794, 22.0166139], [74.383235, 22.0139827], [74.3817329, 22.0110982], [74.3783426, 22.0052095], [74.3758535, 22.0015688], [74.3723774, 21.9978285], [74.3699956, 21.9957593], [74.363687, 21.990447], [74.3597603, 21.9866865], [74.3537521, 21.9803393], [74.3497181, 21.9768372], [74.3443107, 21.9750463], [74.3363285, 21.9742901], [74.3270158, 21.9739718], [74.3200635, 21.9737728], [74.3125963, 21.9730962], [74.3056011, 21.9716635], [74.3011379, 21.9695541], [74.2972755, 21.96641], [74.2951726, 21.9627484], [74.2940139, 21.9591264], [74.2932629, 21.9535142], [74.2915415, 21.9452706], [74.290452, 21.9413339], [74.2879843, 21.9375124], [74.2863536, 21.9355419], [74.2842936, 21.9344272], [74.2819333, 21.9338898], [74.2765689, 21.9335912], [74.2682004, 21.9329145], [74.2547035, 21.9316605], [74.2498502, 21.9310708], [74.2376661, 21.9295904], [74.233811, 21.9291389], [74.2162513, 21.9270823], [74.2029476, 21.9255297], [74.1948795, 21.9251714], [74.1908777, 21.9257188], [74.1881525, 21.9264553], [74.1875404, 21.9267859], [74.1857385, 21.9277591], [74.1825628, 21.9303667], [74.1772842, 21.9350443], [74.1710186, 21.9403785], [74.1635513, 21.9467475], [74.1595387, 21.9496135], [74.1541099, 21.9518425], [74.1501403, 21.9529769], [74.146235, 21.9535341], [74.1456055, 21.9534952], [74.141407, 21.9532356], [74.1238117, 21.9477825], [74.1044654, 21.9417967], [74.0925228, 21.9381201], [74.0756866, 21.9329369], [74.0708781, 21.9315782]]}}, {"type": "Feature", "properties": {"waterbody": "Narmada", "name": "Narmada River", "city": "Narmada Basin", "country": "India", "osm_id": 164776400}, "geometry": {"type": "LineString", "coordinates": [[75.674486, 22.1621186], [75.6580996, 22.1696412], [75.6527781, 22.1714296], [75.6489587, 22.1722244], [75.6452465, 22.1725622], [75.6405902, 22.1719462], [75.6346249, 22.170754], [75.6246257, 22.1695021], [75.6155491, 22.1685482], [75.6106138, 22.1682502], [75.6017518, 22.1675348], [75.5988979, 22.1676739], [75.5983824, 22.1676672], [75.5958295, 22.1676342], [75.5925035, 22.1674354], [75.5854654, 22.1670777], [75.5783415, 22.1667399], [75.5713033, 22.1668393], [75.5670547, 22.1673758], [75.5613792, 22.1679223], [75.557785, 22.1678925], [75.5552208, 22.1677037], [75.5532145, 22.1674255], [75.5520022, 22.1667896], [75.5513906, 22.165796], [75.5509722, 22.1644845], [75.5505001, 22.1613943], [75.5498886, 22.1593872], [75.549438, 22.158006], [75.5489337, 22.1571912], [75.5480862, 22.1563764], [75.547024, 22.1560187], [75.5455327, 22.1560883], [75.5438054, 22.1564559], [75.539664, 22.1572508], [75.5361235, 22.1577576], [75.5328941, 22.1581253], [75.5297506, 22.1586519], [75.5254805, 22.1594369], [75.5225086, 22.1598443], [75.5192149, 22.1599238], [75.5159211, 22.1596455], [75.5113077, 22.1589103], [75.5070376, 22.1578172], [75.5009222, 22.1560684], [75.4942703, 22.1543792], [75.4892707, 22.1534849], [75.4834449, 22.1527297], [75.4800439, 22.1526402], [75.4704094, 22.1530675], [75.4668045, 22.1530476], [75.4620194, 22.1526104], [75.456655, 22.1519148], [75.4539728, 22.1514478], [75.4455399, 22.1495498], [75.4369461, 22.1478903], [75.4294252, 22.1465091], [75.4235673, 22.1450582], [75.4183531, 22.1432496], [75.4144263, 22.1417391], [75.4089331, 22.1393739], [75.4028821, 22.1367105], [75.4002213, 22.1358757], [75.3974318, 22.1354782], [75.3942561, 22.135359], [75.3911018, 22.1356372], [75.3880548, 22.1363329], [75.3861236, 22.1371677], [75.3828621, 22.1388174], [75.3805875, 22.1401093], [75.3785491, 22.1409639], [75.3761458, 22.1415403], [75.3723907, 22.1418186], [75.3696656, 22.1418186], [75.3614473, 22.1409043], [75.3497743, 22.1395925], [75.3414488, 22.1389267], [75.3338742, 22.1383404], [75.3290033, 22.1380422], [75.3255701, 22.1377043], [75.3213966, 22.1372671], [75.3187573, 22.1368198], [75.3147018, 22.1361242], [75.3127169, 22.1355379], [75.3100347, 22.1341664], [75.305314, 22.1311849], [75.3014946, 22.1288792], [75.2977395, 22.1270704], [75.2926648, 22.1253311], [75.2884054, 22.124526], [75.2844357, 22.124208], [75.2736425, 22.1246453], [75.2650594, 22.1252218], [75.2543306, 22.1255199], [75.2500605, 22.1255], [75.2446532, 22.1252416], [75.2390313, 22.1244267], [75.2346968, 22.1237707], [75.2294397, 22.1222997], [75.2235818, 22.1204511], [75.2189791, 22.1188608], [75.2163613, 22.1177973], [75.2130246, 22.116197], [75.2107286, 22.1147658], [75.2083897, 22.1131357], [75.2077031, 22.1125989], [75.2058964, 22.1112529]]}}, {"type": "Feature", "properties": {"waterbody": "Narmada", "name": "Narmada", "city": "Narmada Basin", "country": "India", "osm_id": 166342729}, "geometry": {"type": "LineString", "coordinates": [[77.2687072, 22.6071693], [77.2639704, 22.6069591], [77.2616958, 22.6063252], [77.2592711, 22.6047603], [77.2556662, 22.6019275], [77.252672, 22.5988979], [77.2452807, 22.5905365], [77.2417617, 22.5870299], [77.2346592, 22.5810664], [77.229841, 22.5767088], [77.2271061, 22.5736364], [77.2219348, 22.5689603], [77.2177505, 22.566959], [77.2116449, 22.566247]]}}, {"type": "Feature", "properties": {"waterbody": "Narmada", "name": "Narmada River", "city": "Narmada Basin", "country": "India", "osm_id": 166855956}, "geometry": {"type": "LineString", "coordinates": [[73.4607375, 21.9830851], [73.460083, 21.9830602], [73.4594661, 21.9830702], [73.4586829, 21.9831597], [73.4577119, 21.9833687], [73.4565755, 21.9837383], [73.4565154, 21.9837376], [73.4560275, 21.9837318], [73.4542572, 21.9836025], [73.4528839, 21.9834134], [73.4514141, 21.9832642], [73.4490323, 21.9826872], [73.4471011, 21.9817918], [73.4440326, 21.979802], [73.4409642, 21.9763198], [73.4396124, 21.9731957], [73.4392369, 21.9702904], [73.4392476, 21.9671662], [73.4394192, 21.9639225], [73.4398484, 21.9611364], [73.4401488, 21.9601613], [73.440578, 21.9590966], [73.4408247, 21.9580816], [73.4407711, 21.9566189], [73.4405994, 21.954569], [73.440814, 21.9532157], [73.4412646, 21.9517828], [73.4417367, 21.9501707], [73.4422302, 21.9480611], [73.4428525, 21.9425082], [73.4429383, 21.9409756], [73.4427345, 21.9390051], [73.4421229, 21.9364574], [73.4414577, 21.9341884], [73.4401059, 21.9303816], [73.4396124, 21.928834], [73.4390974, 21.9275899], [73.4381962, 21.925888], [73.4368229, 21.9241562], [73.4338832, 21.9215684], [73.4307289, 21.9187218], [73.4263515, 21.9155168], [73.4228539, 21.9128691], [73.4204507, 21.9114756], [73.416202, 21.9101219], [73.4117174, 21.9098033], [73.4068465, 21.9102214], [73.402276, 21.9115353], [73.3992934, 21.9125705], [73.3951092, 21.9145612], [73.3909893, 21.9171491], [73.3878779, 21.9190602], [73.385969, 21.9202381], [73.3844447, 21.9213693], [73.3818912, 21.9237382], [73.379488, 21.9264055], [73.3774066, 21.928416], [73.3745646, 21.9299735], [73.3708191, 21.9306453], [73.3671498, 21.9307249], [73.3636093, 21.9304463], [73.359704, 21.9299885], [73.3562922, 21.9285752], [73.3514857, 21.9252311], [73.349061, 21.9228424], [73.3466363, 21.9196574], [73.3455419, 21.9171292], [73.344748, 21.9138844], [73.3443403, 21.9113163], [73.3444123, 21.9049957], [73.3446179, 21.9019767], [73.3448596, 21.898429], [73.3456014, 21.8917425], [73.3462286, 21.8871863], [73.3461427, 21.8831642], [73.3456921, 21.8804164], [73.3450055, 21.8787238], [73.3430099, 21.8768919], [73.3396196, 21.8751197], [73.3364439, 21.8744028], [73.3324313, 21.8744825], [73.3283543, 21.8751794], [73.3230543, 21.8766729], [73.3157801, 21.8802371], [73.3096647, 21.8845381], [73.3046651, 21.8889981], [73.3017468, 21.8920644], [73.29885, 21.8961061], [73.2963395, 21.8986744], [73.2938289, 21.9009043], [73.2906747, 21.9037911], [73.2869625, 21.9063792], [73.2823491, 21.909883], [73.2786155, 21.9121923], [73.2747316, 21.915696], [73.2710838, 21.9198366], [73.2652685, 21.927077], [73.2598943, 21.9311978], [73.2552346, 21.9339065], [73.2509136, 21.9354822], [73.2483709, 21.9355817], [73.246386, 21.9352333], [73.2430601, 21.9339694], [73.2380175, 21.9315012], [73.2336616, 21.9282368], [73.230443, 21.9251714], [73.2258081, 21.9202745], [73.2240486, 21.9172885], [73.2224178, 21.9132275], [73.2217311, 21.9095645], [73.2219886, 21.9048263], [73.2225894, 21.9003269], [73.2252502, 21.8941549], [73.2279968, 21.8893366], [73.2337045, 21.8820093], [73.2421159, 21.8718938], [73.2452917, 21.8673535], [73.2472658, 21.8632313], [73.2478022, 21.861439], [73.2480812, 21.8589895], [73.2478666, 21.8556836], [73.2470512, 21.8518598], [73.2459354, 21.8479562], [73.2442832, 21.8435645], [73.2431888, 21.8420409], [73.2409143, 21.8399296], [73.2385969, 21.8378582], [73.2342195, 21.8344123], [73.2282395, 21.8293816], [73.2254748, 21.8271899], [73.2217741, 21.8252496], [73.2175684, 21.8237756], [73.2117443, 21.8225758], [73.2063245, 21.8223812], [73.200531, 21.823178], [73.1975698, 21.8239748], [73.1935094, 21.8261518], [73.187079, 21.8296988], [73.1783809, 21.8342838], [73.174181, 21.8365635], [73.1716489, 21.8384358], [73.1695032, 21.8411247], [73.1674003, 21.8448094], [73.1647825, 21.8487529], [73.1622505, 21.8530149], [73.1587744, 21.8570179], [73.1560921, 21.859567], [73.1521225, 21.862375], [73.149848, 21.8636495], [73.1465757, 21.8649937], [73.1452775, 21.8654318], [73.1436038, 21.8656011], [73.1421661, 21.8655812], [73.1407714, 21.8650236], [73.1393552, 21.8639283], [73.1362609, 21.8609159], [73.1337762, 21.857456], [73.1316304, 21.8533335], [73.1301498, 21.8496093], [73.129551, 21.8455772], [73.1303859, 21.8418417], [73.1322956, 21.8374399], [73.1342912, 21.8340538], [73.13663, 21.8293331], [73.137939, 21.8255683], [73.1383896, 21.8222417], [73.1386471, 21.8183373], [73.1386471, 21.8140344], [73.1381106, 21.8101497], [73.1381869, 21.8063578], [73.1387114, 21.8033364], [73.1387114, 21.7996108], [73.1382608, 21.7933348], [73.1383467, 21.7832529], [73.1384754, 21.7786102], [73.1386256, 21.7718152], [73.1380462, 21.7626883], [73.1380677, 21.7574869], [73.1383037, 21.7548364], [73.1380891, 21.7506113], [73.1367158, 21.7471833], [73.1316519, 21.7406459]]}}, {"type": "Feature", "properties": {"waterbody": "Narmada", "name": "Narmada River", "city": "Narmada Basin", "country": "India", "osm_id": 168429331}, "geometry": {"type": "LineString", "coordinates": [[78.6837065, 23.0369578], [78.6801231, 23.0385968], [78.6786103, 23.0390608], [78.6768293, 23.039278], [78.6745548, 23.0388634], [78.6699414, 23.0376983], [78.6680961, 23.0369973], [78.6659396, 23.0357434], [78.6625707, 23.0333244], [78.6616802, 23.0323469], [78.654964, 23.0241121], [78.6527324, 23.0222953], [78.6503505, 23.0212881], [78.6482262, 23.0208339], [78.6464023, 23.0207351], [78.6440635, 23.0211301], [78.6420679, 23.0217423], [78.6405873, 23.022473], [78.6387419, 23.0237764], [78.6312318, 23.0292269], [78.6277771, 23.0308659], [78.6250305, 23.0313201], [78.6223697, 23.0311819], [78.6200523, 23.0306092], [78.6178636, 23.0292861], [78.6163187, 23.0275681], [78.6153102, 23.0257907], [78.6118868, 23.0196502], [78.6106753, 23.018069], [78.6090016, 23.0164101], [78.6060405, 23.0145338], [78.603723, 23.0133883], [78.5995173, 23.0112356], [78.5978865, 23.0107023], [78.5959983, 23.0102876], [78.5913205, 23.0098136], [78.5890889, 23.0096358], [78.5868358, 23.0096951], [78.5841965, 23.0102678], [78.5797977, 23.0120453], [78.5761714, 23.0136846], [78.5732746, 23.0149881], [78.5689187, 23.0164101], [78.5617518, 23.0173186], [78.5559582, 23.0177925], [78.5532117, 23.0176345], [78.5504436, 23.0170815], [78.5474825, 23.0163113], [78.5453152, 23.0156201], [78.5354233, 23.0109986], [78.5335994, 23.0103468], [78.5319042, 23.0100308], [78.5298443, 23.0099716], [78.5201454, 23.0108406], [78.5129356, 23.0115516], [78.5101247, 23.0115713], [78.5085153, 23.0111171], [78.4983015, 23.006614], [78.4968424, 23.0060609], [78.4940958, 23.0056462], [78.4903621, 23.0056857], [78.483839, 23.0063967], [78.4740114, 23.0072262], [78.4722304, 23.0071077], [78.4652996, 23.0051326], [78.4622741, 23.0036513], [78.4600425, 23.0021107], [78.4575104, 23.000017], [78.4522319, 22.9950394], [78.44661, 22.9895086]]}}, {"type": "Feature", "properties": {"waterbody": "Narmada", "name": "Narmada River", "city": "Narmada Basin", "country": "India", "osm_id": 169804030}, "geometry": {"type": "LineString", "coordinates": [[79.0865636, 23.0130526], [79.0814566, 23.0114726], [79.0775943, 23.0105838], [79.0748477, 23.0103863], [79.0730667, 23.0105443], [79.071114, 23.0112158], [79.0695047, 23.0119466], [79.0675092, 23.0133883], [79.0642145, 23.0160164], [79.0633249, 23.016963], [79.0617585, 23.0177728], [79.0596127, 23.0181677], [79.057467, 23.018069], [79.0525102, 23.017042], [79.0495705, 23.0165285], [79.0457511, 23.0167063], [79.0423178, 23.0175358], [79.0396249, 23.0183603], [79.0371895, 23.0183652], [79.0356445, 23.0185133], [79.0349793, 23.0188293], [79.0345073, 23.0193527], [79.034239, 23.020666], [79.0340899, 23.0209251], [79.032306, 23.0222357], [79.0314174, 23.0227347], [79.0310153, 23.0229152], [79.0298241, 23.0229865], [79.0294862, 23.0231247], [79.0290624, 23.0233962], [79.0283926, 23.0241686], [79.0281345, 23.0246922], [79.0280217, 23.025613], [79.027791, 23.0262202], [79.0272331, 23.0270398], [79.0264445, 23.0278692], [79.0253341, 23.0287035], [79.0246367, 23.0290936], [79.0239179, 23.0292663], [79.0229523, 23.0292515], [79.0217507, 23.0291133], [79.0206939, 23.0288516], [79.0199965, 23.0287628], [79.0195405, 23.0287628], [79.019047, 23.0288418], [79.018604, 23.0290091], [79.0185374, 23.0290343], [79.017486, 23.029449], [79.0164077, 23.0297502], [79.0145194, 23.0305796], [79.013865, 23.0307128], [79.0131193, 23.0307227]]}}, {"type": "Feature", "properties": {"waterbody": "Narmada", "name": "Narmada", "city": "Narmada Basin", "country": "India", "osm_id": 195761033}, "geometry": {"type": "LineString", "coordinates": [[80.2069759, 22.7902278], [80.2072334, 22.7861526], [80.2071046, 22.7825124], [80.2062892, 22.7799801], [80.2041006, 22.7781204], [80.1984143, 22.7764189], [80.1956677, 22.7754891], [80.1917624, 22.7736887], [80.1877069, 22.7708001], [80.1850462, 22.7664868], [80.1801967, 22.7637167], [80.1732444, 22.7628066], [80.1586532, 22.76249], [80.1346206, 22.7670804], [80.1237201, 22.7700878], [80.1065539, 22.7719081], [80.097786, 22.7707879], [80.081663, 22.7612237], [80.0753974, 22.7600365], [80.0684451, 22.7603531], [80.0612353, 22.7640729], [80.0520515, 22.7715124], [80.0379752, 22.7859152], [80.0201224, 22.8019782], [79.9984931, 22.8219948], [79.9804686, 22.8356804], [79.9533462, 22.8511046], [79.9390983, 22.8595674], [79.934721, 22.86455], [79.932661, 22.8690579], [79.9299144, 22.8822643], [79.9293136, 22.8954694], [79.9317167, 22.9066967], [79.9315451, 22.9223501], [79.9307083, 22.9283184], [79.9287128, 22.9339505], [79.9265027, 22.9375866], [79.9232566, 22.9410175]]}}, {"type": "Feature", "properties": {"waterbody": "Narmada", "name": "Narmada", "city": "Narmada Basin", "country": "India", "osm_id": 208828140}, "geometry": {"type": "LineString", "coordinates": [[80.495072, 22.860729], [80.4945677, 22.8603286], [80.4943103, 22.8600667], [80.4938704, 22.8591028], [80.492894, 22.8578719], [80.4922396, 22.8568388], [80.4921323, 22.8564433], [80.4919231, 22.8556425], [80.4916388, 22.8553015], [80.49087, 22.854756], [80.4894501, 22.8530275], [80.4877067, 22.8509563], [80.4870576, 22.8503334], [80.4867411, 22.8499132], [80.485557, 22.8481985], [80.4850084, 22.8476244], [80.4846168, 22.8472882], [80.4841393, 22.8469817], [80.4824498, 22.8463072], [80.4813949, 22.8458565], [80.4798892, 22.8452379], [80.4782877, 22.844522], [80.4773855, 22.8440155], [80.4758298, 22.843007], [80.4735117, 22.8415877], [80.4701006, 22.8398331], [80.4693067, 22.8391509], [80.4684289, 22.8379287], [80.4679441, 22.8368619], [80.467869, 22.8359967], [80.4680453, 22.8342519], [80.4683426, 22.8328996], [80.4686234, 22.8321972], [80.4687488, 22.8318833], [80.4688829, 22.831552], [80.4691189, 22.8312455], [80.4704118, 22.830316], [80.4714954, 22.8296782], [80.4719943, 22.8295447], [80.4726199, 22.8294436], [80.4740703, 22.8293519], [80.4766077, 22.8295892], [80.4775679, 22.8297474], [80.4784028, 22.8300446], [80.4796878, 22.8303893], [80.480129, 22.830407], [80.4807061, 22.8302369], [80.4812319, 22.8299739], [80.4825361, 22.8291431], [80.483687, 22.8286569], [80.4850674, 22.8281702], [80.4863226, 22.8276313], [80.4867786, 22.8273593], [80.4871778, 22.8269686], [80.4878193, 22.8259255], [80.4889351, 22.8246943], [80.490362, 22.8233989], [80.4906839, 22.8229638], [80.4912901, 22.8218118], [80.4919553, 22.8204421], [80.4923737, 22.8194532], [80.4925722, 22.8180638], [80.4927009, 22.8168771], [80.4931945, 22.8162194], [80.4936719, 22.8157003], [80.4947541, 22.8142486], [80.4953582, 22.8133115], [80.4959893, 22.8117593], [80.4962146, 22.8106022], [80.4961542, 22.8097667], [80.4960583, 22.8093865], [80.4957706, 22.8081135], [80.49555, 22.8069731], [80.4953992, 22.8060429], [80.4954046, 22.8054594], [80.4955602, 22.8045545], [80.4958391, 22.8038374], [80.4961395, 22.8033182], [80.4965633, 22.8029325], [80.4971051, 22.802705], [80.4981969, 22.8024379], [80.4998785, 22.8023193], [80.5014384, 22.8022965], [80.5024642, 22.8024874], [80.503639, 22.8030116], [80.5052322, 22.8038028], [80.505892, 22.8040402], [80.5067396, 22.8041539], [80.5078769, 22.8042578], [80.5083007, 22.804238], [80.5087888, 22.8041539], [80.5096686, 22.8037731], [80.5125535, 22.8027473], [80.5133399, 22.8026059], [80.5137906, 22.8025882], [80.5154407, 22.802344], [80.5158001, 22.8022204], [80.5164471, 22.8015892], [80.5175212, 22.8003161], [80.5184287, 22.7995895], [80.5192655, 22.798729], [80.5194586, 22.7984818], [80.5195767, 22.7982345], [80.519684, 22.7976658], [80.519287, 22.7965382], [80.5189115, 22.7958212], [80.5182731, 22.7947925], [80.5174148, 22.7937737], [80.5166799, 22.7931555], [80.5152637, 22.7921467], [80.5145341, 22.7916669], [80.5140567, 22.7912169], [80.5129754, 22.7902284], [80.5113798, 22.7892832], [80.5105698, 22.7886551], [80.5098027, 22.7881209], [80.5093843, 22.787567], [80.5088907, 22.7867559], [80.508306, 22.786014], [80.5071366, 22.7852029], [80.5058008, 22.784654], [80.5054897, 22.7844413], [80.5048406, 22.7839269], [80.5040388, 22.7831008], [80.5039394, 22.782547], [80.5039127, 22.7808384], [80.5039501, 22.7795745], [80.5041141, 22.7779205], [80.5049005, 22.7751086], [80.5051882, 22.7738176], [80.5055433, 22.7726252], [80.5058974, 22.7717843], [80.5065948, 22.7703647], [80.5069166, 22.7696673], [80.5070239, 22.7692667], [80.50704, 22.7688165], [80.5069917, 22.7684505], [80.5065894, 22.7677679], [80.5063802, 22.7671545], [80.5054951, 22.7641372], [80.5049747, 22.7626285], [80.5045938, 22.7613819], [80.5044651, 22.7609466], [80.5043954, 22.7607487], [80.5042183, 22.7606152], [80.5036346, 22.7604912], [80.5020618, 22.7601452], [80.5008066, 22.759794], [80.4994916, 22.7593062], [80.498312, 22.7590232], [80.4970845, 22.7587844], [80.4960487, 22.7586517], [80.494217, 22.758413], [80.4925239, 22.7578994], [80.4916012, 22.7576026], [80.4907453, 22.7572633], [80.4886643, 22.7560959], [80.4876369, 22.7551787], [80.4872829, 22.7547532], [80.4867947, 22.7540409], [80.4865736, 22.752806], [80.4863655, 22.7511123], [80.4859203, 22.7483369], [80.4858559, 22.7474811], [80.4858077, 22.7469963], [80.4858881, 22.7464224], [80.4860237, 22.7459895], [80.4860973, 22.7457545], [80.486505, 22.7447502], [80.486938, 22.7442095], [80.4890585, 22.7422568], [80.4906034, 22.7411288], [80.4919767, 22.7402877], [80.4929415, 22.7397695], [80.4943693, 22.7390509], [80.4950559, 22.7387639], [80.4957855, 22.7385561], [80.4970407, 22.738378], [80.4985428, 22.7383483], [80.5000985, 22.7385264], [80.5011177, 22.7387045], [80.5021584, 22.7392191], [80.50336, 22.7403273], [80.5041861, 22.7410101], [80.5048621, 22.7414058], [80.5057955, 22.7418313], [80.5065036, 22.7419501], [80.5079694, 22.7416269], [80.5097008, 22.7408418], [80.5107889, 22.7399995], [80.511604, 22.7386639], [80.5123615, 22.7372797], [80.5132413, 22.7355579], [80.5160923, 22.7304999], [80.5176363, 22.7275986], [80.5181014, 22.7264145], [80.5183697, 22.725316], [80.518552, 22.7244055], [80.5185949, 22.7234675], [80.5184402, 22.7225717], [80.5182302, 22.7215852], [80.5179528, 22.7199204], [80.5180371, 22.7190913], [80.5181122, 22.7186856], [80.5183076, 22.7181954], [80.5186624, 22.7175054], [80.5188042, 22.716919], [80.51889, 22.7163896], [80.5187679, 22.715055], [80.5186701, 22.7140441], [80.5185569, 22.7127549], [80.5184609, 22.7123765], [80.5183053, 22.7119905], [80.5178664, 22.7115341], [80.5164855, 22.7100921], [80.5148264, 22.7086501], [80.5133808, 22.7074527], [80.5121899, 22.706458], [80.5112565, 22.7055821], [80.5107254, 22.705305], [80.5085099, 22.7043251], [80.5065572, 22.7037313], [80.5060208, 22.703375], [80.5039608, 22.7016825], [80.5032742, 22.7008709], [80.5028558, 22.6995644], [80.5024597, 22.6984629], [80.5021155, 22.6975056], [80.5020404, 22.696882], [80.5020618, 22.6961793], [80.502212, 22.6954963], [80.5023193, 22.6949222], [80.5021865, 22.6936451], [80.5021262, 22.692804], [80.5022335, 22.691636], [80.5024803, 22.6902205], [80.5024052, 22.6883794], [80.5023193, 22.6870728], [80.502094, 22.6861027], [80.5017722, 22.6854692], [80.5011392, 22.6841625], [80.4991543, 22.6820244], [80.497663, 22.680391], [80.4959249, 22.6785696], [80.4944336, 22.6775103], [80.4923949, 22.6765237], [80.4901316, 22.6755857], [80.4889941, 22.6749761], [80.4874367, 22.6744707], [80.4859149, 22.6742237], [80.4838404, 22.6740106], [80.4825944, 22.6739712], [80.4799068, 22.6740999], [80.4785764, 22.6742831], [80.4775572, 22.6742187], [80.4761946, 22.673996], [80.4756474, 22.6738277], [80.474979, 22.6734266], [80.4742886, 22.6725682], [80.4737899, 22.6717187], [80.4736948, 22.671333], [80.4737806, 22.670937], [80.4740596, 22.6700559], [80.4746389, 22.6689174], [80.4752612, 22.6684323], [80.4759747, 22.6683135], [80.4767901, 22.6683729], [80.4780383, 22.6683383], [80.4788822, 22.6681254], [80.4800087, 22.6676997], [80.4809743, 22.6670364], [80.4820847, 22.6655117], [80.4840374, 22.6624525], [80.486727, 22.6584355], [80.4872239, 22.6578834], [80.4878107, 22.6574354], [80.4885492, 22.6571876], [80.4892876, 22.6571434], [80.4901795, 22.6571434], [80.4919553, 22.6572151], [80.493629, 22.6576606], [80.494616, 22.658225], [80.4985428, 22.660314], [80.4990739, 22.6604774], [80.5000663, 22.6605764], [80.5007368, 22.6605368], [80.5018097, 22.6601952], [80.5022496, 22.6598734], [80.5041862, 22.6580616], [80.5044256, 22.6578214], [80.5060047, 22.6563785], [80.5064124, 22.6559775], [80.5071419, 22.6549428], [80.5074638, 22.6539329], [80.5075067, 22.6532349], [80.5073939, 22.6524085], [80.507135, 22.6518774], [80.5066913, 22.6514428], [80.5061388, 22.6511358], [80.5049479, 22.6503536], [80.5039606, 22.6494967], [80.5018988, 22.6478416], [80.5015727, 22.6474345], [80.5011821, 22.6466901], [80.5009836, 22.6460465], [80.500911, 22.64485], [80.5011219, 22.6437171], [80.5018412, 22.642062], [80.5030112, 22.6394332], [80.503462, 22.6382914], [80.5038168, 22.6369548], [80.5039394, 22.6357781], [80.5038857, 22.634362], [80.5036497, 22.632837], [80.503478, 22.6312328], [80.5035102, 22.628361], [80.5037248, 22.6268359], [80.5040467, 22.6260783], [80.5045265, 22.6252173], [80.5058008, 22.6241373], [80.5066075, 22.6234115], [80.507319, 22.6226766], [80.5079412, 22.6220527], [80.5085742, 22.6208989], [80.5088532, 22.6204681], [80.5096203, 22.6195421], [80.5098993, 22.619146], [80.5100334, 22.6186161], [80.5099583, 22.6178932], [80.509631, 22.6172148], [80.5092555, 22.6168038], [80.5088961, 22.6163779], [80.5082256, 22.6155806], [80.5068737, 22.6139564], [80.5060047, 22.6133721], [80.5059962, 22.6133679], [80.5042505, 22.6125055], [80.502877, 22.6120624], [80.5016302, 22.6118588], [80.500356, 22.6118518], [80.4996479, 22.6119657], [80.4990148, 22.6121341], [80.4976952, 22.6126788], [80.4962468, 22.613689], [80.4957801, 22.6140356], [80.4948595, 22.614975], [80.4935646, 22.6157936], [80.4927305, 22.6159931], [80.4921839, 22.6159754], [80.4916388, 22.6157936], [80.4911184, 22.6155361], [80.4896057, 22.6144615], [80.4886454, 22.6138871], [80.4870897, 22.6129115], [80.4859525, 22.6122183], [80.4849923, 22.6112972], [80.4835546, 22.6098957], [80.4829699, 22.6091479], [80.480985, 22.6062212], [80.4791719, 22.6032894], [80.4766345, 22.5991938]]}}, {"type": "Feature", "properties": {"waterbody": "Narmada", "name": "Narmada", "city": "Narmada Basin", "country": "India", "osm_id": 208828141}, "geometry": {"type": "LineString", "coordinates": [[80.7480204, 22.9970443], [80.7474089, 22.9973801], [80.7467866, 22.9977652], [80.7461643, 22.9979726], [80.7451451, 22.9981208], [80.7437289, 22.9984171], [80.7422483, 22.9989899], [80.7410681, 22.9997207], [80.7399817, 23.0007641], [80.7394159, 23.0013732], [80.7381308, 23.0032358], [80.7376081, 23.004308], [80.7371814, 23.0050896], [80.7369053, 23.0056214], [80.7367337, 23.0057251], [80.7360792, 23.0059967], [80.7357198, 23.0061745], [80.7352745, 23.0063275], [80.7345611, 23.0063424], [80.7340407, 23.0063226], [80.7335418, 23.0064707], [80.732705, 23.0068707], [80.7317233, 23.0070534], [80.730983, 23.0071028], [80.7302588, 23.0071768], [80.7293469, 23.0072953], [80.7280648, 23.0072312], [80.7275073, 23.0070633], [80.7273593, 23.0070188], [80.7267666, 23.0067868], [80.7264394, 23.0067028], [80.7257978, 23.0065726], [80.7251304, 23.0065744], [80.7247603, 23.0065152], [80.7240811, 23.0062902], [80.7230812, 23.0057646], [80.7227577, 23.0056458], [80.7226234, 23.0056193], [80.7217028, 23.0053545], [80.7207853, 23.005019], [80.7204527, 23.0048413], [80.7199109, 23.0045796], [80.7195193, 23.0044808], [80.7186395, 23.0044611], [80.7177275, 23.0045993], [80.7169336, 23.0046438], [80.7156247, 23.0046931], [80.7144016, 23.0045993], [80.7127647, 23.0044011], [80.7107162, 23.0040463], [80.7092571, 23.0037599], [80.7076585, 23.0033254], [80.706953, 23.0031741], [80.7053515, 23.0026974], [80.7047281, 23.0023619], [80.7041239, 23.0017969], [80.7033777, 23.0013502], [80.702101, 23.0010144], [80.701103, 23.0007464], [80.6999042, 23.0005611], [80.6994535, 23.0005169], [80.6990219, 23.0006228], [80.698015, 23.0009495], [80.697593, 23.0012584], [80.6972516, 23.0014342], [80.6968224, 23.0014786], [80.6956291, 23.0015511], [80.6947732, 23.001523], [80.6940007, 23.001602], [80.6929278, 23.0018638], [80.692096, 23.0022502], [80.6907805, 23.0028557], [80.6899399, 23.0032019], [80.688234, 23.0037253], [80.6867909, 23.0040068], [80.6848544, 23.0042537], [80.6839924, 23.00436], [80.6834974, 23.0044599], [80.6832021, 23.0045351], [80.68295, 23.0045104], [80.6822564, 23.0043101], [80.6812731, 23.0038919], [80.680992, 23.0036809], [80.680717, 23.0033675], [80.6803847, 23.0026934], [80.6799846, 23.0016697], [80.6798601, 23.0008416], [80.6798287, 22.9993663], [80.6797744, 22.9979805], [80.6796185, 22.9967196], [80.6793675, 22.9943225], [80.6792387, 22.9930428], [80.679034, 22.9913456], [80.6789643, 22.9904147], [80.678916, 22.9895851], [80.6788087, 22.9891703], [80.678391, 22.9885481], [80.6780094, 22.9880443], [80.6775802, 22.9876665], [80.6770652, 22.9873406], [80.6768855, 22.9872492], [80.6766173, 22.9871332], [80.6763062, 22.9870887], [80.6758341, 22.9871752], [80.6745815, 22.9878641], [80.6735462, 22.9885653], [80.6724948, 22.9897407], [80.6715077, 22.9910147], [80.6707245, 22.9924419], [80.6705958, 22.9928024], [80.670349, 22.9938295], [80.6701585, 22.9944411], [80.6696355, 22.9953752], [80.6690884, 22.996669], [80.6684124, 22.9975183], [80.6679207, 22.9980804], [80.6663135, 22.9995099], [80.6654184, 23.0002714], [80.664314, 23.0014687], [80.6630266, 23.0021304], [80.662143, 23.0025311], [80.6614853, 23.0028931], [80.6608227, 23.0031943], [80.66022, 23.003364], [80.6597357, 23.0034986], [80.6581664, 23.0036957], [80.6576836, 23.0036513], [80.6571901, 23.0035525], [80.6562728, 23.0031328], [80.6558543, 23.0030982], [80.6551462, 23.0031229], [80.654481, 23.0030735], [80.6535308, 23.0028058], [80.6526571, 23.0023082], [80.6521203, 23.0019443], [80.650329, 23.0003972], [80.6494281, 22.9995536], [80.6474805, 22.9978739], [80.6470728, 22.9973356], [80.6467026, 22.9968369], [80.6463223, 22.9962889], [80.6460321, 22.9955777], [80.6459357, 22.9950029], [80.6459018, 22.9942726], [80.6457526, 22.9923062], [80.6458712, 22.9914592], [80.6461608, 22.9905012], [80.6465524, 22.989711], [80.6468099, 22.989232], [80.6470352, 22.9889604], [80.6477702, 22.9886196], [80.6480491, 22.9883431], [80.6482637, 22.9879777], [80.6484193, 22.9873011], [80.6486821, 22.9863974], [80.648843, 22.985464], [80.6493332, 22.9836474], [80.6499638, 22.9822178], [80.6502968, 22.9817996], [80.6506723, 22.9814934], [80.6518632, 22.9808069], [80.6527913, 22.9802636], [80.6546972, 22.9789901], [80.6577012, 22.9770268], [80.65844, 22.9764015], [80.659696, 22.9749342], [80.660103, 22.9742284], [80.6602961, 22.9735073], [80.6603068, 22.9723664], [80.6601995, 22.9716404], [80.6600029, 22.9709786], [80.6591803, 22.9693042], [80.6587672, 22.9687609], [80.6578163, 22.9675526], [80.655812, 22.9654245], [80.6548887, 22.9646565], [80.6535959, 22.9638563], [80.6525445, 22.9635797], [80.6514609, 22.9635896], [80.6507474, 22.9637131], [80.6499428, 22.9640242], [80.6496638, 22.9644342], [80.6494921, 22.9652541], [80.649358, 22.966237], [80.6491649, 22.9668594], [80.6482047, 22.9683263], [80.6463177, 22.9704399], [80.6438146, 22.9723913], [80.6429744, 22.9733345], [80.6423789, 22.9742235], [80.6419176, 22.9748803], [80.6415152, 22.9752804], [80.6406355, 22.9758731], [80.6401032, 22.9761262], [80.6385592, 22.9764882], [80.6377536, 22.9767266], [80.6371969, 22.9769794], [80.6364298, 22.9772263], [80.6343859, 22.9776412], [80.6335652, 22.9777893], [80.6323064, 22.9778832], [80.6311029, 22.9778832], [80.6306201, 22.977735], [80.6300719, 22.977327], [80.6288251, 22.9757818], [80.6281826, 22.9747488], [80.6280559, 22.9743667], [80.6280076, 22.9740407], [80.6280801, 22.9737963], [80.628383, 22.9733355], [80.6285278, 22.9731153], [80.6285763, 22.972722], [80.6282276, 22.9718923], [80.6279428, 22.9711905], [80.6277931, 22.9704501], [80.6276804, 22.9695413], [80.6277318, 22.9687976], [80.6279332, 22.9681883], [80.6284319, 22.9674554], [80.6291395, 22.9663605], [80.6306738, 22.9644194], [80.6310596, 22.9638439], [80.631929, 22.9621621], [80.6320685, 22.9614755], [80.6319344, 22.9600974], [80.6320417, 22.9594207], [80.6327981, 22.9580327], [80.6330395, 22.9572622], [80.6333935, 22.9559779], [80.6336027, 22.9545553], [80.6336296, 22.953676], [80.6334794, 22.9531129], [80.6333077, 22.9526634], [80.6326318, 22.9518236], [80.631001, 22.9501491], [80.6300729, 22.9494921], [80.629515, 22.9492945], [80.6290537, 22.9491759], [80.6284475, 22.9492154], [80.6276536, 22.9495168], [80.6268167, 22.949823], [80.626055, 22.9500453], [80.6245959, 22.9502824], [80.62392, 22.9505294], [80.6234157, 22.9507813], [80.6223326, 22.951799], [80.6217796, 22.9523917], [80.6214119, 22.9529294], [80.6211897, 22.9533404], [80.6204653, 22.9547479], [80.6200309, 22.9562233], [80.6197624, 22.957592], [80.6193788, 22.9596584], [80.6188993, 22.9613097], [80.6185663, 22.9632636], [80.6181371, 22.9642119], [80.6169141, 22.9663694], [80.6158783, 22.9674996], [80.6144974, 22.9683473], [80.6129873, 22.9689931], [80.6103265, 22.9699512], [80.6089961, 22.9700895], [80.6069469, 22.9701982], [80.6046003, 22.9697777], [80.6036125, 22.9692567], [80.6029412, 22.9688241], [80.6016683, 22.9678077], [80.6007993, 22.9669384], [80.5985201, 22.9648859], [80.5969665, 22.9637203], [80.5960035, 22.9628882], [80.5955851, 22.962414], [80.5952115, 22.961707], [80.5948019, 22.9609421], [80.5943298, 22.9605074], [80.5938685, 22.9601913], [80.5928814, 22.9600826], [80.5908859, 22.9604185], [80.5901348, 22.9606161], [80.5895233, 22.9609421], [80.5887508, 22.9616534], [80.5880105, 22.9628487], [80.587635, 22.9637674], [80.5875707, 22.9641625], [80.587635, 22.9646565], [80.5878925, 22.9654863], [80.5885148, 22.9664346], [80.5892336, 22.9670964], [80.5907893, 22.9678966], [80.5926239, 22.968509], [80.5940223, 22.9693362], [80.594759, 22.9701192], [80.5950379, 22.9707119], [80.5950701, 22.9712058], [80.5947912, 22.9721244], [80.5945444, 22.9740407], [80.5944157, 22.9760163], [80.5942762, 22.9770633], [80.5933414, 22.9790487], [80.5928707, 22.97975], [80.5919266, 22.9806044], [80.5911326, 22.9810686], [80.5888244, 22.9820064], [80.5874434, 22.9825715], [80.5856622, 22.9829396], [80.5853508, 22.983004], [80.5850938, 22.9830571], [80.583521, 22.9830129], [80.5823606, 22.9828099], [80.5810368, 22.9822391], [80.5796099, 22.9812711], [80.5783423, 22.9802671], [80.5770135, 22.9792166], [80.5764242, 22.9784218], [80.5761078, 22.9775036], [80.5761981, 22.97572], [80.576359, 22.974663], [80.576359, 22.9741], [80.5760586, 22.9727764], [80.5757337, 22.9717556], [80.5755995, 22.9712346], [80.5747364, 22.9695658], [80.5741811, 22.967778], [80.5727434, 22.964202], [80.5711555, 22.9610211], [80.5701899, 22.9598949], [80.5690956, 22.9591145], [80.56813, 22.9583933], [80.5671322, 22.9575931], [80.5666172, 22.9571189], [80.566231, 22.9567633], [80.5659091, 22.9566546], [80.5641389, 22.9564768], [80.5623362, 22.9566648], [80.5611342, 22.9569716], [80.559603, 22.9573624], [80.5575891, 22.9581395], [80.555556, 22.9591109], [80.5534047, 22.9603049], [80.5521119, 22.9611001], [80.5517095, 22.9613866], [80.5514789, 22.9616237], [80.5510443, 22.9622362], [80.5494136, 22.9636538], [80.5485713, 22.9640539], [80.5473268, 22.9642663], [80.546844, 22.9642366], [80.5455887, 22.9640292], [80.545181, 22.9638118], [80.5446711, 22.9633318], [80.5442971, 22.9629521], [80.5429763, 22.9609124], [80.5425256, 22.9603889], [80.5416942, 22.9586008], [80.5412811, 22.9576376], [80.5402672, 22.9547776], [80.5401707, 22.9542688], [80.5402029, 22.9523077], [80.5403209, 22.9514087], [80.5403101, 22.9501639], [80.5403101, 22.9491166], [80.5403531, 22.9480101], [80.5403531, 22.947936], [80.5401117, 22.9465924], [80.5397469, 22.9458909], [80.5392909, 22.945392], [80.5386096, 22.9449424], [80.5374455, 22.9445225], [80.5357397, 22.9442459], [80.5343503, 22.9442212], [80.5326122, 22.944399], [80.5315822, 22.9447547], [80.5298924, 22.9455155], [80.5280149, 22.9463454], [80.5254139, 22.9477985], [80.5236965, 22.9486918], [80.5231507, 22.949132], [80.5218368, 22.9506245], [80.5206668, 22.9519227], [80.5191995, 22.9533356], [80.5185896, 22.9538242], [80.5182195, 22.9540761], [80.5178332, 22.9542046], [80.5169803, 22.9543429], [80.5164331, 22.9542589], [80.5154729, 22.9539032], [80.5141532, 22.9530536], [80.5134022, 22.9524016], [80.511489, 22.9504655], [80.510087, 22.9487313], [80.5094004, 22.9477878], [80.5093145, 22.9472], [80.5093843, 22.9467406], [80.5099368, 22.9458267], [80.5104786, 22.944977], [80.5113423, 22.9435246], [80.512045, 22.9428182], [80.5134827, 22.9417363], [80.514999, 22.9406715], [80.516495, 22.9394174], [80.5180907, 22.9385252], [80.5195069, 22.9380411], [80.5212343, 22.9378237], [80.5233908, 22.9374186], [80.5243027, 22.9373198], [80.5254346, 22.9372852], [80.5262579, 22.9373508], [80.5264407, 22.9373396], [80.5272156, 22.9373643], [80.527693, 22.937389], [80.5284816, 22.9371815], [80.5292541, 22.9368702], [80.53074, 22.9361094], [80.5323064, 22.9351362], [80.5330765, 22.9343126], [80.535311, 22.9318484], [80.5359971, 22.9309171], [80.5366999, 22.929929], [80.5371612, 22.9290495], [80.5375582, 22.9277749], [80.5378854, 22.926935], [80.5384916, 22.9257294], [80.5388778, 22.9245387], [80.5390129, 22.9238461], [80.539617, 22.9215937], [80.5401349, 22.9187671], [80.5405086, 22.9163221], [80.5405354, 22.9155315], [80.540514, 22.9145087], [80.5401924, 22.9120273], [80.5399883, 22.910615], [80.539876, 22.9077429], [80.53976, 22.9071582], [80.5396771, 22.9057083], [80.5397093, 22.9040678], [80.5396879, 22.9023481], [80.5395377, 22.9009151], [80.5392909, 22.9001541], [80.5389798, 22.8998378], [80.5377352, 22.8989681], [80.5368934, 22.8981579], [80.5358481, 22.8969829], [80.5346301, 22.8951276], [80.5340355, 22.8939261], [80.5331341, 22.8912314], [80.5327217, 22.8900564], [80.5313695, 22.8868669], [80.5298734, 22.8833505], [80.5291637, 22.8819898], [80.5275717, 22.8787471], [80.5273416, 22.8781551], [80.5264593, 22.8747445], [80.5259414, 22.8739934], [80.5243782, 22.8724471], [80.5231561, 22.8711449], [80.5215669, 22.8700859], [80.5207354, 22.8698141], [80.5198288, 22.869562], [80.51889, 22.8693692], [80.5184716, 22.8693297], [80.5177849, 22.8690232], [80.515784, 22.8681731], [80.5148184, 22.8677628], [80.5130267, 22.8666902], [80.5123079, 22.8664283], [80.5114925, 22.8662058], [80.510434, 22.8659524], [80.5080378, 22.8651925], [80.5061924, 22.8648169], [80.5045187, 22.8646785], [80.5013001, 22.8647131], [80.5004418, 22.8647032], [80.5000985, 22.8646142], [80.4992884, 22.8642534], [80.4987735, 22.8637492], [80.4982692, 22.8631412], [80.4978454, 22.8623108], [80.4972339, 22.8618412], [80.4967135, 22.8614606], [80.495072, 22.860729]]}}, {"type": "Feature", "properties": {"waterbody": "Narmada", "name": "Narmada", "city": "Narmada Basin", "country": "India", "osm_id": 208828142}, "geometry": {"type": "LineString", "coordinates": [[80.4766345, 22.5991938], [80.4762429, 22.5981933], [80.4753899, 22.5918837], [80.474832, 22.5899818], [80.4740381, 22.5882285], [80.4736411, 22.5878917], [80.4730189, 22.5876143], [80.4715297, 22.5873108], [80.4677617, 22.5873072], [80.466721, 22.5875648], [80.4639766, 22.5887373], [80.4590607, 22.5917747], [80.4576252, 22.5923825], [80.4560137, 22.5924086], [80.4544902, 22.5920124], [80.4531813, 22.5915865], [80.4515612, 22.5907049], [80.4503918, 22.5898926], [80.4498446, 22.5890903], [80.4497802, 22.5884563], [80.4499411, 22.5876638], [80.4503596, 22.5870001], [80.4522157, 22.5862671], [80.4540074, 22.5850883], [80.4566038, 22.5817796], [80.4574191, 22.5804423], [80.4577303, 22.5790355], [80.4577088, 22.5781638], [80.4571617, 22.57644], [80.4567003, 22.5753602], [80.4557025, 22.5747658], [80.4543185, 22.5745974], [80.4532564, 22.5746271], [80.4524571, 22.5748351], [80.4517436, 22.5753701], [80.4507351, 22.5779062], [80.4500914, 22.5789365], [80.4490421, 22.5795444], [80.4480207, 22.5797587], [80.4469156, 22.5797191], [80.4459071, 22.5794318], [80.4446626, 22.5785204], [80.4422915, 22.5763311], [80.4315734, 22.5696934], [80.4295778, 22.5688414], [80.4260587, 22.567177], [80.4226062, 22.5662295], [80.4200077, 22.5665033], [80.4179692, 22.5671076], [80.4163277, 22.5680092], [80.4147506, 22.5699411], [80.4136798, 22.5720946], [80.4094344, 22.5797637], [80.4089892, 22.5803779], [80.4084739, 22.5807699], [80.4062104, 22.5820372], [80.4039788, 22.5825325], [80.3996036, 22.5825559], [80.3969836, 22.5825721], [80.3953314, 22.5828099], [80.3934002, 22.5836024], [80.3923917, 22.5843552], [80.3916406, 22.5858213], [80.3912759, 22.587327], [80.3910613, 22.5890011], [80.390718, 22.5919035], [80.3903317, 22.5929931], [80.3898811, 22.5937558], [80.3887889, 22.5947599], [80.3867161, 22.5962024], [80.3846691, 22.5971371], [80.382607, 22.5975099], [80.3806221, 22.5976387], [80.3787339, 22.5973118], [80.3775, 22.596658], [80.3758907, 22.5952614], [80.3746998, 22.5935577], [80.3740239, 22.5921709], [80.3731187, 22.5902345], [80.3729403, 22.589853], [80.3722751, 22.5882086], [80.3718996, 22.5874954], [80.3709984, 22.586485], [80.3699791, 22.5861383], [80.3686849, 22.5860477]]}}, {"type": "Feature", "properties": {"waterbody": "Narmada", "name": "Narmada", "city": "Narmada Basin", "country": "India", "osm_id": 208828145}, "geometry": {"type": "LineString", "coordinates": [[81.509403, 22.7641916], [81.509223, 22.7645531], [81.5089755, 22.764897], [81.5088229, 22.7650252], [81.5085618, 22.7651847], [81.508338, 22.765266], [81.5080175, 22.7653123], [81.5078837, 22.7653316], [81.5074557, 22.7653763], [81.5070266, 22.7654406], [81.5069032, 22.7654851], [81.5068361, 22.765542], [81.5066349, 22.7657621], [81.5063667, 22.7659253], [81.5061119, 22.7659971], [81.5058732, 22.7659822], [81.505378, 22.7659444], [81.5048999, 22.765885], [81.504634, 22.765819], [81.5042746, 22.7657027], [81.5040922, 22.7655914], [81.5038589, 22.765401], [81.5036996, 22.7652503], [81.5033224, 22.7647901], [81.5031132, 22.7645997], [81.5030032, 22.7644166], [81.5029657, 22.764152], [81.5029657, 22.7634892], [81.5029684, 22.7629079], [81.5030166, 22.7623712], [81.5030418, 22.7620644], [81.5030554, 22.7619237], [81.5029576, 22.7615872], [81.5027672, 22.7613127], [81.5025061, 22.761067], [81.5018767, 22.7605088], [81.5014771, 22.7601724], [81.5009969, 22.7599944], [81.5007555, 22.7599894], [81.5004175, 22.7600446], [81.5003157, 22.7600821], [81.4996546, 22.7604073], [81.4990205, 22.7607762], [81.4985427, 22.7611395], [81.4983898, 22.7612187], [81.4980707, 22.7613423], [81.4979017, 22.7614586], [81.4977795, 22.7615766], [81.4973252, 22.7619768], [81.4970641, 22.7622614], [81.4968502, 22.7624801], [81.4966652, 22.7625642], [81.496515, 22.7625716], [81.4963219, 22.7625518], [81.4961261, 22.7624726], [81.495941, 22.7623143], [81.4955735, 22.7620992], [81.4953402, 22.7620349], [81.4950103, 22.7619607], [81.4948064, 22.7619458], [81.4945856, 22.76198], [81.4941176, 22.7619987], [81.4938033, 22.7619582], [81.4935819, 22.7618924], [81.4934894, 22.7618395], [81.493417, 22.7617158], [81.4933312, 22.7615006], [81.4933553, 22.7612879], [81.4935458, 22.7605063], [81.4935726, 22.7601947], [81.4935645, 22.7599276], [81.4933982, 22.7595838], [81.4931434, 22.7592746], [81.492902, 22.7590767], [81.4922637, 22.7587428], [81.4917326, 22.7585277], [81.491341, 22.7585029], [81.490826, 22.7585079], [81.4904612, 22.758592], [81.4899141, 22.7588047], [81.4896539, 22.7590594], [81.4892006, 22.7595467], [81.4889967, 22.7598286], [81.4888197, 22.7599226], [81.4885515, 22.759982], [81.4877817, 22.7599919], [81.4872077, 22.7600537], [81.4868617, 22.7601576], [81.4864969, 22.7603876], [81.4862126, 22.7606176], [81.4857647, 22.7608724], [81.4854267, 22.7610678], [81.4851102, 22.7611667], [81.4847267, 22.7611741], [81.4843297, 22.7610554], [81.4841822, 22.7608922], [81.4840937, 22.7606696], [81.4840078, 22.7602466], [81.4836711, 22.7595631], [81.4833909, 22.7592425], [81.4829162, 22.7590421], [81.482369, 22.758969], [81.4817553, 22.7588815], [81.4810094, 22.7587439], [81.4804432, 22.758722], [81.4795751, 22.7586501], [81.4789309, 22.7585469], [81.4786359, 22.7584781], [81.4780799, 22.7583781], [81.4776086, 22.7583468], [81.4772916, 22.7583496], [81.4767176, 22.758498], [81.4762938, 22.7586686], [81.476015, 22.7588658], [81.4755437, 22.7592567], [81.4750466, 22.7596852], [81.4743143, 22.7602887], [81.4737941, 22.7607137], [81.4735392, 22.7608477], [81.4732177, 22.7609357], [81.4725395, 22.7608575], [81.4721552, 22.7607586], [81.471954, 22.7606696], [81.4715359, 22.7604511], [81.4710313, 22.7602689], [81.4705271, 22.7602491], [81.4699423, 22.7603827], [81.4694756, 22.7606028], [81.4692065, 22.7608513], [81.4687809, 22.7615921], [81.4684349, 22.7624454], [81.4683652, 22.762861], [81.4683012, 22.7635683], [81.4683759, 22.7641965], [81.4682794, 22.7648792], [81.4681238, 22.765401], [81.4680406, 22.7656236], [81.4678878, 22.7660515], [81.4675981, 22.7668355], [81.4673647, 22.7674019], [81.4671931, 22.7676319], [81.4667317, 22.768129], [81.4665413, 22.768359], [81.4662972, 22.768678], [81.4655113, 22.769415], [81.4652163, 22.7696846], [81.4650285, 22.7699517], [81.4648461, 22.7703029], [81.4646342, 22.7705626], [81.4643392, 22.7708074], [81.4638685, 22.7711045], [81.4633709, 22.7714084], [81.4628828, 22.771725], [81.4625904, 22.7718486], [81.46243, 22.7719048], [81.4621451, 22.7719302], [81.4618501, 22.7719327], [81.4612648, 22.7718517], [81.4606558, 22.7716528], [81.4602866, 22.7715024], [81.4599243, 22.77126], [81.4597177, 22.7710646], [81.459479, 22.7707184], [81.4594093, 22.7704637], [81.459353, 22.7697044], [81.459353, 22.769096], [81.4593181, 22.7689402], [81.4592832, 22.768861], [81.459107, 22.7686816], [81.4586878, 22.7684159], [81.4581004, 22.7682724], [81.4577544, 22.7683639], [81.4574701, 22.7684925], [81.4570919, 22.7687498], [81.45688, 22.7689031], [81.45666, 22.7689822], [81.4559546, 22.7691504], [81.4553216, 22.7693359], [81.4544901, 22.7694695], [81.4542514, 22.7695882], [81.4538223, 22.7698404], [81.4532483, 22.7701521], [81.4530122, 22.7703375], [81.4527494, 22.7707209], [81.452449, 22.7711463], [81.4520574, 22.7715692], [81.4519769, 22.7717769], [81.4518374, 22.7722691], [81.4518401, 22.7725238], [81.4518991, 22.7728354], [81.452001, 22.7731891], [81.4525107, 22.7744231], [81.4527628, 22.7749202], [81.4530015, 22.7754247], [81.4531276, 22.7758328], [81.453149, 22.7761395], [81.4530659, 22.7767157], [81.4528406, 22.7771831], [81.4524865, 22.7777964], [81.451828, 22.7788726], [81.4511025, 22.780079], [81.4505231, 22.7809544], [81.4494958, 22.7824234], [81.4484499, 22.7838479], [81.448203, 22.7841841], [81.4473474, 22.7852475], [81.446811, 22.7860882], [81.4465964, 22.7865185], [81.4462226, 22.7873388], [81.4456791, 22.7883089], [81.4454806, 22.7889469], [81.4454266, 22.7895713], [81.4454697, 22.7898896], [81.4455704, 22.7902167], [81.4456423, 22.7904157], [81.4458078, 22.790574], [81.4460707, 22.7906556], [81.4465159, 22.7906778], [81.4469236, 22.790752], [81.4476934, 22.791029], [81.4479294, 22.7911353], [81.4484444, 22.7914073], [81.4489165, 22.7917931], [81.4492759, 22.7921195], [81.4502522, 22.7931877], [81.4505956, 22.7935512], [81.450668, 22.7937564], [81.4506975, 22.793927], [81.4507055, 22.7941521], [81.4506224, 22.7943993], [81.450448, 22.7946021], [81.4495522, 22.7951807], [81.449056, 22.7953068], [81.4483023, 22.7953686], [81.4479104, 22.795358], [81.4474645, 22.7953314], [81.4467251, 22.7953118], [81.4461404, 22.7954132], [81.4456388, 22.7956505], [81.4445203, 22.796136], [81.4427581, 22.7972083], [81.4422834, 22.7975125], [81.441063, 22.7982765], [81.4405695, 22.7987265], [81.4403656, 22.7989664], [81.4400491, 22.7995376], [81.4395478, 22.8004415], [81.4389484, 22.8012284], [81.4378041, 22.8021783], [81.4371362, 22.8027173], [81.4367366, 22.803155], [81.4363974, 22.8036109], [81.4357978, 22.8044852], [81.4352024, 22.8052171], [81.4348859, 22.8055929], [81.4345533, 22.8060775], [81.434254, 22.8067582], [81.4339793, 22.8077836], [81.4338183, 22.8084264], [81.4336162, 22.8094147], [81.4335662, 22.8096973], [81.4337003, 22.810167], [81.4338934, 22.8104093], [81.4341831, 22.8107406], [81.4350522, 22.8116258], [81.4359105, 22.8124961], [81.4364362, 22.813124], [81.4370853, 22.8138213], [81.4374125, 22.8144591], [81.4375722, 22.8150944], [81.4377976, 22.8161419], [81.4379989, 22.8172778], [81.4380181, 22.8179231], [81.4379275, 22.8184], [81.4377451, 22.8191467], [81.437391, 22.8202493], [81.437224, 22.8207534], [81.4370209, 22.8213667], [81.4362538, 22.8227908], [81.4356691, 22.8236066], [81.4348, 22.824462], [81.4344191, 22.824813], [81.4331079, 22.8258521], [81.4325949, 22.8262145], [81.4313577, 22.8271824], [81.4307874, 22.8276659], [81.430251, 22.8282691], [81.4300632, 22.8286448], [81.4299432, 22.8289767], [81.4299667, 22.8296683], [81.4300364, 22.8301578], [81.4302081, 22.8311515], [81.4302403, 22.8316806], [81.4301759, 22.8324864], [81.4301014, 22.8333475], [81.429854, 22.8345036], [81.4295804, 22.8351315], [81.4291567, 22.8359819], [81.4283252, 22.8370893], [81.4277566, 22.8376784], [81.4272004, 22.8380717], [81.4265051, 22.8384871], [81.4256755, 22.839097], [81.4247357, 22.8397731], [81.4233899, 22.8405006], [81.4224994, 22.8408318], [81.4208996, 22.8414789], [81.420094, 22.8418103], [81.4195651, 22.8420529], [81.4189321, 22.8424385], [81.4183903, 22.8426017], [81.4181435, 22.8426313], [81.4174615, 22.8426632], [81.416899, 22.8427401], [81.4160836, 22.8427549], [81.4153647, 22.8427747], [81.4148444, 22.8427598], [81.4139217, 22.8427648], [81.4129883, 22.8427747], [81.4114273, 22.8427549], [81.4103275, 22.8427598], [81.4094102, 22.8428439], [81.407972, 22.8431935], [81.4068782, 22.8434717], [81.4057785, 22.8440007], [81.404829, 22.8446335], [81.4037883, 22.8455332], [81.4031875, 22.8463193], [81.402871, 22.8470559], [81.4027047, 22.8475403], [81.4026779, 22.8477529], [81.4027315, 22.8481336], [81.4029568, 22.8486254], [81.4036113, 22.8491964], [81.4044642, 22.8497402], [81.4046574, 22.8499824], [81.4048408, 22.8503786], [81.4049223, 22.8509796], [81.4048719, 22.8515099], [81.4048456, 22.8518059], [81.4043516, 22.852904], [81.4036708, 22.8537678], [81.4032392, 22.854002], [81.4026833, 22.8540607], [81.4019376, 22.853858], [81.400976, 22.8535425], [81.4001992, 22.8532508], [81.3987672, 22.8527408], [81.3975334, 22.8524492], [81.3961172, 22.852202], [81.3948888, 22.8520142], [81.3939553, 22.8520586], [81.3935798, 22.8521971], [81.3931614, 22.8524591], [81.3925123, 22.853245], [81.3914341, 22.854204], [81.3906455, 22.8548318], [81.3899106, 22.8551729], [81.3894439, 22.8552767], [81.3890254, 22.8553657], [81.3884729, 22.8553657], [81.3880277, 22.8552421], [81.3873035, 22.8549851], [81.3867456, 22.8548862], [81.3859785, 22.8549258], [81.38372, 22.8553064], [81.3823641, 22.8556485], [81.380384, 22.8561359], [81.3796163, 22.8561912], [81.3792407, 22.8561467], [81.3783835, 22.856036], [81.3771111, 22.8557661], [81.3757968, 22.8553904], [81.3748848, 22.8552273], [81.3739892, 22.8551361], [81.3734942, 22.8551486], [81.3728142, 22.8553459], [81.371972, 22.8557661], [81.371339, 22.8559589], [81.3708776, 22.8560677], [81.3705343, 22.8560429], [81.3701306, 22.8557985], [81.3698865, 22.8555486], [81.3696009, 22.8552421], [81.3690537, 22.8547033], [81.3682454, 22.8537864], [81.3671869, 22.8526518], [81.3663876, 22.852202], [81.365701, 22.8518263], [81.3646066, 22.8514803], [81.3637751, 22.8512034], [81.3622785, 22.8508821], [81.3609159, 22.8507289], [81.3598591, 22.8506028], [81.3596097, 22.8506127], [81.3593575, 22.8506844], [81.3590786, 22.8508129], [81.3588452, 22.8510255], [81.3580835, 22.8518807], [81.3576329, 22.8521625], [81.3569677, 22.8523108], [81.3563025, 22.8523256], [81.3552672, 22.8523108], [81.3545269, 22.8521921], [81.3530838, 22.8519153], [81.3525152, 22.8518362], [81.3519627, 22.8519005], [81.3511741, 22.8520982], [81.3504875, 22.8523206], [81.3503319, 22.8524541], [81.350316, 22.8524843], [81.350171, 22.8527606], [81.3500208, 22.8532302], [81.3497054, 22.854505], [81.3494468, 22.8549752], [81.3491357, 22.8553361], [81.3483966, 22.856086], [81.3478134, 22.8566171], [81.3473761, 22.8570612], [81.3467013, 22.8574107], [81.3463461, 22.8575111], [81.3460163, 22.8575482], [81.3452568, 22.8574982], [81.3440609, 22.8576495], [81.343326, 22.8577978], [81.3427071, 22.8579419], [81.3412694, 22.858523], [81.3403336, 22.8591791], [81.3392622, 22.8600664], [81.3378704, 22.8612629], [81.3369769, 22.8620972], [81.3366853, 22.8622347], [81.3361156, 22.8622534], [81.3348931, 22.8620933], [81.3339919, 22.8619549], [81.3330316, 22.8618659], [81.3307313, 22.8617598], [81.3290088, 22.8616036], [81.3283324, 22.861604], [81.3274763, 22.8617785], [81.3265568, 22.8620043], [81.32612, 22.8622034], [81.3249582, 22.8628446], [81.3235742, 22.8640754], [81.3218361, 22.865588], [81.3208848, 22.8665149], [81.3204898, 22.8669319], [81.3203394, 22.8670906], [81.3199156, 22.867659], [81.3192987, 22.8686031], [81.3188642, 22.8694878], [81.3180435, 22.8713661], [81.3175982, 22.8724633], [81.3165855, 22.8750312], [81.3163007, 22.8758871], [81.3156361, 22.877143], [81.3152632, 22.8774054], [81.314975, 22.877569], [81.3146325, 22.877649], [81.3141375, 22.8776053], [81.313595, 22.8775366], [81.3126522, 22.8771069], [81.3121346, 22.8769092], [81.3118932, 22.876877], [81.3116464, 22.8768795], [81.3114211, 22.8769586], [81.3109302, 22.8771736], [81.309734, 22.8776925], [81.3082017, 22.8784179], [81.3066848, 22.879136], [81.3055058, 22.8798134], [81.3045419, 22.8803793], [81.3025778, 22.8812609], [81.3018268, 22.8815229], [81.3011709, 22.8816968], [81.3006145, 22.8817453], [81.2999984, 22.8817226], [81.2987846, 22.8814664], [81.2979376, 22.8812164], [81.2968969, 22.8806975], [81.2952108, 22.8801544], [81.2941611, 22.8799216], [81.292187, 22.8796448], [81.2900788, 22.8794471], [81.2873378, 22.8793047], [81.2853169, 22.879236], [81.2827188, 22.8793878], [81.2810379, 22.8794984], [81.2800258, 22.8796695], [81.2791053, 22.879917], [81.2784916, 22.8802132], [81.2779863, 22.8805293], [81.2760401, 22.8819225], [81.2738299, 22.8836925], [81.2714288, 22.8854649], [81.2686408, 22.8879394], [81.2663251, 22.889801], [81.2660284, 22.890011], [81.2655312, 22.8906806], [81.2644207, 22.8921978], [81.2636914, 22.8935864], [81.2631547, 22.8945007], [81.2615669, 22.8967937], [81.2605798, 22.8983059], [81.2602397, 22.8988027], [81.2591411, 22.9003331], [81.2586461, 22.9010015], [81.2579942, 22.9014685], [81.2574255, 22.9017057], [81.256181, 22.9018935], [81.2545234, 22.9018194], [81.252324, 22.9015525], [81.2503552, 22.9013598], [81.2481828, 22.9013754], [81.247791, 22.901345], [81.2466001, 22.9012807], [81.2445188, 22.9010287], [81.2427646, 22.9006976], [81.2415737, 22.9006235], [81.2411131, 22.9006404], [81.2403613, 22.900668], [81.239621, 22.9008409], [81.2385803, 22.9013351], [81.2363756, 22.9024766], [81.2350666, 22.9034847], [81.2338865, 22.9045866], [81.2325668, 22.905985], [81.2314802, 22.9069109], [81.2304372, 22.9075416], [81.2288762, 22.9083288], [81.2276101, 22.9089597], [81.2257326, 22.9098986], [81.22437, 22.9105162], [81.222294, 22.9113463], [81.2203724, 22.9121204], [81.2194776, 22.9125668], [81.2179447, 22.913532], [81.2178, 22.9136292], [81.2160122, 22.9148299], [81.2150355, 22.9153247], [81.2138075, 22.9157489], [81.2129384, 22.915907], [81.2120721, 22.9158993], [81.2111566, 22.9157369], [81.2104225, 22.9154623], [81.2088561, 22.9145828], [81.2071663, 22.9134958], [81.2054014, 22.9124828], [81.2043017, 22.9118454], [81.2036905, 22.9115039], [81.2029928, 22.9111141], [81.2024349, 22.9109708], [81.201936, 22.9108967], [81.2009779, 22.9110398], [81.2002623, 22.9114205], [81.1995864, 22.9118652], [81.1992162, 22.9122555], [81.1987227, 22.9130659], [81.1985028, 22.9139602], [81.1983418, 22.9143876], [81.1979422, 22.915025], [81.1979824, 22.9154005], [81.1980978, 22.9157291], [81.1981246, 22.9159564], [81.1979127, 22.9166679], [81.1974138, 22.9177204], [81.1971858, 22.9182737], [81.1955732, 22.9214395], [81.1940881, 22.9239191], [81.1917757, 22.9267733], [81.1909551, 22.9278726], [81.1907673, 22.9287185], [81.190778, 22.9297264], [81.190928, 22.9321382], [81.1914502, 22.9339931], [81.1919367, 22.9356549], [81.192103, 22.936811], [81.1923337, 22.938876], [81.1923283, 22.9392465], [81.1922747, 22.9406594], [81.1921513, 22.9415585], [81.1919181, 22.9425488], [81.1913485, 22.9439414], [81.191301, 22.9440137], [81.1907887, 22.9447004], [81.1896086, 22.9457773], [81.1886108, 22.9464787], [81.1872804, 22.9470024], [81.1855048, 22.9470172], [81.1839706, 22.9468986], [81.1810362, 22.9463256], [81.1790407, 22.9458662], [81.1770934, 22.9452487], [81.1755665, 22.944576], [81.1738479, 22.9435987], [81.173231, 22.9431294], [81.1727697, 22.9426749], [81.172303, 22.9421908], [81.1718631, 22.9415585], [81.1716378, 22.9413856], [81.1712569, 22.9412818], [81.1703342, 22.9412077], [81.1691326, 22.9409558], [81.1684567, 22.9408767], [81.1677409, 22.9409727], [81.1665805, 22.9410257], [81.1655652, 22.9411139], [81.1645569, 22.941167], [81.1615205, 22.9410892], [81.1604959, 22.9411534], [81.159777, 22.9412374], [81.157068, 22.9418944], [81.1560649, 22.9420624], [81.1555325, 22.942112], [81.1543214, 22.9420426], [81.1536938, 22.9420821], [81.1523259, 22.9423291], [81.1507648, 22.9426453], [81.1501211, 22.9427243], [81.1483562, 22.9427392], [81.1474067, 22.9426601], [81.145792, 22.9424329], [81.1438229, 22.9419707], [81.1424607, 22.9413955], [81.1413007, 22.9411052], [81.1407441, 22.9410151], [81.1391482, 22.9409508], [81.1372304, 22.9408175], [81.1362889, 22.9408322], [81.1343551, 22.9408866], [81.131866, 22.9411336], [81.1310024, 22.9411702], [81.1302298, 22.9412176], [81.1290121, 22.941267], [81.1269736, 22.9414202], [81.1251605, 22.9416474], [81.1228484, 22.9418845], [81.1218774, 22.9420031], [81.1203486, 22.9423489], [81.1150968, 22.9440878], [81.1134553, 22.9447152], [81.1110141, 22.9454057], [81.1067766, 22.9463454], [81.1053979, 22.9465825], [81.104207, 22.9466615], [81.1036208, 22.9465631], [81.1033993, 22.9465057], [81.100245, 22.9456888], [81.0985188, 22.9452472], [81.0969382, 22.94514], [81.0961121, 22.9450956], [81.0953397, 22.9450906], [81.0944384, 22.9451499], [81.0930061, 22.945471], [81.0924911, 22.9454957], [81.0900986, 22.9450264], [81.0879475, 22.9447498], [81.0854906, 22.9447201], [81.0840851, 22.9449721], [81.083082, 22.9452635], [81.0815424, 22.9458563], [81.0790265, 22.9469382], [81.0780984, 22.9473729], [81.0769792, 22.9479673], [81.0751587, 22.9493883], [81.0744935, 22.9501046], [81.0738144, 22.950908], [81.0724591, 22.9526055], [81.0721171, 22.9530339], [81.0716611, 22.9538341], [81.0711354, 22.9553308], [81.0702556, 22.957929], [81.0686195, 22.9613817], [81.0683674, 22.9619892], [81.0680884, 22.9625326], [81.0675466, 22.9630858], [81.0658836, 22.9648441], [81.0643776, 22.9663703], [81.0636306, 22.9670026], [81.0628474, 22.967373], [81.0618925, 22.9675558], [81.0608143, 22.9677039], [81.059525, 22.9677566], [81.0564657, 22.9677831], [81.0527623, 22.9679163], [81.0493114, 22.9681893], [81.0470545, 22.9682917], [81.0446122, 22.9683394], [81.0418886, 22.9687279], [81.039702, 22.9692312], [81.0359714, 22.9704409], [81.0350275, 22.9707514], [81.03343, 22.9711119], [81.0316367, 22.9711384], [81.0304187, 22.9708647], [81.0300064, 22.9704945], [81.0297274, 22.9701192], [81.0293254, 22.9693725], [81.0286253, 22.967112], [81.0280691, 22.9653725], [81.0273498, 22.9629177], [81.0269058, 22.9611199], [81.0266483, 22.9592034], [81.026621, 22.9564538], [81.0266785, 22.9543344], [81.0265517, 22.9525942], [81.0264659, 22.951962], [81.0262835, 22.9511321], [81.0250194, 22.9483558], [81.0240197, 22.9459946], [81.0236013, 22.9443101], [81.0233921, 22.9429121], [81.0233653, 22.9421167], [81.0234082, 22.9416425], [81.0237676, 22.9409064], [81.0245401, 22.9399134], [81.0256183, 22.9387278], [81.0261011, 22.9380213], [81.0263693, 22.9374087], [81.0272827, 22.9350554], [81.0275066, 22.934242], [81.0275388, 22.9335454], [81.0274261, 22.9330069], [81.0271203, 22.9324486], [81.0262299, 22.9315445], [81.0250014, 22.9305317], [81.0242397, 22.930008], [81.0238641, 22.9298845], [81.0230702, 22.9297363], [81.0220027, 22.9297313], [81.0193741, 22.9299339], [81.0173249, 22.9301019], [81.0145622, 22.930255], [81.0094285, 22.930843], [81.0077119, 22.9309764], [81.0055339, 22.931006], [81.0043108, 22.9309813], [81.0015696, 22.93026], [81.0007542, 22.9299438], [80.9998047, 22.9294794], [80.9982276, 22.9283628], [80.9972366, 22.9275656], [80.99635, 22.9270437], [80.994935, 22.9265322], [80.9943974, 22.9264706], [80.9936595, 22.9264703], [80.9922689, 22.926753], [80.9907249, 22.9273094], [80.9871447, 22.9289705], [80.9852457, 22.9304872], [80.9844893, 22.9314556], [80.9840226, 22.9321472], [80.9834969, 22.9332638], [80.9830624, 22.934158], [80.9814584, 22.9372556], [80.9799832, 22.9393799], [80.9792483, 22.9400567], [80.9782934, 22.9408076], [80.9774566, 22.9410892], [80.976727, 22.9411435], [80.9753001, 22.9411139], [80.9731704, 22.9406841], [80.9688091, 22.9393305], [80.9658748, 22.9382634], [80.9633911, 22.9375075], [80.9620821, 22.9373198], [80.9601939, 22.9371864], [80.9600115, 22.9371617], [80.9596467, 22.9370728], [80.9588662, 22.9367511], [80.9578228, 22.9364948], [80.9574956, 22.9365096], [80.9567755, 22.9367953], [80.9550118, 22.9374285], [80.9535742, 22.9380806], [80.9521741, 22.9387574], [80.9493685, 22.9402987], [80.9471565, 22.9416086], [80.9436369, 22.9434191], [80.942679, 22.9438951], [80.9415655, 22.9441433], [80.9407887, 22.9441874], [80.9388994, 22.9440108], [80.937854, 22.9439048], [80.9362045, 22.9436222], [80.9328407, 22.9435148], [80.9298742, 22.944068], [80.9289927, 22.9444612], [80.9281488, 22.9452119], [80.9272377, 22.9467397], [80.9265482, 22.948593], [80.925358, 22.9509345], [80.9240058, 22.9526036], [80.9211287, 22.9556944], [80.9199779, 22.9564008], [80.9185969, 22.9569748], [80.9157014, 22.9576425], [80.9145856, 22.9578203], [80.9135985, 22.9577907], [80.9116459, 22.9577018], [80.9096825, 22.9575339], [80.9083843, 22.9571782], [80.9069359, 22.9565558], [80.9055948, 22.9553901], [80.904125, 22.9538687], [80.9028697, 22.9519718], [80.902025, 22.9503958], [80.9016144, 22.9490574], [80.9015822, 22.9482966], [80.9017646, 22.9468245], [80.9019256, 22.9460835], [80.9024727, 22.9439692], [80.9026229, 22.942833], [80.9025478, 22.9419636], [80.9023762, 22.9413708], [80.9013345, 22.9395508], [80.900284, 22.9380411], [80.8992433, 22.9371024], [80.8979773, 22.9364108], [80.8969152, 22.9361934], [80.8953702, 22.9362626], [80.8941579, 22.9364602], [80.8926022, 22.9365788], [80.8917117, 22.9369345], [80.890274, 22.9378731], [80.8891153, 22.9388513], [80.8883536, 22.9398492], [80.8877957, 22.9412522], [80.8875489, 22.9424773], [80.8875596, 22.9434555], [80.8877098, 22.9446114], [80.8878815, 22.9455303], [80.8886003, 22.9469629], [80.8897161, 22.9485436], [80.8920796, 22.9513282], [80.8943188, 22.9542836], [80.8957136, 22.9560125], [80.8966684, 22.9572869], [80.8970439, 22.9579191], [80.8970976, 22.9585909], [80.8971083, 22.9592133], [80.8972156, 22.959727], [80.8973122, 22.9599344], [80.8978486, 22.9604481], [80.8982777, 22.96111], [80.8985889, 22.9618806], [80.8986103, 22.9625721], [80.8980739, 22.9648935], [80.897398, 22.9681732], [80.8968294, 22.972401], [80.8965789, 22.9732145], [80.8957887, 22.9760854], [80.8953273, 22.9780511], [80.8949411, 22.9805896], [80.8950376, 22.9815082], [80.8952844, 22.9822984], [80.8971351, 22.9848812], [80.8972156, 22.9853455], [80.8971405, 22.9859331], [80.8971673, 22.9861307], [80.8972585, 22.9862838], [80.8976984, 22.9865208], [80.8984494, 22.9869653], [80.8989429, 22.987469], [80.8995408, 22.9883957], [80.9002888, 22.9901084], [80.901078, 22.9918987], [80.9017968, 22.9936863], [80.9020007, 22.9956419], [80.9019685, 22.9964122], [80.901314, 22.9987627], [80.90124, 23.0001999], [80.901196, 23.0010539], [80.9012174, 23.0031772], [80.9017432, 23.0056363], [80.9030843, 23.008036], [80.9048974, 23.0111368], [80.9049404, 23.0121737], [80.9048545, 23.0129835], [80.9046399, 23.0137735], [80.9043288, 23.0144845], [80.9040177, 23.0149288], [80.9029663, 23.0155114], [80.9011423, 23.0159262], [80.8997261, 23.0158472], [80.897757, 23.0154084], [80.8949758, 23.0146846], [80.892055, 23.0139808], [80.8913684, 23.0138228], [80.8900702, 23.013734], [80.8883107, 23.0140203], [80.887109, 23.0142672], [80.8861434, 23.0146326], [80.8845556, 23.0158373], [80.8831608, 23.0169038], [80.8812833, 23.0185923], [80.8795452, 23.0203105], [80.8783007, 23.0216534], [80.8776891, 23.0220978], [80.8764231, 23.0226804], [80.8755433, 23.0233123], [80.8747816, 23.0240331], [80.873698, 23.0249119], [80.8730864, 23.0259882], [80.8726036, 23.0276075], [80.8724749, 23.0286147], [80.8723354, 23.0297995], [80.8718097, 23.0309646], [80.8707583, 23.033907], [80.8699965, 23.035773], [80.8695674, 23.036474], [80.8663809, 23.0398309], [80.8628511, 23.0439874], [80.861789, 23.044945], [80.8607161, 23.0457546], [80.8592945, 23.0470133], [80.859037, 23.0471713], [80.8575726, 23.0477242], [80.8571112, 23.0479364], [80.8568805, 23.0480746], [80.8564675, 23.0484794], [80.8554751, 23.0491112], [80.8542144, 23.0497875], [80.8537745, 23.0499158], [80.8525407, 23.0501429], [80.8520418, 23.0503749], [80.8511835, 23.0508833], [80.8498371, 23.0516385], [80.8460498, 23.0530404], [80.8448374, 23.0534352], [80.8392048, 23.0555873], [80.8378583, 23.0560464], [80.8369812, 23.0556688], [80.8366674, 23.0556318], [80.8363885, 23.0556589], [80.836198, 23.0557083], [80.8358815, 23.055997], [80.8357367, 23.0560834], [80.8354658, 23.0561698], [80.8344787, 23.0565794], [80.8341032, 23.0567769], [80.8327997, 23.0578085], [80.8320701, 23.058233], [80.8300638, 23.0589585], [80.8283955, 23.0594077], [80.8268559, 23.0597285], [80.8254397, 23.0598026], [80.8217972, 23.0589931], [80.8210033, 23.0586821], [80.8203113, 23.0582675], [80.819512, 23.0571767], [80.8192766, 23.0564371], [80.819125, 23.0557625], [80.8190024, 23.0552171], [80.8190668, 23.0539634], [80.8192921, 23.0529268], [80.8203864, 23.0501281], [80.8205849, 23.0497431], [80.8213735, 23.048509], [80.8225858, 23.0467813], [80.822913, 23.0464802], [80.8234334, 23.046184], [80.8238947, 23.0458138], [80.8246297, 23.0446538], [80.8249247, 23.0443527], [80.8249944, 23.0440516], [80.8249676, 23.0437801], [80.8247101, 23.0431827], [80.8246189, 23.0427928], [80.8245438, 23.0414254], [80.8243883, 23.0405121], [80.8239752, 23.0394113], [80.8236963, 23.0385178], [80.8232027, 23.037022], [80.8231544, 23.0364592], [80.8232188, 23.0359112], [80.8232832, 23.0356101], [80.8232832, 23.0343908], [80.8230686, 23.0337194], [80.8227146, 23.032969], [80.8226663, 23.0325493], [80.8227253, 23.0319125], [80.8234119, 23.0304512], [80.8240986, 23.0292071], [80.8253753, 23.0259685], [80.8259117, 23.0242405], [80.8265018, 23.0223841], [80.8266199, 23.0212782], [80.8266413, 23.0204586], [80.8263624, 23.0195403], [80.825429, 23.0185232], [80.825032, 23.018227], [80.8241093, 23.0178912], [80.8221459, 23.0176543], [80.8206439, 23.0177333], [80.8195388, 23.0179307], [80.8179939, 23.0184738], [80.8161485, 23.0193527], [80.8135307, 23.0207351], [80.8122003, 23.0215349], [80.8114922, 23.0217917], [80.8098507, 23.0219102], [80.8085096, 23.0217127], [80.8069539, 23.0210906], [80.805763, 23.0203303], [80.8050871, 23.0196785], [80.8047974, 23.0190564], [80.8045936, 23.0182665], [80.8044326, 23.017042], [80.804497, 23.0157682], [80.8049798, 23.014208], [80.8058381, 23.0122231], [80.806911, 23.0101098], [80.8084023, 23.0070978], [80.8097756, 23.0033649], [80.8103525, 23.0023163], [80.8109021, 23.0013008], [80.8112132, 23.0001355], [80.8112937, 22.9995084], [80.8111381, 22.9984368], [80.8110362, 22.9976813], [80.8107144, 22.9968566], [80.810473, 22.9963085], [80.8103764, 22.9959678], [80.8102262, 22.9945456], [80.8100706, 22.9939579], [80.8097863, 22.9931481], [80.8093679, 22.9925505], [80.8080268, 22.9905407], [80.8070397, 22.9891974], [80.8066857, 22.9887135], [80.8064604, 22.9886196], [80.8058757, 22.9884814], [80.8049476, 22.9883628], [80.8046257, 22.988269], [80.8041161, 22.9880122], [80.803687, 22.9879332], [80.8032632, 22.988037], [80.8028984, 22.9881604], [80.8020669, 22.9884517], [80.8012462, 22.9887135], [80.8007151, 22.9889011], [80.8002967, 22.9891283], [80.7993579, 22.9897999], [80.7986766, 22.990511], [80.7979953, 22.9912666], [80.7974642, 22.9922098], [80.7965738, 22.9934888], [80.7961553, 22.9940271], [80.7958817, 22.9945653], [80.7955974, 22.9959184], [80.7954606, 22.9969579], [80.7954445, 22.9973677], [80.7953614, 22.9977109], [80.7951522, 22.9984615], [80.7951254, 22.9988911], [80.7950932, 23.0004663], [80.7950771, 23.000807], [80.7949859, 23.0009897], [80.7944977, 23.0014885], [80.7921374, 23.0036315], [80.7912362, 23.0046685], [80.7909036, 23.004945], [80.7897127, 23.0056066], [80.7888919, 23.006214], [80.7875347, 23.0075472], [80.7856357, 23.0091865], [80.7853192, 23.009616], [80.7849812, 23.0104357], [80.7849061, 23.0107961], [80.784772, 23.0110035], [80.7844287, 23.0113393], [80.7839996, 23.0116701], [80.7833773, 23.0122428], [80.7822347, 23.0137142], [80.7813871, 23.0151856], [80.7808292, 23.0165088], [80.7795954, 23.0199649], [80.7788014, 23.0219102], [80.7779324, 23.0235493], [80.7774281, 23.0245762], [80.7760548, 23.0270645], [80.7744563, 23.0286542], [80.772348, 23.0296712], [80.7709747, 23.0300464], [80.7705188, 23.0300933], [80.7701889, 23.0300365], [80.7692742, 23.0295379], [80.7687432, 23.0292614], [80.7683971, 23.0290146], [80.7683033, 23.0288936], [80.7682952, 23.0288492], [80.768314, 23.0286517], [80.7682952, 23.0281975], [80.7679921, 23.0277754], [80.7670158, 23.0268472], [80.766812, 23.0266991], [80.7661629, 23.0264227], [80.7660019, 23.0262499], [80.7659429, 23.0260968], [80.7656586, 23.0246947], [80.7652026, 23.0233814], [80.7649022, 23.0213523], [80.7648915, 23.0207499], [80.7650042, 23.0199451], [80.765385, 23.0188886], [80.7660556, 23.0179159], [80.7662916, 23.0174321], [80.76671, 23.0166668], [80.7670212, 23.0152892], [80.7671982, 23.0145239], [80.7672197, 23.0141043], [80.7672144, 23.0140094], [80.7671553, 23.0129341], [80.7670265, 23.0122231], [80.7669032, 23.0119268], [80.7666349, 23.0115664], [80.7665116, 23.0112849], [80.7663506, 23.0103814], [80.7661897, 23.0087816], [80.7660007, 23.0079784], [80.7651168, 23.0060658], [80.7644302, 23.0049351], [80.763765, 23.0036957], [80.7630676, 23.0030735], [80.7603617, 23.0012695], [80.7583094, 22.9999281], [80.7570863, 22.9993553], [80.755394, 22.99878], [80.7531499, 22.9981267], [80.7505605, 22.9975264], [80.7490289, 22.9971233], [80.7480204, 22.9970443]]}}, {"type": "Feature", "properties": {"waterbody": "Narmada", "name": "Narmada Canal", "city": "Narmada Basin", "country": "India", "osm_id": 227699264}, "geometry": {"type": "LineString", "coordinates": [[73.5066245, 22.3491196], [73.5064533, 22.3505206]]}}, {"type": "Feature", "properties": {"waterbody": "Narmada", "name": "Narmada Canal", "city": "Narmada Basin", "country": "India", "osm_id": 227699265}, "geometry": {"type": "LineString", "coordinates": [[73.5064533, 22.3505206], [73.5063433, 22.3514212], [73.5062197, 22.3540935], [73.5069651, 22.3574934], [73.507566, 22.3611356], [73.506986, 22.3629699], [73.5023326, 22.3788948], [73.5004726, 22.3826927], [73.4972797, 22.3857631], [73.4943934, 22.3873823], [73.4914565, 22.3885335], [73.4871903, 22.3890696], [73.4793396, 22.3889027], [73.4760792, 22.3888334], [73.4740228, 22.3893758], [73.4691952, 22.390649], [73.4647468, 22.392153], [73.4628701, 22.3930389], [73.4598594, 22.3961546], [73.4572861, 22.4000653], [73.4561571, 22.401761], [73.4555421, 22.4026846], [73.453346, 22.404302], [73.4507571, 22.4067509], [73.4496741, 22.4077753], [73.4445337, 22.4132753], [73.4434116, 22.415601], [73.4425143, 22.4177558], [73.4396173, 22.4241686], [73.4386777, 22.4268905], [73.437995, 22.4299414], [73.4376002, 22.4321327], [73.4367322, 22.4369503], [73.4349436, 22.4399014], [73.4333192, 22.4419286], [73.4152872, 22.4596677], [73.41401, 22.4616741], [73.4134992, 22.4640346]]}}, {"type": "Feature", "properties": {"waterbody": "Narmada", "name": "Narmada Canal", "city": "Narmada Basin", "country": "India", "osm_id": 227763192}, "geometry": {"type": "LineString", "coordinates": [[73.7726732, 22.0588993], [73.7726511, 22.0595591]]}}, {"type": "Feature", "properties": {"waterbody": "Narmada", "name": "Narmada Canal", "city": "Narmada Basin", "country": "India", "osm_id": 227763193}, "geometry": {"type": "LineString", "coordinates": [[73.7629548, 22.0213708], [73.7628273, 22.0225523]]}}, {"type": "Feature", "properties": {"waterbody": "Narmada", "name": "Narmada Canal", "city": "Narmada Basin", "country": "India", "osm_id": 227763194}, "geometry": {"type": "LineString", "coordinates": [[73.7628273, 22.0225523], [73.7623369, 22.0273807], [73.7629988, 22.029954], [73.7631234, 22.0304384], [73.7657793, 22.0358739], [73.7719735, 22.0481807], [73.7729105, 22.0506075], [73.7728919, 22.0537439], [73.7726732, 22.0588993]]}}, {"type": "Feature", "properties": {"waterbody": "Narmada", "name": "Narmada Canal", "city": "Narmada Basin", "country": "India", "osm_id": 227763195}, "geometry": {"type": "LineString", "coordinates": [[73.7726511, 22.0595591], [73.7720338, 22.0645983], [73.7700311, 22.0682136], [73.7674253, 22.0708613], [73.7648007, 22.0729423], [73.759988, 22.0774237], [73.7585445, 22.0803283], [73.7580434, 22.0827707], [73.7581891, 22.0842605], [73.7586156, 22.0858776], [73.7592968, 22.087576], [73.760889, 22.0893305], [73.7612652, 22.0898713]]}}, {"type": "Feature", "properties": {"waterbody": "Narmada", "name": "Narmada Canal", "city": "Narmada Basin", "country": "India", "osm_id": 227764830}, "geometry": {"type": "LineString", "coordinates": [[73.770695, 22.1749535], [73.7708982, 22.1769874], [73.7709881, 22.179455], [73.7701191, 22.1827988], [73.768508, 22.186044], [73.7593346, 22.2050548], [73.7585668, 22.2078759], [73.758564, 22.2101079], [73.7584575, 22.2248281], [73.7580855, 22.2274179], [73.7573115, 22.2291462], [73.7564341, 22.2304948], [73.7542443, 22.2332845], [73.7505273, 22.2366287], [73.7475246, 22.2384253], [73.741966, 22.2401417], [73.7325014, 22.2432014], [73.7136277, 22.2493026], [73.7120203, 22.2500999], [73.7101794, 22.2515485], [73.7086852, 22.253851], [73.7081602, 22.2553578], [73.707513, 22.2572152]]}}, {"type": "Feature", "properties": {"waterbody": "Narmada", "name": "Narmada Canal", "city": "Narmada Basin", "country": "India", "osm_id": 227764831}, "geometry": {"type": "LineString", "coordinates": [[73.7705858, 22.1741996], [73.770695, 22.1749535]]}}, {"type": "Feature", "properties": {"waterbody": "Narmada", "name": "Narmada Canal", "city": "Narmada Basin", "country": "India", "osm_id": 227780699}, "geometry": {"type": "LineString", "coordinates": [[73.417174, 22.579746], [73.4175896, 22.5807035]]}}, {"type": "Feature", "properties": {"waterbody": "Narmada", "name": "Narmada Canal", "city": "Narmada Basin", "country": "India", "osm_id": 227780700}, "geometry": {"type": "LineString", "coordinates": [[73.4252064, 22.591878], [73.4267364, 22.5926038]]}}, {"type": "Feature", "properties": {"waterbody": "Narmada", "name": "Narmada Canal", "city": "Narmada Basin", "country": "India", "osm_id": 227780701}, "geometry": {"type": "LineString", "coordinates": [[73.4267364, 22.5926038], [73.4339183, 22.5972152], [73.435925, 22.5991876], [73.4367432, 22.6004022], [73.4371249, 22.6025564], [73.4371263, 22.6037036], [73.436506, 22.6067036], [73.4337265, 22.6178361], [73.430102, 22.6323513], [73.4288943, 22.6342582], [73.4246332, 22.6417702], [73.4240994, 22.6453174], [73.4243785, 22.6506469], [73.4248539, 22.6538907], [73.4264566, 22.658573], [73.4307983, 22.6700034], [73.4312592, 22.6722693], [73.4314369, 22.6740962], [73.4338057, 22.6978766], [73.4335372, 22.7001933], [73.4328067, 22.7024509], [73.4283832, 22.7113372]]}}, {"type": "Feature", "properties": {"waterbody": "Narmada", "name": "Narmada Canal", "city": "Narmada Basin", "country": "India", "osm_id": 227780702}, "geometry": {"type": "LineString", "coordinates": [[73.4175896, 22.5807035], [73.4190967, 22.5841125], [73.420894, 22.5881601], [73.4239717, 22.5912052], [73.4252064, 22.591878]]}}, {"type": "Feature", "properties": {"waterbody": "Narmada", "name": "Narmada Canal", "city": "Narmada Basin", "country": "India", "osm_id": 227783278}, "geometry": {"type": "LineString", "coordinates": [[73.427704, 22.7125205], [73.4259701, 22.7155412], [73.4250175, 22.7165862], [73.4081352, 22.7323944], [73.4064749, 22.7352214], [73.4059522, 22.7387453], [73.4059102, 22.7405594], [73.40565, 22.7517982], [73.4067068, 22.7547208], [73.408646, 22.7578354], [73.4189909, 22.7778551], [73.4213362, 22.781217], [73.4273035, 22.7892878], [73.4281908, 22.7912605], [73.4284415, 22.7939779], [73.4280215, 22.8036235]]}}, {"type": "Feature", "properties": {"waterbody": "Narmada", "name": "Narmada Canal", "city": "Narmada Basin", "country": "India", "osm_id": 227783279}, "geometry": {"type": "LineString", "coordinates": [[73.4283832, 22.7113372], [73.427704, 22.7125205]]}}, {"type": "Feature", "properties": {"waterbody": "Narmada", "name": "Narmada Canal", "city": "Narmada Basin", "country": "India", "osm_id": 227790012}, "geometry": {"type": "LineString", "coordinates": [[73.4280189, 22.8185175], [73.4280698, 22.834901], [73.4272839, 22.8375069], [73.4222393, 22.8437612], [73.4204796, 22.8453009], [73.4173306, 22.8466062], [73.4150974, 22.8470328], [73.4126645, 22.8468285], [73.3988475, 22.8431662], [73.3961262, 22.8434691], [73.391765, 22.8449759], [73.3851741, 22.8477796]]}}, {"type": "Feature", "properties": {"waterbody": "Narmada", "name": "Narmada Canal", "city": "Narmada Basin", "country": "India", "osm_id": 227790014}, "geometry": {"type": "LineString", "coordinates": [[73.4279568, 22.8166397], [73.4280189, 22.8185175]]}}, {"type": "Feature", "properties": {"waterbody": "Narmada", "name": "Narmada Canal", "city": "Narmada Basin", "country": "India", "osm_id": 228228800}, "geometry": {"type": "LineString", "coordinates": [[73.2422281, 22.8949167], [73.2361761, 22.8955908], [73.2324177, 22.8955959], [73.2305499, 22.8952746], [73.2255126, 22.8921608], [73.2192257, 22.888253], [73.2168978, 22.8873079], [73.2127351, 22.8873382], [73.1897443, 22.8892346], [73.1865679, 22.8902524], [73.1822868, 22.8921608], [73.1821916, 22.8922071], [73.1590206, 22.9034896], [73.136624, 22.9137594], [73.1329273, 22.9153274], [73.1197334, 22.9209238], [73.116068, 22.9220286], [73.10773, 22.9228922], [73.1047387, 22.9235631], [73.1019397, 22.9253431]]}}, {"type": "Feature", "properties": {"waterbody": "Narmada", "name": "Narmada Canal", "city": "Narmada Basin", "country": "India", "osm_id": 228228801}, "geometry": {"type": "LineString", "coordinates": [[73.2441137, 22.8947245], [73.2422281, 22.8949167]]}}, {"type": "Feature", "properties": {"waterbody": "Narmada", "name": "Narmada Canal", "city": "Narmada Basin", "country": "India", "osm_id": 228228802}, "geometry": {"type": "LineString", "coordinates": [[73.3219553, 22.8802578], [73.3205368, 22.8811325]]}}, {"type": "Feature", "properties": {"waterbody": "Narmada", "name": "Narmada Canal", "city": "Narmada Basin", "country": "India", "osm_id": 228228804}, "geometry": {"type": "LineString", "coordinates": [[73.3205368, 22.8811325], [73.3076877, 22.8889349], [73.305031, 22.8893632], [73.3020423, 22.8890572], [73.2998505, 22.8885677]]}}, {"type": "Feature", "properties": {"waterbody": "Narmada", "name": "Narmada Canal", "city": "Narmada Basin", "country": "India", "osm_id": 260814693}, "geometry": {"type": "LineString", "coordinates": [[73.7612652, 22.0898713], [73.7645857, 22.0948415], [73.7658049, 22.0987519], [73.7666944, 22.1019762], [73.7684676, 22.1084021], [73.771372, 22.1189313], [73.7723996, 22.1214645], [73.7736118, 22.1231048], [73.775186, 22.1245405], [73.7764167, 22.1254013]]}}, {"type": "Feature", "properties": {"waterbody": "Narmada", "name": "Narmada Canal", "city": "Narmada Basin", "country": "India", "osm_id": 398090803}, "geometry": {"type": "LineString", "coordinates": [[73.1332085, 21.7735651], [73.1333178, 21.7724262], [73.1333622, 21.7720645], [73.1333676, 21.7718204], [73.1333354, 21.7715763], [73.1332389, 21.7711628], [73.1330457, 21.7704454], [73.1328473, 21.7699224], [73.1324285, 21.7689906]]}}, {"type": "Feature", "properties": {"waterbody": "Narmada", "name": "Narmada Canal", "city": "Narmada Basin", "country": "India", "osm_id": 398091067}, "geometry": {"type": "LineString", "coordinates": [[73.1251407, 21.7826564], [73.1255792, 21.7844846], [73.1256221, 21.7845842], [73.125708, 21.784654], [73.1314801, 21.7869752], [73.1315736, 21.7870583]]}}, {"type": "Feature", "properties": {"waterbody": "Narmada", "name": "Narmada Canal", "city": "Narmada Basin", "country": "India", "osm_id": 582885984}, "geometry": {"type": "LineString", "coordinates": [[73.778575, 22.1269555], [73.7791602, 22.1273501], [73.781358, 22.1290533], [73.782897, 22.1315249], [73.7835509, 22.1333079], [73.7835325, 22.1351311], [73.7833917, 22.1366804], [73.7832086, 22.1373961], [73.7829182, 22.1381338], [73.7821509, 22.1397763], [73.7774701, 22.1489283], [73.7744015, 22.1549275], [73.7705795, 22.1623999], [73.7695958, 22.1647736], [73.7694012, 22.1668117], [73.7696653, 22.1684854], [73.7705858, 22.1741996]]}}, {"type": "Feature", "properties": {"waterbody": "Narmada", "name": "Narmada Canal", "city": "Narmada Basin", "country": "India", "osm_id": 613765087}, "geometry": {"type": "LineString", "coordinates": [[73.1316905, 21.7926396], [73.1316958, 21.7928784]]}}, {"type": "Feature", "properties": {"waterbody": "Narmada", "name": "Narmada Canal", "city": "Narmada Basin", "country": "India", "osm_id": 613765088}, "geometry": {"type": "LineString", "coordinates": [[73.1316958, 21.7928784], [73.1316824, 21.7932606], [73.1317483, 21.794427], [73.1315536, 21.7959354], [73.131169, 21.7984939], [73.131169, 21.7986682], [73.1312441, 21.7988176], [73.1313567, 21.7988924], [73.1314586, 21.7989521], [73.1331913, 21.7989571], [73.1333335, 21.7990692], [73.1334435, 21.7992385], [73.1335052, 21.7994153], [73.1335293, 21.799642], [73.1335293, 21.7998163], [73.133291, 21.8028464], [73.1332218, 21.8033618], [73.1332081, 21.8034311], [73.1331025, 21.8037696], [73.1328969, 21.8044264], [73.132699, 21.805046], [73.1325554, 21.805489], [73.1323625, 21.8059865]]}}, {"type": "Feature", "properties": {"waterbody": "Narmada", "name": "Narmada River", "city": "Narmada Basin", "country": "India", "osm_id": 798529770}, "geometry": {"type": "LineString", "coordinates": [[76.5926588, 22.2330944], [76.583805, 22.2322219], [76.5783763, 22.2318644], [76.5709948, 22.2317055], [76.5641498, 22.2317452], [76.5565967, 22.2322219], [76.5471553, 22.2326986], [76.5347098, 22.233652], [76.5250539, 22.2353999], [76.5183162, 22.2379422], [76.512308, 22.2407228], [76.5060424, 22.2449334], [76.5006351, 22.250812], [76.4967727, 22.2581202], [76.4934253, 22.2660635], [76.491537, 22.2718618], [76.4878034, 22.2773422], [76.4832544, 22.2807574], [76.4780616, 22.2820678]]}}, {"type": "Feature", "properties": {"waterbody": "Narmada", "name": "Narmada", "city": "Narmada Basin", "country": "India", "osm_id": 798529774}, "geometry": {"type": "LineString", "coordinates": [[76.4608425, 22.2936147], [76.4633361, 22.2946194], [76.4647686, 22.2951966], [76.4650905, 22.2954894], [76.4651442, 22.2958616], [76.465112, 22.2961495], [76.4651495, 22.2963431], [76.4656109, 22.2969933], [76.4658093, 22.2976733]]}}, {"type": "Feature", "properties": {"waterbody": "Narmada", "name": "Narmada River", "city": "Narmada Basin", "country": "India", "osm_id": 801310728}, "geometry": {"type": "LineString", "coordinates": [[74.0708781, 21.9315782], [74.0610499, 21.9286141], [74.0608549, 21.9285553], [74.053173, 21.9261667], [74.0459632, 21.9234197], [74.0393972, 21.9201949], [74.0313588, 21.9157841], [74.025321, 21.912471], [74.0213298, 21.9104856], [74.0051508, 21.9024373], [73.9858818, 21.8938364], [73.9738655, 21.8883411], [73.9660854, 21.8842727], [73.962214, 21.8822483], [73.9513349, 21.8765932], [73.9427518, 21.8714159], [73.9342117, 21.8662384], [73.9297056, 21.8632911], [73.9237833, 21.8607022], [73.9192634, 21.8596032], [73.9161658, 21.8588501], [73.9079046, 21.8579938], [73.8982486, 21.8575158], [73.8917952, 21.8560578], [73.8861465, 21.8523378], [73.8800954, 21.8468807], [73.8750743, 21.8436144], [73.8700962, 21.8421405], [73.8643026, 21.842021], [73.8502692, 21.8431762], [73.8385963, 21.8442916], [73.8333654, 21.8445093], [73.8290262, 21.8446899], [73.8207435, 21.8436542], [73.8135337, 21.8413438], [73.8070964, 21.8368026], [73.797183, 21.8277197], [73.7908744, 21.8254887], [73.7845229, 21.8250903], [73.776884, 21.8258074], [73.7689876, 21.8273213], [73.7611878, 21.8289845], [73.7574649, 21.8279388], [73.7536776, 21.8274209], [73.749724, 21.8274955]]}}, {"type": "Feature", "properties": {"waterbody": "Narmada", "name": "Narmada River", "city": "Narmada Basin", "country": "India", "osm_id": 801310729}, "geometry": {"type": "LineString", "coordinates": [[73.749724, 21.8274955], [73.745749, 21.8283919], [73.7457222, 21.8291638], [73.745293, 21.8297165], [73.7432921, 21.8298709], [73.7413609, 21.8298609], [73.739537, 21.8296817], [73.7345695, 21.8294526], [73.7327885, 21.829592], [73.7307501, 21.8297813], [73.728776, 21.8300701], [73.7271559, 21.8307872], [73.7260401, 21.8321217], [73.7249136, 21.8331774], [73.7238192, 21.8339144], [73.7225971, 21.8346571], [73.7208366, 21.835727], [73.7177709, 21.8376042], [73.7157726, 21.8392823], [73.7140882, 21.840328], [73.7119746, 21.8410649], [73.710376, 21.8418218], [73.7090886, 21.8428077], [73.7082463, 21.8437139], [73.7049901, 21.8464624], [73.7024796, 21.8491512], [73.7010312, 21.8513718], [73.6998081, 21.853234], [73.699277, 21.8539907], [73.6966324, 21.8578942], [73.6952376, 21.8607221], [73.6927056, 21.8661388], [73.6917186, 21.8689665], [73.6908254, 21.8708035], [73.689444, 21.8729094], [73.687427, 21.8755179], [73.684659, 21.8782061], [73.6812472, 21.8806354], [73.6783933, 21.8825668], [73.6750245, 21.8840403], [73.672471, 21.8847969], [73.6692095, 21.884996], [73.6662698, 21.8847969], [73.6620426, 21.8842593], [73.6592531, 21.8839407], [73.6585211, 21.8839446], [73.6565709, 21.8839606], [73.6515283, 21.8846177], [73.6467004, 21.8853345], [73.6412501, 21.8862305], [73.6391043, 21.8868876], [73.6349201, 21.8883212], [73.6321051, 21.8893238], [73.6306715, 21.8898344], [73.6263585, 21.8912281], [73.6219597, 21.8922635], [73.615458, 21.8937368], [73.6084199, 21.8960265], [73.6057806, 21.8973405], [73.6042304, 21.8985197], [73.6033988, 21.8991523], [73.601253, 21.9017006], [73.5985708, 21.9059014], [73.5971975, 21.9089473], [73.5954594, 21.9137849], [73.5939467, 21.9184232], [73.5928202, 21.9221755], [73.5922623, 21.9245841], [73.5917687, 21.9273709], [73.5918867, 21.9285354], [73.5921121, 21.9291923], [73.5921764, 21.9307747], [73.5920155, 21.9316804], [73.5918009, 21.932178], [73.5913074, 21.9327751], [73.5910392, 21.9330936], [73.5909641, 21.9335215], [73.591361, 21.9371939], [73.5910392, 21.9411547], [73.5903525, 21.9437621], [73.589108, 21.9457723], [73.5876059, 21.9475237], [73.5852027, 21.9496931], [73.5825634, 21.9509867], [73.5800957, 21.9517828], [73.5769415, 21.9529371], [73.5736799, 21.9536536], [73.5708689, 21.9540118], [73.5689056, 21.9542506], [73.5669637, 21.9550069], [73.5653651, 21.9562606], [73.5623932, 21.9588677], [73.5599899, 21.9610568], [73.5579514, 21.9624498], [73.5545397, 21.9654349], [73.5520613, 21.9678328], [73.5511386, 21.9691462], [73.5505485, 21.9702705], [73.5495615, 21.9723599], [73.5490465, 21.9734842], [73.5479307, 21.975305], [73.5459673, 21.9773744], [73.5440898, 21.9784489], [73.5420191, 21.9792846], [73.5383606, 21.9799015], [73.5341334, 21.9799214], [73.5308075, 21.9789862], [73.5275244, 21.9773346], [73.5250139, 21.9749667], [73.5221171, 21.9716635], [73.5192632, 21.9683602], [73.5162377, 21.9654747], [73.5129761, 21.9638628], [73.510015, 21.9628876], [73.506732, 21.9627682], [73.501389, 21.963624], [73.4976125, 21.9648379], [73.4891082, 21.9681502], [73.4854674, 21.9698128], [73.4833646, 21.9709272], [73.4814119, 21.9722803], [73.4795022, 21.973524], [73.4776354, 21.9746284], [73.4768844, 21.9753149], [73.476069, 21.9760611], [73.4748781, 21.9768471], [73.4726679, 21.978031], [73.471639, 21.9785955], [73.4713825, 21.9787362], [73.4706187, 21.9791553], [73.4676361, 21.9813739], [73.4657478, 21.9832045], [73.4651416, 21.9837567], [73.4644229, 21.9841121], [73.4637093, 21.9842143], [73.4629905, 21.9842292], [73.4625882, 21.9841397], [73.4620625, 21.9838711], [73.4614563, 21.9834731], [73.4607375, 21.9830851]]}}, {"type": "Feature", "properties": {"waterbody": "Narmada", "name": "Narmada River", "city": "Narmada Basin", "country": "India", "osm_id": 801310730}, "geometry": {"type": "LineString", "coordinates": [[73.1316519, 21.7406459], [73.128047, 21.7366795], [73.1233692, 21.7316566], [73.1198716, 21.7288062], [73.1137561, 21.7243411], [73.1088418, 21.7210466], [73.1054306, 21.7187596], [73.0960012, 21.7150159], [73.0889806, 21.713746], [73.0818358, 21.7135728], [73.0722679, 21.7153045], [73.0619545, 21.7164589], [73.0566358, 21.716806], [73.0541467, 21.7168857], [73.0480313, 21.7165667], [73.0454636, 21.7148405], [73.0450057, 21.7145933], [73.0383145, 21.7112861], [73.0327749, 21.7088119], [73.0325219, 21.7087], [73.0272243, 21.7063576], [73.0264862, 21.706013], [73.0231253, 21.7044436], [73.016982, 21.7015751], [73.0166963, 21.7014098], [73.0116936, 21.6985151], [73.0098152, 21.6974282], [73.0041933, 21.6927627], [73.000588, 21.6894866], [72.9983568, 21.6874591], [72.9926963, 21.6826572], [72.9877759, 21.6796677], [72.983991, 21.6781101], [72.9791247, 21.6766529], [72.9744476, 21.6757234], [72.9683648, 21.6751204], [72.9641744, 21.6750199], [72.9587403, 21.6747938], [72.9564829, 21.6746933], [72.9455279, 21.6742591], [72.9361724, 21.6740996], [72.9300784, 21.6740198], [72.9178047, 21.6763329], [72.9112815, 21.6776889], [72.894802, 21.6822351], [72.8845453, 21.6850665], [72.8779363, 21.6865021], [72.8727006, 21.6869806], [72.8645896, 21.6863027], [72.8602123, 21.6857045], [72.8534317, 21.6834713], [72.8472518, 21.6794037], [72.8417158, 21.6747775], [72.8367805, 21.6715471], [72.8303432, 21.6683565], [72.8226184, 21.6650862], [72.8186618, 21.6630782], [72.8108149, 21.6590958], [72.8063106, 21.6571092], [72.7985858, 21.6555935], [72.785325, 21.6572288], [72.7764415, 21.6598214], [72.7652406, 21.6648469], [72.7540397, 21.67059], [72.7469044, 21.6747641], [72.7400849, 21.6794652], [72.7357799, 21.6811575], [72.7306746, 21.6814795], [72.7237578, 21.6795387], [72.7154717, 21.6746389], [72.6838389, 21.651627], [72.6607779, 21.6387592], [72.6470069, 21.6326736], [72.6238804, 21.6224572], [72.6197035, 21.6179966], [72.6012697, 21.5983087], [72.5962813, 21.5929805]]}}, {"type": "Feature", "properties": {"waterbody": "Narmada", "name": "Narmada Canal", "city": "Narmada Basin", "country": "India", "osm_id": 912361150}, "geometry": {"type": "LineString", "coordinates": [[73.1284655, 21.7651508], [73.1283598, 21.7650503]]}}, {"type": "Feature", "properties": {"waterbody": "Narmada", "name": "Narmada Canal", "city": "Narmada Basin", "country": "India", "osm_id": 912361151}, "geometry": {"type": "LineString", "coordinates": [[73.1283598, 21.7650503], [73.1245963, 21.7614705], [73.1243978, 21.7612961], [73.1241243, 21.7610371], [73.122928, 21.7602549], [73.1148012, 21.7546754], [73.1144149, 21.7543466], [73.1142004, 21.7541074], [73.1140501, 21.7538384], [73.1139053, 21.7534498], [73.1125728, 21.7489625]]}}, {"type": "Feature", "properties": {"waterbody": "Narmada", "name": "Narmada Canal", "city": "Narmada Basin", "country": "India", "osm_id": 912361152}, "geometry": {"type": "LineString", "coordinates": [[73.1324285, 21.7689906], [73.1323904, 21.7689395]]}}, {"type": "Feature", "properties": {"waterbody": "Narmada", "name": "Narmada Canal", "city": "Narmada Basin", "country": "India", "osm_id": 912361153}, "geometry": {"type": "LineString", "coordinates": [[73.1323904, 21.7689395], [73.1321387, 21.7686446], [73.1284655, 21.7651508]]}}, {"type": "Feature", "properties": {"waterbody": "Narmada", "name": "Narmada Canal", "city": "Narmada Basin", "country": "India", "osm_id": 912737423}, "geometry": {"type": "LineString", "coordinates": [[73.131759, 21.7900071], [73.1316905, 21.7926396]]}}, {"type": "Feature", "properties": {"waterbody": "Narmada", "name": "Narmada Canal", "city": "Narmada Basin", "country": "India", "osm_id": 912737424}, "geometry": {"type": "LineString", "coordinates": [[73.1317625, 21.7899063], [73.131759, 21.7900071]]}}, {"type": "Feature", "properties": {"waterbody": "Narmada", "name": "Narmada Canal", "city": "Narmada Basin", "country": "India", "osm_id": 912777086}, "geometry": {"type": "LineString", "coordinates": [[73.1310035, 21.8091886], [73.1309267, 21.809357], [73.1271757, 21.817145], [73.1249333, 21.8217067], [73.1247939, 21.8220354], [73.1246222, 21.8226231], [73.1236888, 21.82587], [73.1234099, 21.826846], [73.123324, 21.8270154], [73.1230826, 21.8272892], [73.1215269, 21.829072], [73.1186194, 21.8321495], [73.1185389, 21.8322391], [73.1177407, 21.8315534]]}}, {"type": "Feature", "properties": {"waterbody": "Narmada", "name": "Narmada Canal", "city": "Narmada Basin", "country": "India", "osm_id": 912777087}, "geometry": {"type": "LineString", "coordinates": [[73.1310306, 21.809129], [73.1310035, 21.8091886]]}}, {"type": "Feature", "properties": {"waterbody": "Narmada", "name": "Narmada Canal", "city": "Narmada Basin", "country": "India", "osm_id": 912777102}, "geometry": {"type": "LineString", "coordinates": [[73.1323374, 21.806051], [73.1322889, 21.8061763], [73.1316683, 21.8077236], [73.1311472, 21.8088733], [73.1310306, 21.809129]]}}, {"type": "Feature", "properties": {"waterbody": "Narmada", "name": "Narmada Canal", "city": "Narmada Basin", "country": "India", "osm_id": 912777103}, "geometry": {"type": "LineString", "coordinates": [[73.1323625, 21.8059865], [73.1323374, 21.806051]]}}, {"type": "Feature", "properties": {"waterbody": "Narmada", "name": "Narmada Canal", "city": "Narmada Basin", "country": "India", "osm_id": 915028186}, "geometry": {"type": "LineString", "coordinates": [[73.1315736, 21.7870583], [73.1315981, 21.7870848]]}}, {"type": "Feature", "properties": {"waterbody": "Narmada", "name": "Narmada Canal", "city": "Narmada Basin", "country": "India", "osm_id": 915028187}, "geometry": {"type": "LineString", "coordinates": [[73.1315981, 21.7870848], [73.1316947, 21.7872044], [73.1317376, 21.7874036], [73.1317698, 21.7877025], [73.1317625, 21.7899063]]}}, {"type": "Feature", "properties": {"waterbody": "Narmada", "name": "Narmada Canal", "city": "Narmada Basin", "country": "India", "osm_id": 915028188}, "geometry": {"type": "LineString", "coordinates": [[73.1292207, 21.7784331], [73.1291716, 21.7784591]]}}, {"type": "Feature", "properties": {"waterbody": "Narmada", "name": "Narmada Canal", "city": "Narmada Basin", "country": "India", "osm_id": 915028189}, "geometry": {"type": "LineString", "coordinates": [[73.1310606, 21.7774457], [73.1292207, 21.7784331]]}}, {"type": "Feature", "properties": {"waterbody": "Narmada", "name": "Narmada Canal", "city": "Narmada Basin", "country": "India", "osm_id": 915028190}, "geometry": {"type": "LineString", "coordinates": [[73.1332049, 21.7736136], [73.1332085, 21.7735651]]}}, {"type": "Feature", "properties": {"waterbody": "Narmada", "name": "Narmada Canal", "city": "Narmada Basin", "country": "India", "osm_id": 915028191}, "geometry": {"type": "LineString", "coordinates": [[73.1310606, 21.7774457], [73.1320766, 21.7768991], [73.1324657, 21.7766411], [73.1327098, 21.7763285], [73.1327911, 21.7761617], [73.1328545, 21.775985], [73.1330185, 21.7749035], [73.1331668, 21.7737766], [73.1332049, 21.7736136]]}}, {"type": "Feature", "properties": {"waterbody": "Narmada", "name": "Narmada Canal", "city": "Narmada Basin", "country": "India", "osm_id": 915050098}, "geometry": {"type": "LineString", "coordinates": [[73.1251165, 21.7825556], [73.1251407, 21.7826564]]}}, {"type": "Feature", "properties": {"waterbody": "Narmada", "name": "Narmada Canal", "city": "Narmada Basin", "country": "India", "osm_id": 915050099}, "geometry": {"type": "LineString", "coordinates": [[73.1291716, 21.7784591], [73.124678, 21.7808332], [73.1246136, 21.780893], [73.1246297, 21.7809578], [73.1251165, 21.7825556]]}}, {"type": "Feature", "properties": {"waterbody": "Narmada", "name": "Narmada Canal", "city": "Narmada Basin", "country": "India", "osm_id": 934281250}, "geometry": {"type": "LineString", "coordinates": [[73.1177407, 21.8315534], [73.117639, 21.8314647]]}}, {"type": "Feature", "properties": {"waterbody": "Narmada", "name": "Narmada Canal", "city": "Narmada Basin", "country": "India", "osm_id": 934281251}, "geometry": {"type": "LineString", "coordinates": [[73.117639, 21.8314647], [73.1176113, 21.8314376]]}}, {"type": "Feature", "properties": {"waterbody": "Narmada", "name": "Narmada Canal", "city": "Narmada Basin", "country": "India", "osm_id": 984661480}, "geometry": {"type": "LineString", "coordinates": [[73.7566736, 21.8374648], [73.7559934, 21.8382277]]}}, {"type": "Feature", "properties": {"waterbody": "Narmada", "name": "Narmada Canal", "city": "Narmada Basin", "country": "India", "osm_id": 984661481}, "geometry": {"type": "LineString", "coordinates": [[73.7611878, 21.8289845], [73.759321, 21.8326595], [73.7585699, 21.8343426], [73.7573683, 21.8364141], [73.7566736, 21.8374648]]}}, {"type": "Feature", "properties": {"waterbody": "Narmada", "name": "Narmada Canal", "city": "Narmada Basin", "country": "India", "osm_id": 984669046}, "geometry": {"type": "LineString", "coordinates": [[73.7764167, 22.1254013], [73.778575, 22.1269555]]}}]}